
 /----------------------------------------------------------------------------\
 |  yosys -- Yosys Open SYnthesis Suite                                       |
 |  Copyright (C) 2012 - 2026  Claire Xenia Wolf <claire@yosyshq.com>         |
 |  Distributed under an ISC-like license, type "license" to see terms        |
 \----------------------------------------------------------------------------/
 Yosys 0.64+308 (git sha1 78e05dfb0, Release, GNU /usr/bin/c++ 13.3.0)

-- Running command `read_verilog -sv rtl/sv/generated/eval_core/AecEvalCore.sv; hierarchy -top AecGmemLsu; proc; opt; memory_dff; opt; stat' --

1. Executing Verilog-2005 frontend: rtl/sv/generated/eval_core/AecEvalCore.sv
Parsing SystemVerilog input from `rtl/sv/generated/eval_core/AecEvalCore.sv' to AST representation.
Generating RTLIL representation for module `\AecBankedSram32'.
Generating RTLIL representation for module `\AecInstructionSram'.
Generating RTLIL representation for module `\AecPredecoder'.
Generating RTLIL representation for module `\AecLaunchValidator'.
Generating RTLIL representation for module `\AecCtaBarrier'.
Generating RTLIL representation for module `\Queue'.
Generating RTLIL representation for module `\AecExternalMemoryEngine'.
Generating RTLIL representation for module `\Queue_1'.
Generating RTLIL representation for module `\Queue_2'.
Generating RTLIL representation for module `\AecLineCache'.
Generating RTLIL representation for module `\AecBankedSram32_4'.
Generating RTLIL representation for module `\AecPackedValidSram'.
Generating RTLIL representation for module `\AecLocalLsu'.
Generating RTLIL representation for module `\AecBankedSram32_7'.
Generating RTLIL representation for module `\AecRowInitializedGroup'.
Generating RTLIL representation for module `\AecRowInitializedBank'.
Generating RTLIL representation for module `\AecRegBank'.
Generating RTLIL representation for module `\AecScoreboard'.
Generating RTLIL representation for module `\AecIntAlu'.
Generating RTLIL representation for module `\AecIntWarpRequestStage'.
Generating RTLIL representation for module `\AecResultLaneBank'.
Generating RTLIL representation for module `\AecEightLaneIntUnit'.
Generating RTLIL representation for module `\BoothEncoderF64F32F16'.
Generating RTLIL representation for module `\CSA3to2'.
Generating RTLIL representation for module `\CSA4to2'.
Generating RTLIL representation for module `\CSA_Nto2With3to2MainPipeline'.
Generating RTLIL representation for module `\FloatFMA'.
Generating RTLIL representation for module `\Queue_3'.
Generating RTLIL representation for module `\YunSuanFmaPipe'.
Generating RTLIL representation for module `\CLZ'.
Generating RTLIL representation for module `\FPUpConverter'.
Generating RTLIL representation for module `\FPToFP'.
Generating RTLIL representation for module `\CompareRecFN'.
Generating RTLIL representation for module `\CompareRecFN_1'.
Generating RTLIL representation for module `\RoundingUnit'.
Generating RTLIL representation for module `\ShiftRightJam'.
Generating RTLIL representation for module `\FPDownConverter'.
Generating RTLIL representation for module `\FPToFP_5'.
Generating RTLIL representation for module `\CLZ_5'.
Generating RTLIL representation for module `\FPUpConverter_5'.
Generating RTLIL representation for module `\FPToFP_6'.
Generating RTLIL representation for module `\RoundingUnit_2'.
Generating RTLIL representation for module `\ShiftRightJam_1'.
Generating RTLIL representation for module `\FPDownConverter_1'.
Generating RTLIL representation for module `\FPToFP_7'.
Generating RTLIL representation for module `\AecFp32PipeUnit'.
Generating RTLIL representation for module `\AecFpWarpRequestStage'.
Generating RTLIL representation for module `\AecFp32Unit'.
Generating RTLIL representation for module `\FloatFMA_16'.
Generating RTLIL representation for module `\YunSuanFmaPipe_16'.
Generating RTLIL representation for module `\FPUpConverter_96'.
Generating RTLIL representation for module `\FPToFP_128'.
Generating RTLIL representation for module `\CLZ_99'.
Generating RTLIL representation for module `\FPUpConverter_99'.
Generating RTLIL representation for module `\FPToFP_131'.
Generating RTLIL representation for module `\CompareRecFN_34'.
Generating RTLIL representation for module `\ShiftRightJam_32'.
Generating RTLIL representation for module `\FPDownConverter_32'.
Generating RTLIL representation for module `\FPToFP_137'.
Generating RTLIL representation for module `\RoundingUnit_68'.
Generating RTLIL representation for module `\ShiftRightJam_34'.
Generating RTLIL representation for module `\FPDownConverter_34'.
Generating RTLIL representation for module `\FPToFP_139'.
Generating RTLIL representation for module `\AecFp64PipeUnit'.
Generating RTLIL representation for module `\AecFpWarpRequestStage_16'.
Generating RTLIL representation for module `\AecFp64Unit'.
Generating RTLIL representation for module `\AecIntDivider'.
Generating RTLIL representation for module `\RoundAnyRawFNToRecFN_ie8_is24_oe11_os53'.
Generating RTLIL representation for module `\RecFNToRecFN'.
Generating RTLIL representation for module `\DivSqrtRawFN_small_e11_s53'.
Generating RTLIL representation for module `\DivSqrtRecFMToRaw_small_e11_s53'.
Generating RTLIL representation for module `\RoundAnyRawFNToRecFN_ie11_is55_oe8_os24'.
Generating RTLIL representation for module `\RoundAnyRawFNToRecFN_ie11_is55_oe11_os53'.
Generating RTLIL representation for module `\RoundRawFNToRecFN_e11_s53'.
Generating RTLIL representation for module `\AecTransMultiplier'.
Generating RTLIL representation for module `\AecQ34ToF32'.
Generating RTLIL representation for module `\AecTranscendental'.
Generating RTLIL representation for module `\AESSFU'.
Generating RTLIL representation for module `\AecSfuWarpUnit'.
Generating RTLIL representation for module `\AecWarpRequestLaneBank'.
Generating RTLIL representation for module `\AecWarpRequestBuffer'.
Generating RTLIL representation for module `\AecClusterOperandSelect'.
Generating RTLIL representation for module `\AecPartitionBackend'.
Generating RTLIL representation for module `\RoundAnyRawFNToRecFN_ie6_is32_oe11_os53'.
Generating RTLIL representation for module `\INToRecFN_i32_e11_s53'.
Generating RTLIL representation for module `\RecFNToIN_e11_s53_i32'.
Generating RTLIL representation for module `\RecFNToIN_e11_s53_i8'.
Generating RTLIL representation for module `\AecConvertLane'.
Generating RTLIL representation for module `\AecGmemLineWord'.
Generating RTLIL representation for module `\AecGmemLsu'.
Generating RTLIL representation for module `\AecWarpRob'.
Generating RTLIL representation for module `\AecOperandStore'.
Generating RTLIL representation for module `\AecWritebackLaneScratch'.
Generating RTLIL representation for module `\AecUnsignedDivider8'.
Generating RTLIL representation for module `\AecCoordinateFabric'.
Generating RTLIL representation for module `\AecCompletionLaneStage'.
Generating RTLIL representation for module `\AecCompletionArbiter'.
Generating RTLIL representation for module `\AecResultStoreLane'.
Generating RTLIL representation for module `\AecResultStoreEntry'.
Generating RTLIL representation for module `\AecResultStoreReadLane'.
Generating RTLIL representation for module `\AecPartitionResultStore'.
Generating RTLIL representation for module `\AecCommitSelector'.
Generating RTLIL representation for module `\AecEvalCore'.
Successfully finished Verilog frontend.

2. Executing HIERARCHY pass (managing design hierarchy).

2.1. Analyzing design hierarchy..
Top module:  \AecGmemLsu
Used module:     \AecGmemLineWord

2.2. Analyzing design hierarchy..
Top module:  \AecGmemLsu
Used module:     \AecGmemLineWord
Removing unused module `\AecEvalCore'.
Removing unused module `\AecCommitSelector'.
Removing unused module `\AecPartitionResultStore'.
Removing unused module `\AecResultStoreReadLane'.
Removing unused module `\AecResultStoreEntry'.
Removing unused module `\AecResultStoreLane'.
Removing unused module `\AecCompletionArbiter'.
Removing unused module `\AecCompletionLaneStage'.
Removing unused module `\AecCoordinateFabric'.
Removing unused module `\AecUnsignedDivider8'.
Removing unused module `\AecWritebackLaneScratch'.
Removing unused module `\AecOperandStore'.
Removing unused module `\AecWarpRob'.
Removing unused module `\AecConvertLane'.
Removing unused module `\RecFNToIN_e11_s53_i8'.
Removing unused module `\RecFNToIN_e11_s53_i32'.
Removing unused module `\INToRecFN_i32_e11_s53'.
Removing unused module `\RoundAnyRawFNToRecFN_ie6_is32_oe11_os53'.
Removing unused module `\AecPartitionBackend'.
Removing unused module `\AecClusterOperandSelect'.
Removing unused module `\AecWarpRequestBuffer'.
Removing unused module `\AecWarpRequestLaneBank'.
Removing unused module `\AecSfuWarpUnit'.
Removing unused module `\AESSFU'.
Removing unused module `\AecTranscendental'.
Removing unused module `\AecQ34ToF32'.
Removing unused module `\AecTransMultiplier'.
Removing unused module `\RoundRawFNToRecFN_e11_s53'.
Removing unused module `\RoundAnyRawFNToRecFN_ie11_is55_oe11_os53'.
Removing unused module `\RoundAnyRawFNToRecFN_ie11_is55_oe8_os24'.
Removing unused module `\DivSqrtRecFMToRaw_small_e11_s53'.
Removing unused module `\DivSqrtRawFN_small_e11_s53'.
Removing unused module `\RecFNToRecFN'.
Removing unused module `\RoundAnyRawFNToRecFN_ie8_is24_oe11_os53'.
Removing unused module `\AecIntDivider'.
Removing unused module `\AecFp64Unit'.
Removing unused module `\AecFpWarpRequestStage_16'.
Removing unused module `\AecFp64PipeUnit'.
Removing unused module `\FPToFP_139'.
Removing unused module `\FPDownConverter_34'.
Removing unused module `\ShiftRightJam_34'.
Removing unused module `\RoundingUnit_68'.
Removing unused module `\FPToFP_137'.
Removing unused module `\FPDownConverter_32'.
Removing unused module `\ShiftRightJam_32'.
Removing unused module `\CompareRecFN_34'.
Removing unused module `\FPToFP_131'.
Removing unused module `\FPUpConverter_99'.
Removing unused module `\CLZ_99'.
Removing unused module `\FPToFP_128'.
Removing unused module `\FPUpConverter_96'.
Removing unused module `\YunSuanFmaPipe_16'.
Removing unused module `\FloatFMA_16'.
Removing unused module `\AecFp32Unit'.
Removing unused module `\AecFpWarpRequestStage'.
Removing unused module `\AecFp32PipeUnit'.
Removing unused module `\FPToFP_7'.
Removing unused module `\FPDownConverter_1'.
Removing unused module `\ShiftRightJam_1'.
Removing unused module `\RoundingUnit_2'.
Removing unused module `\FPToFP_6'.
Removing unused module `\FPUpConverter_5'.
Removing unused module `\CLZ_5'.
Removing unused module `\FPToFP_5'.
Removing unused module `\FPDownConverter'.
Removing unused module `\ShiftRightJam'.
Removing unused module `\RoundingUnit'.
Removing unused module `\CompareRecFN_1'.
Removing unused module `\CompareRecFN'.
Removing unused module `\FPToFP'.
Removing unused module `\FPUpConverter'.
Removing unused module `\CLZ'.
Removing unused module `\YunSuanFmaPipe'.
Removing unused module `\Queue_3'.
Removing unused module `\FloatFMA'.
Removing unused module `\CSA_Nto2With3to2MainPipeline'.
Removing unused module `\CSA4to2'.
Removing unused module `\CSA3to2'.
Removing unused module `\BoothEncoderF64F32F16'.
Removing unused module `\AecEightLaneIntUnit'.
Removing unused module `\AecResultLaneBank'.
Removing unused module `\AecIntWarpRequestStage'.
Removing unused module `\AecIntAlu'.
Removing unused module `\AecScoreboard'.
Removing unused module `\AecRegBank'.
Removing unused module `\AecRowInitializedBank'.
Removing unused module `\AecRowInitializedGroup'.
Removing unused module `\AecBankedSram32_7'.
Removing unused module `\AecLocalLsu'.
Removing unused module `\AecPackedValidSram'.
Removing unused module `\AecBankedSram32_4'.
Removing unused module `\AecLineCache'.
Removing unused module `\Queue_2'.
Removing unused module `\Queue_1'.
Removing unused module `\AecExternalMemoryEngine'.
Removing unused module `\Queue'.
Removing unused module `\AecCtaBarrier'.
Removing unused module `\AecLaunchValidator'.
Removing unused module `\AecPredecoder'.
Removing unused module `\AecInstructionSram'.
Removing unused module `\AecBankedSram32'.
Removed 101 unused modules.

3. Executing PROC pass (convert processes to netlists).

3.1. Executing PROC_CLEAN pass (remove empty switches from decision trees).
Cleaned up 0 empty switches.

3.2. Executing PROC_RMDEAD pass (remove dead branches from decision trees).
Marked 2 switch rules as full_case in process $proc$rtl/sv/generated/eval_core/AecEvalCore.sv:52417$20301 in module AecGmemLsu.
Marked 4 switch rules as full_case in process $proc$rtl/sv/generated/eval_core/AecEvalCore.sv:52400$20299 in module AecGmemLsu.
Marked 4 switch rules as full_case in process $proc$rtl/sv/generated/eval_core/AecEvalCore.sv:52383$20297 in module AecGmemLsu.
Marked 4 switch rules as full_case in process $proc$rtl/sv/generated/eval_core/AecEvalCore.sv:52366$20295 in module AecGmemLsu.
Marked 4 switch rules as full_case in process $proc$rtl/sv/generated/eval_core/AecEvalCore.sv:52349$20293 in module AecGmemLsu.
Marked 4 switch rules as full_case in process $proc$rtl/sv/generated/eval_core/AecEvalCore.sv:52332$20291 in module AecGmemLsu.
Marked 4 switch rules as full_case in process $proc$rtl/sv/generated/eval_core/AecEvalCore.sv:52315$20289 in module AecGmemLsu.
Marked 4 switch rules as full_case in process $proc$rtl/sv/generated/eval_core/AecEvalCore.sv:52298$20287 in module AecGmemLsu.
Marked 4 switch rules as full_case in process $proc$rtl/sv/generated/eval_core/AecEvalCore.sv:52281$20285 in module AecGmemLsu.
Marked 4 switch rules as full_case in process $proc$rtl/sv/generated/eval_core/AecEvalCore.sv:52264$20283 in module AecGmemLsu.
Marked 4 switch rules as full_case in process $proc$rtl/sv/generated/eval_core/AecEvalCore.sv:52247$20281 in module AecGmemLsu.
Marked 4 switch rules as full_case in process $proc$rtl/sv/generated/eval_core/AecEvalCore.sv:52230$20279 in module AecGmemLsu.
Marked 4 switch rules as full_case in process $proc$rtl/sv/generated/eval_core/AecEvalCore.sv:52213$20277 in module AecGmemLsu.
Marked 4 switch rules as full_case in process $proc$rtl/sv/generated/eval_core/AecEvalCore.sv:52196$20275 in module AecGmemLsu.
Marked 4 switch rules as full_case in process $proc$rtl/sv/generated/eval_core/AecEvalCore.sv:52179$20273 in module AecGmemLsu.
Marked 4 switch rules as full_case in process $proc$rtl/sv/generated/eval_core/AecEvalCore.sv:52162$20271 in module AecGmemLsu.
Marked 4 switch rules as full_case in process $proc$rtl/sv/generated/eval_core/AecEvalCore.sv:52145$20269 in module AecGmemLsu.
Marked 4 switch rules as full_case in process $proc$rtl/sv/generated/eval_core/AecEvalCore.sv:52128$20267 in module AecGmemLsu.
Marked 4 switch rules as full_case in process $proc$rtl/sv/generated/eval_core/AecEvalCore.sv:52111$20265 in module AecGmemLsu.
Marked 3 switch rules as full_case in process $proc$rtl/sv/generated/eval_core/AecEvalCore.sv:52098$20262 in module AecGmemLsu.
Marked 3 switch rules as full_case in process $proc$rtl/sv/generated/eval_core/AecEvalCore.sv:52085$20259 in module AecGmemLsu.
Marked 3 switch rules as full_case in process $proc$rtl/sv/generated/eval_core/AecEvalCore.sv:52072$20256 in module AecGmemLsu.
Marked 3 switch rules as full_case in process $proc$rtl/sv/generated/eval_core/AecEvalCore.sv:52059$20253 in module AecGmemLsu.
Marked 3 switch rules as full_case in process $proc$rtl/sv/generated/eval_core/AecEvalCore.sv:52046$20250 in module AecGmemLsu.
Marked 3 switch rules as full_case in process $proc$rtl/sv/generated/eval_core/AecEvalCore.sv:52033$20247 in module AecGmemLsu.
Marked 3 switch rules as full_case in process $proc$rtl/sv/generated/eval_core/AecEvalCore.sv:52020$20244 in module AecGmemLsu.
Marked 3 switch rules as full_case in process $proc$rtl/sv/generated/eval_core/AecEvalCore.sv:52007$20241 in module AecGmemLsu.
Marked 3 switch rules as full_case in process $proc$rtl/sv/generated/eval_core/AecEvalCore.sv:51994$20238 in module AecGmemLsu.
Marked 3 switch rules as full_case in process $proc$rtl/sv/generated/eval_core/AecEvalCore.sv:51981$20235 in module AecGmemLsu.
Marked 3 switch rules as full_case in process $proc$rtl/sv/generated/eval_core/AecEvalCore.sv:51968$20232 in module AecGmemLsu.
Marked 3 switch rules as full_case in process $proc$rtl/sv/generated/eval_core/AecEvalCore.sv:51955$20229 in module AecGmemLsu.
Marked 3 switch rules as full_case in process $proc$rtl/sv/generated/eval_core/AecEvalCore.sv:51942$20226 in module AecGmemLsu.
Marked 3 switch rules as full_case in process $proc$rtl/sv/generated/eval_core/AecEvalCore.sv:51929$20223 in module AecGmemLsu.
Marked 3 switch rules as full_case in process $proc$rtl/sv/generated/eval_core/AecEvalCore.sv:51916$20220 in module AecGmemLsu.
Marked 3 switch rules as full_case in process $proc$rtl/sv/generated/eval_core/AecEvalCore.sv:51903$20217 in module AecGmemLsu.
Marked 3 switch rules as full_case in process $proc$rtl/sv/generated/eval_core/AecEvalCore.sv:51890$20214 in module AecGmemLsu.
Marked 3 switch rules as full_case in process $proc$rtl/sv/generated/eval_core/AecEvalCore.sv:51877$20211 in module AecGmemLsu.
Marked 3 switch rules as full_case in process $proc$rtl/sv/generated/eval_core/AecEvalCore.sv:51864$20208 in module AecGmemLsu.
Marked 3 switch rules as full_case in process $proc$rtl/sv/generated/eval_core/AecEvalCore.sv:51851$20205 in module AecGmemLsu.
Marked 3 switch rules as full_case in process $proc$rtl/sv/generated/eval_core/AecEvalCore.sv:51838$20202 in module AecGmemLsu.
Marked 3 switch rules as full_case in process $proc$rtl/sv/generated/eval_core/AecEvalCore.sv:51825$20199 in module AecGmemLsu.
Marked 3 switch rules as full_case in process $proc$rtl/sv/generated/eval_core/AecEvalCore.sv:51812$20196 in module AecGmemLsu.
Marked 3 switch rules as full_case in process $proc$rtl/sv/generated/eval_core/AecEvalCore.sv:51799$20193 in module AecGmemLsu.
Marked 3 switch rules as full_case in process $proc$rtl/sv/generated/eval_core/AecEvalCore.sv:51786$20190 in module AecGmemLsu.
Marked 3 switch rules as full_case in process $proc$rtl/sv/generated/eval_core/AecEvalCore.sv:51773$20187 in module AecGmemLsu.
Marked 3 switch rules as full_case in process $proc$rtl/sv/generated/eval_core/AecEvalCore.sv:51760$20184 in module AecGmemLsu.
Marked 3 switch rules as full_case in process $proc$rtl/sv/generated/eval_core/AecEvalCore.sv:51747$20181 in module AecGmemLsu.
Marked 3 switch rules as full_case in process $proc$rtl/sv/generated/eval_core/AecEvalCore.sv:51734$20178 in module AecGmemLsu.
Marked 3 switch rules as full_case in process $proc$rtl/sv/generated/eval_core/AecEvalCore.sv:51721$20175 in module AecGmemLsu.
Marked 3 switch rules as full_case in process $proc$rtl/sv/generated/eval_core/AecEvalCore.sv:51708$20172 in module AecGmemLsu.
Marked 3 switch rules as full_case in process $proc$rtl/sv/generated/eval_core/AecEvalCore.sv:51695$20169 in module AecGmemLsu.
Marked 5 switch rules as full_case in process $proc$rtl/sv/generated/eval_core/AecEvalCore.sv:51678$20167 in module AecGmemLsu.
Marked 3 switch rules as full_case in process $proc$rtl/sv/generated/eval_core/AecEvalCore.sv:51665$20163 in module AecGmemLsu.
Marked 5 switch rules as full_case in process $proc$rtl/sv/generated/eval_core/AecEvalCore.sv:51648$20161 in module AecGmemLsu.
Marked 5 switch rules as full_case in process $proc$rtl/sv/generated/eval_core/AecEvalCore.sv:51629$20158 in module AecGmemLsu.
Marked 1 switch rules as full_case in process $proc$rtl/sv/generated/eval_core/AecEvalCore.sv:51622$20156 in module AecGmemLsu.
Marked 1 switch rules as full_case in process $proc$rtl/sv/generated/eval_core/AecEvalCore.sv:51615$20154 in module AecGmemLsu.
Marked 1 switch rules as full_case in process $proc$rtl/sv/generated/eval_core/AecEvalCore.sv:51608$20152 in module AecGmemLsu.
Marked 1 switch rules as full_case in process $proc$rtl/sv/generated/eval_core/AecEvalCore.sv:51601$20150 in module AecGmemLsu.
Marked 1 switch rules as full_case in process $proc$rtl/sv/generated/eval_core/AecEvalCore.sv:51594$20148 in module AecGmemLsu.
Marked 1 switch rules as full_case in process $proc$rtl/sv/generated/eval_core/AecEvalCore.sv:51587$20146 in module AecGmemLsu.
Marked 1 switch rules as full_case in process $proc$rtl/sv/generated/eval_core/AecEvalCore.sv:51580$20144 in module AecGmemLsu.
Marked 2 switch rules as full_case in process $proc$rtl/sv/generated/eval_core/AecEvalCore.sv:51571$20143 in module AecGmemLsu.
Marked 3 switch rules as full_case in process $proc$rtl/sv/generated/eval_core/AecEvalCore.sv:51558$20140 in module AecGmemLsu.
Marked 6 switch rules as full_case in process $proc$rtl/sv/generated/eval_core/AecEvalCore.sv:51537$20137 in module AecGmemLsu.
Marked 5 switch rules as full_case in process $proc$rtl/sv/generated/eval_core/AecEvalCore.sv:51518$20134 in module AecGmemLsu.
Marked 1 switch rules as full_case in process $proc$rtl/sv/generated/eval_core/AecEvalCore.sv:51511$20132 in module AecGmemLsu.
Marked 5 switch rules as full_case in process $proc$rtl/sv/generated/eval_core/AecEvalCore.sv:51492$20128 in module AecGmemLsu.
Marked 1 switch rules as full_case in process $proc$rtl/sv/generated/eval_core/AecEvalCore.sv:51485$20126 in module AecGmemLsu.
Marked 1 switch rules as full_case in process $proc$rtl/sv/generated/eval_core/AecEvalCore.sv:51478$20124 in module AecGmemLsu.
Marked 1 switch rules as full_case in process $proc$rtl/sv/generated/eval_core/AecEvalCore.sv:51471$20122 in module AecGmemLsu.
Marked 1 switch rules as full_case in process $proc$rtl/sv/generated/eval_core/AecEvalCore.sv:51464$20120 in module AecGmemLsu.
Marked 1 switch rules as full_case in process $proc$rtl/sv/generated/eval_core/AecEvalCore.sv:51457$20118 in module AecGmemLsu.
Marked 1 switch rules as full_case in process $proc$rtl/sv/generated/eval_core/AecEvalCore.sv:51450$20116 in module AecGmemLsu.
Marked 1 switch rules as full_case in process $proc$rtl/sv/generated/eval_core/AecEvalCore.sv:51443$20114 in module AecGmemLsu.
Marked 1 switch rules as full_case in process $proc$rtl/sv/generated/eval_core/AecEvalCore.sv:51436$20112 in module AecGmemLsu.
Marked 1 switch rules as full_case in process $proc$rtl/sv/generated/eval_core/AecEvalCore.sv:51429$20110 in module AecGmemLsu.
Marked 1 switch rules as full_case in process $proc$rtl/sv/generated/eval_core/AecEvalCore.sv:51422$20108 in module AecGmemLsu.
Marked 1 switch rules as full_case in process $proc$rtl/sv/generated/eval_core/AecEvalCore.sv:51415$20106 in module AecGmemLsu.
Marked 1 switch rules as full_case in process $proc$rtl/sv/generated/eval_core/AecEvalCore.sv:51408$20104 in module AecGmemLsu.
Marked 1 switch rules as full_case in process $proc$rtl/sv/generated/eval_core/AecEvalCore.sv:51401$20102 in module AecGmemLsu.
Marked 1 switch rules as full_case in process $proc$rtl/sv/generated/eval_core/AecEvalCore.sv:51394$20100 in module AecGmemLsu.
Marked 1 switch rules as full_case in process $proc$rtl/sv/generated/eval_core/AecEvalCore.sv:51387$20098 in module AecGmemLsu.
Marked 1 switch rules as full_case in process $proc$rtl/sv/generated/eval_core/AecEvalCore.sv:51380$20096 in module AecGmemLsu.
Marked 1 switch rules as full_case in process $proc$rtl/sv/generated/eval_core/AecEvalCore.sv:51373$20094 in module AecGmemLsu.
Marked 1 switch rules as full_case in process $proc$rtl/sv/generated/eval_core/AecEvalCore.sv:51366$20092 in module AecGmemLsu.
Marked 1 switch rules as full_case in process $proc$rtl/sv/generated/eval_core/AecEvalCore.sv:51359$20090 in module AecGmemLsu.
Marked 1 switch rules as full_case in process $proc$rtl/sv/generated/eval_core/AecEvalCore.sv:51352$20088 in module AecGmemLsu.
Marked 1 switch rules as full_case in process $proc$rtl/sv/generated/eval_core/AecEvalCore.sv:51345$20086 in module AecGmemLsu.
Marked 1 switch rules as full_case in process $proc$rtl/sv/generated/eval_core/AecEvalCore.sv:51338$20084 in module AecGmemLsu.
Marked 1 switch rules as full_case in process $proc$rtl/sv/generated/eval_core/AecEvalCore.sv:51331$20082 in module AecGmemLsu.
Marked 1 switch rules as full_case in process $proc$rtl/sv/generated/eval_core/AecEvalCore.sv:51324$20080 in module AecGmemLsu.
Marked 1 switch rules as full_case in process $proc$rtl/sv/generated/eval_core/AecEvalCore.sv:51317$20078 in module AecGmemLsu.
Marked 1 switch rules as full_case in process $proc$rtl/sv/generated/eval_core/AecEvalCore.sv:51310$20076 in module AecGmemLsu.
Marked 1 switch rules as full_case in process $proc$rtl/sv/generated/eval_core/AecEvalCore.sv:51303$20074 in module AecGmemLsu.
Marked 1 switch rules as full_case in process $proc$rtl/sv/generated/eval_core/AecEvalCore.sv:51296$20072 in module AecGmemLsu.
Marked 1 switch rules as full_case in process $proc$rtl/sv/generated/eval_core/AecEvalCore.sv:51289$20070 in module AecGmemLsu.
Marked 1 switch rules as full_case in process $proc$rtl/sv/generated/eval_core/AecEvalCore.sv:51282$20068 in module AecGmemLsu.
Marked 1 switch rules as full_case in process $proc$rtl/sv/generated/eval_core/AecEvalCore.sv:51275$20066 in module AecGmemLsu.
Marked 1 switch rules as full_case in process $proc$rtl/sv/generated/eval_core/AecEvalCore.sv:51268$20064 in module AecGmemLsu.
Marked 1 switch rules as full_case in process $proc$rtl/sv/generated/eval_core/AecEvalCore.sv:51261$20062 in module AecGmemLsu.
Marked 1 switch rules as full_case in process $proc$rtl/sv/generated/eval_core/AecEvalCore.sv:51254$20060 in module AecGmemLsu.
Marked 1 switch rules as full_case in process $proc$rtl/sv/generated/eval_core/AecEvalCore.sv:51247$20058 in module AecGmemLsu.
Marked 1 switch rules as full_case in process $proc$rtl/sv/generated/eval_core/AecEvalCore.sv:51240$20056 in module AecGmemLsu.
Marked 1 switch rules as full_case in process $proc$rtl/sv/generated/eval_core/AecEvalCore.sv:51233$20054 in module AecGmemLsu.
Marked 1 switch rules as full_case in process $proc$rtl/sv/generated/eval_core/AecEvalCore.sv:51226$20052 in module AecGmemLsu.
Marked 1 switch rules as full_case in process $proc$rtl/sv/generated/eval_core/AecEvalCore.sv:51219$20050 in module AecGmemLsu.
Marked 1 switch rules as full_case in process $proc$rtl/sv/generated/eval_core/AecEvalCore.sv:51212$20048 in module AecGmemLsu.
Marked 1 switch rules as full_case in process $proc$rtl/sv/generated/eval_core/AecEvalCore.sv:51205$20046 in module AecGmemLsu.
Marked 1 switch rules as full_case in process $proc$rtl/sv/generated/eval_core/AecEvalCore.sv:51198$20044 in module AecGmemLsu.
Marked 1 switch rules as full_case in process $proc$rtl/sv/generated/eval_core/AecEvalCore.sv:51191$20042 in module AecGmemLsu.
Marked 1 switch rules as full_case in process $proc$rtl/sv/generated/eval_core/AecEvalCore.sv:51184$20040 in module AecGmemLsu.
Marked 1 switch rules as full_case in process $proc$rtl/sv/generated/eval_core/AecEvalCore.sv:51177$20038 in module AecGmemLsu.
Marked 1 switch rules as full_case in process $proc$rtl/sv/generated/eval_core/AecEvalCore.sv:51170$20036 in module AecGmemLsu.
Marked 1 switch rules as full_case in process $proc$rtl/sv/generated/eval_core/AecEvalCore.sv:51163$20034 in module AecGmemLsu.
Marked 1 switch rules as full_case in process $proc$rtl/sv/generated/eval_core/AecEvalCore.sv:51156$20032 in module AecGmemLsu.
Marked 1 switch rules as full_case in process $proc$rtl/sv/generated/eval_core/AecEvalCore.sv:51149$20030 in module AecGmemLsu.
Marked 1 switch rules as full_case in process $proc$rtl/sv/generated/eval_core/AecEvalCore.sv:51142$20028 in module AecGmemLsu.
Marked 1 switch rules as full_case in process $proc$rtl/sv/generated/eval_core/AecEvalCore.sv:51135$20026 in module AecGmemLsu.
Marked 1 switch rules as full_case in process $proc$rtl/sv/generated/eval_core/AecEvalCore.sv:51128$20024 in module AecGmemLsu.
Marked 1 switch rules as full_case in process $proc$rtl/sv/generated/eval_core/AecEvalCore.sv:51121$20022 in module AecGmemLsu.
Marked 1 switch rules as full_case in process $proc$rtl/sv/generated/eval_core/AecEvalCore.sv:51114$20020 in module AecGmemLsu.
Marked 1 switch rules as full_case in process $proc$rtl/sv/generated/eval_core/AecEvalCore.sv:51107$20018 in module AecGmemLsu.
Marked 1 switch rules as full_case in process $proc$rtl/sv/generated/eval_core/AecEvalCore.sv:51100$20016 in module AecGmemLsu.
Marked 1 switch rules as full_case in process $proc$rtl/sv/generated/eval_core/AecEvalCore.sv:51093$20014 in module AecGmemLsu.
Marked 1 switch rules as full_case in process $proc$rtl/sv/generated/eval_core/AecEvalCore.sv:51086$20012 in module AecGmemLsu.
Marked 1 switch rules as full_case in process $proc$rtl/sv/generated/eval_core/AecEvalCore.sv:51079$20010 in module AecGmemLsu.
Marked 1 switch rules as full_case in process $proc$rtl/sv/generated/eval_core/AecEvalCore.sv:51072$20008 in module AecGmemLsu.
Marked 1 switch rules as full_case in process $proc$rtl/sv/generated/eval_core/AecEvalCore.sv:51065$20006 in module AecGmemLsu.
Marked 1 switch rules as full_case in process $proc$rtl/sv/generated/eval_core/AecEvalCore.sv:51058$20004 in module AecGmemLsu.
Marked 1 switch rules as full_case in process $proc$rtl/sv/generated/eval_core/AecEvalCore.sv:51051$20002 in module AecGmemLsu.
Marked 1 switch rules as full_case in process $proc$rtl/sv/generated/eval_core/AecEvalCore.sv:51044$20000 in module AecGmemLsu.
Marked 1 switch rules as full_case in process $proc$rtl/sv/generated/eval_core/AecEvalCore.sv:51037$19998 in module AecGmemLsu.
Marked 1 switch rules as full_case in process $proc$rtl/sv/generated/eval_core/AecEvalCore.sv:51030$19996 in module AecGmemLsu.
Marked 1 switch rules as full_case in process $proc$rtl/sv/generated/eval_core/AecEvalCore.sv:51023$19994 in module AecGmemLsu.
Marked 1 switch rules as full_case in process $proc$rtl/sv/generated/eval_core/AecEvalCore.sv:51016$19992 in module AecGmemLsu.
Marked 1 switch rules as full_case in process $proc$rtl/sv/generated/eval_core/AecEvalCore.sv:51009$19990 in module AecGmemLsu.
Marked 1 switch rules as full_case in process $proc$rtl/sv/generated/eval_core/AecEvalCore.sv:51002$19988 in module AecGmemLsu.
Marked 1 switch rules as full_case in process $proc$rtl/sv/generated/eval_core/AecEvalCore.sv:50995$19986 in module AecGmemLsu.
Marked 1 switch rules as full_case in process $proc$rtl/sv/generated/eval_core/AecEvalCore.sv:50988$19984 in module AecGmemLsu.
Marked 1 switch rules as full_case in process $proc$rtl/sv/generated/eval_core/AecEvalCore.sv:50981$19982 in module AecGmemLsu.
Marked 1 switch rules as full_case in process $proc$rtl/sv/generated/eval_core/AecEvalCore.sv:50974$19980 in module AecGmemLsu.
Marked 1 switch rules as full_case in process $proc$rtl/sv/generated/eval_core/AecEvalCore.sv:50967$19978 in module AecGmemLsu.
Marked 1 switch rules as full_case in process $proc$rtl/sv/generated/eval_core/AecEvalCore.sv:50960$19976 in module AecGmemLsu.
Marked 1 switch rules as full_case in process $proc$rtl/sv/generated/eval_core/AecEvalCore.sv:50953$19974 in module AecGmemLsu.
Marked 1 switch rules as full_case in process $proc$rtl/sv/generated/eval_core/AecEvalCore.sv:50946$19972 in module AecGmemLsu.
Marked 1 switch rules as full_case in process $proc$rtl/sv/generated/eval_core/AecEvalCore.sv:50939$19970 in module AecGmemLsu.
Marked 1 switch rules as full_case in process $proc$rtl/sv/generated/eval_core/AecEvalCore.sv:50932$19968 in module AecGmemLsu.
Marked 1 switch rules as full_case in process $proc$rtl/sv/generated/eval_core/AecEvalCore.sv:50925$19966 in module AecGmemLsu.
Marked 1 switch rules as full_case in process $proc$rtl/sv/generated/eval_core/AecEvalCore.sv:50918$19964 in module AecGmemLsu.
Marked 1 switch rules as full_case in process $proc$rtl/sv/generated/eval_core/AecEvalCore.sv:50911$19962 in module AecGmemLsu.
Marked 1 switch rules as full_case in process $proc$rtl/sv/generated/eval_core/AecEvalCore.sv:50904$19960 in module AecGmemLsu.
Marked 1 switch rules as full_case in process $proc$rtl/sv/generated/eval_core/AecEvalCore.sv:50897$19958 in module AecGmemLsu.
Marked 1 switch rules as full_case in process $proc$rtl/sv/generated/eval_core/AecEvalCore.sv:50890$19956 in module AecGmemLsu.
Marked 1 switch rules as full_case in process $proc$rtl/sv/generated/eval_core/AecEvalCore.sv:50883$19954 in module AecGmemLsu.
Marked 1 switch rules as full_case in process $proc$rtl/sv/generated/eval_core/AecEvalCore.sv:50876$19952 in module AecGmemLsu.
Marked 1 switch rules as full_case in process $proc$rtl/sv/generated/eval_core/AecEvalCore.sv:50869$19950 in module AecGmemLsu.
Marked 1 switch rules as full_case in process $proc$rtl/sv/generated/eval_core/AecEvalCore.sv:50862$19948 in module AecGmemLsu.
Marked 1 switch rules as full_case in process $proc$rtl/sv/generated/eval_core/AecEvalCore.sv:50855$19946 in module AecGmemLsu.
Marked 1 switch rules as full_case in process $proc$rtl/sv/generated/eval_core/AecEvalCore.sv:50848$19944 in module AecGmemLsu.
Marked 1 switch rules as full_case in process $proc$rtl/sv/generated/eval_core/AecEvalCore.sv:50841$19942 in module AecGmemLsu.
Marked 1 switch rules as full_case in process $proc$rtl/sv/generated/eval_core/AecEvalCore.sv:50834$19940 in module AecGmemLsu.
Marked 1 switch rules as full_case in process $proc$rtl/sv/generated/eval_core/AecEvalCore.sv:50827$19938 in module AecGmemLsu.
Marked 1 switch rules as full_case in process $proc$rtl/sv/generated/eval_core/AecEvalCore.sv:50820$19936 in module AecGmemLsu.
Marked 1 switch rules as full_case in process $proc$rtl/sv/generated/eval_core/AecEvalCore.sv:50813$19934 in module AecGmemLsu.
Marked 1 switch rules as full_case in process $proc$rtl/sv/generated/eval_core/AecEvalCore.sv:50806$19932 in module AecGmemLsu.
Marked 1 switch rules as full_case in process $proc$rtl/sv/generated/eval_core/AecEvalCore.sv:50799$19930 in module AecGmemLsu.
Marked 1 switch rules as full_case in process $proc$rtl/sv/generated/eval_core/AecEvalCore.sv:50792$19928 in module AecGmemLsu.
Marked 1 switch rules as full_case in process $proc$rtl/sv/generated/eval_core/AecEvalCore.sv:50785$19926 in module AecGmemLsu.
Marked 1 switch rules as full_case in process $proc$rtl/sv/generated/eval_core/AecEvalCore.sv:50778$19924 in module AecGmemLsu.
Marked 1 switch rules as full_case in process $proc$rtl/sv/generated/eval_core/AecEvalCore.sv:50771$19922 in module AecGmemLsu.
Marked 1 switch rules as full_case in process $proc$rtl/sv/generated/eval_core/AecEvalCore.sv:50764$19920 in module AecGmemLsu.
Marked 1 switch rules as full_case in process $proc$rtl/sv/generated/eval_core/AecEvalCore.sv:50757$19918 in module AecGmemLsu.
Marked 1 switch rules as full_case in process $proc$rtl/sv/generated/eval_core/AecEvalCore.sv:50750$19916 in module AecGmemLsu.
Marked 1 switch rules as full_case in process $proc$rtl/sv/generated/eval_core/AecEvalCore.sv:50743$19914 in module AecGmemLsu.
Marked 1 switch rules as full_case in process $proc$rtl/sv/generated/eval_core/AecEvalCore.sv:50736$19912 in module AecGmemLsu.
Marked 1 switch rules as full_case in process $proc$rtl/sv/generated/eval_core/AecEvalCore.sv:50729$19910 in module AecGmemLsu.
Marked 1 switch rules as full_case in process $proc$rtl/sv/generated/eval_core/AecEvalCore.sv:50722$19908 in module AecGmemLsu.
Marked 1 switch rules as full_case in process $proc$rtl/sv/generated/eval_core/AecEvalCore.sv:50715$19906 in module AecGmemLsu.
Marked 1 switch rules as full_case in process $proc$rtl/sv/generated/eval_core/AecEvalCore.sv:50708$19904 in module AecGmemLsu.
Marked 1 switch rules as full_case in process $proc$rtl/sv/generated/eval_core/AecEvalCore.sv:50701$19902 in module AecGmemLsu.
Marked 1 switch rules as full_case in process $proc$rtl/sv/generated/eval_core/AecEvalCore.sv:50694$19900 in module AecGmemLsu.
Marked 1 switch rules as full_case in process $proc$rtl/sv/generated/eval_core/AecEvalCore.sv:50687$19898 in module AecGmemLsu.
Marked 1 switch rules as full_case in process $proc$rtl/sv/generated/eval_core/AecEvalCore.sv:50680$19896 in module AecGmemLsu.
Marked 1 switch rules as full_case in process $proc$rtl/sv/generated/eval_core/AecEvalCore.sv:50673$19894 in module AecGmemLsu.
Marked 1 switch rules as full_case in process $proc$rtl/sv/generated/eval_core/AecEvalCore.sv:50666$19892 in module AecGmemLsu.
Marked 1 switch rules as full_case in process $proc$rtl/sv/generated/eval_core/AecEvalCore.sv:50659$19890 in module AecGmemLsu.
Marked 1 switch rules as full_case in process $proc$rtl/sv/generated/eval_core/AecEvalCore.sv:50652$19888 in module AecGmemLsu.
Marked 1 switch rules as full_case in process $proc$rtl/sv/generated/eval_core/AecEvalCore.sv:50645$19886 in module AecGmemLsu.
Marked 1 switch rules as full_case in process $proc$rtl/sv/generated/eval_core/AecEvalCore.sv:50638$19884 in module AecGmemLsu.
Marked 1 switch rules as full_case in process $proc$rtl/sv/generated/eval_core/AecEvalCore.sv:50631$19882 in module AecGmemLsu.
Marked 1 switch rules as full_case in process $proc$rtl/sv/generated/eval_core/AecEvalCore.sv:50624$19880 in module AecGmemLsu.
Marked 1 switch rules as full_case in process $proc$rtl/sv/generated/eval_core/AecEvalCore.sv:50617$19878 in module AecGmemLsu.
Marked 1 switch rules as full_case in process $proc$rtl/sv/generated/eval_core/AecEvalCore.sv:50610$19876 in module AecGmemLsu.
Marked 1 switch rules as full_case in process $proc$rtl/sv/generated/eval_core/AecEvalCore.sv:50603$19874 in module AecGmemLsu.
Marked 1 switch rules as full_case in process $proc$rtl/sv/generated/eval_core/AecEvalCore.sv:50596$19872 in module AecGmemLsu.
Marked 1 switch rules as full_case in process $proc$rtl/sv/generated/eval_core/AecEvalCore.sv:50589$19870 in module AecGmemLsu.
Marked 1 switch rules as full_case in process $proc$rtl/sv/generated/eval_core/AecEvalCore.sv:50582$19868 in module AecGmemLsu.
Marked 1 switch rules as full_case in process $proc$rtl/sv/generated/eval_core/AecEvalCore.sv:50575$19866 in module AecGmemLsu.
Marked 1 switch rules as full_case in process $proc$rtl/sv/generated/eval_core/AecEvalCore.sv:50568$19864 in module AecGmemLsu.
Marked 1 switch rules as full_case in process $proc$rtl/sv/generated/eval_core/AecEvalCore.sv:50561$19862 in module AecGmemLsu.
Marked 1 switch rules as full_case in process $proc$rtl/sv/generated/eval_core/AecEvalCore.sv:50554$19860 in module AecGmemLsu.
Marked 1 switch rules as full_case in process $proc$rtl/sv/generated/eval_core/AecEvalCore.sv:50547$19858 in module AecGmemLsu.
Marked 1 switch rules as full_case in process $proc$rtl/sv/generated/eval_core/AecEvalCore.sv:50540$19856 in module AecGmemLsu.
Marked 1 switch rules as full_case in process $proc$rtl/sv/generated/eval_core/AecEvalCore.sv:50533$19854 in module AecGmemLsu.
Marked 1 switch rules as full_case in process $proc$rtl/sv/generated/eval_core/AecEvalCore.sv:50526$19852 in module AecGmemLsu.
Marked 1 switch rules as full_case in process $proc$rtl/sv/generated/eval_core/AecEvalCore.sv:50519$19850 in module AecGmemLsu.
Marked 1 switch rules as full_case in process $proc$rtl/sv/generated/eval_core/AecEvalCore.sv:50512$19848 in module AecGmemLsu.
Marked 1 switch rules as full_case in process $proc$rtl/sv/generated/eval_core/AecEvalCore.sv:50505$19846 in module AecGmemLsu.
Marked 1 switch rules as full_case in process $proc$rtl/sv/generated/eval_core/AecEvalCore.sv:50498$19844 in module AecGmemLsu.
Marked 1 switch rules as full_case in process $proc$rtl/sv/generated/eval_core/AecEvalCore.sv:50491$19842 in module AecGmemLsu.
Marked 1 switch rules as full_case in process $proc$rtl/sv/generated/eval_core/AecEvalCore.sv:50484$19840 in module AecGmemLsu.
Marked 1 switch rules as full_case in process $proc$rtl/sv/generated/eval_core/AecEvalCore.sv:50477$19838 in module AecGmemLsu.
Marked 1 switch rules as full_case in process $proc$rtl/sv/generated/eval_core/AecEvalCore.sv:50470$19836 in module AecGmemLsu.
Marked 1 switch rules as full_case in process $proc$rtl/sv/generated/eval_core/AecEvalCore.sv:50463$19834 in module AecGmemLsu.
Marked 1 switch rules as full_case in process $proc$rtl/sv/generated/eval_core/AecEvalCore.sv:50456$19832 in module AecGmemLsu.
Marked 1 switch rules as full_case in process $proc$rtl/sv/generated/eval_core/AecEvalCore.sv:50449$19830 in module AecGmemLsu.
Marked 1 switch rules as full_case in process $proc$rtl/sv/generated/eval_core/AecEvalCore.sv:50442$19828 in module AecGmemLsu.
Marked 1 switch rules as full_case in process $proc$rtl/sv/generated/eval_core/AecEvalCore.sv:50435$19826 in module AecGmemLsu.
Marked 1 switch rules as full_case in process $proc$rtl/sv/generated/eval_core/AecEvalCore.sv:50428$19824 in module AecGmemLsu.
Marked 1 switch rules as full_case in process $proc$rtl/sv/generated/eval_core/AecEvalCore.sv:50421$19822 in module AecGmemLsu.
Marked 1 switch rules as full_case in process $proc$rtl/sv/generated/eval_core/AecEvalCore.sv:50414$19820 in module AecGmemLsu.
Marked 1 switch rules as full_case in process $proc$rtl/sv/generated/eval_core/AecEvalCore.sv:50407$19818 in module AecGmemLsu.
Marked 1 switch rules as full_case in process $proc$rtl/sv/generated/eval_core/AecEvalCore.sv:50400$19816 in module AecGmemLsu.
Marked 1 switch rules as full_case in process $proc$rtl/sv/generated/eval_core/AecEvalCore.sv:50393$19814 in module AecGmemLsu.
Marked 1 switch rules as full_case in process $proc$rtl/sv/generated/eval_core/AecEvalCore.sv:50386$19812 in module AecGmemLsu.
Marked 1 switch rules as full_case in process $proc$rtl/sv/generated/eval_core/AecEvalCore.sv:50379$19810 in module AecGmemLsu.
Marked 1 switch rules as full_case in process $proc$rtl/sv/generated/eval_core/AecEvalCore.sv:50372$19808 in module AecGmemLsu.
Marked 1 switch rules as full_case in process $proc$rtl/sv/generated/eval_core/AecEvalCore.sv:50365$19806 in module AecGmemLsu.
Marked 1 switch rules as full_case in process $proc$rtl/sv/generated/eval_core/AecEvalCore.sv:50358$19804 in module AecGmemLsu.
Marked 1 switch rules as full_case in process $proc$rtl/sv/generated/eval_core/AecEvalCore.sv:50351$19802 in module AecGmemLsu.
Marked 1 switch rules as full_case in process $proc$rtl/sv/generated/eval_core/AecEvalCore.sv:50344$19800 in module AecGmemLsu.
Marked 1 switch rules as full_case in process $proc$rtl/sv/generated/eval_core/AecEvalCore.sv:50337$19798 in module AecGmemLsu.
Marked 1 switch rules as full_case in process $proc$rtl/sv/generated/eval_core/AecEvalCore.sv:50330$19796 in module AecGmemLsu.
Marked 1 switch rules as full_case in process $proc$rtl/sv/generated/eval_core/AecEvalCore.sv:50323$19794 in module AecGmemLsu.
Marked 1 switch rules as full_case in process $proc$rtl/sv/generated/eval_core/AecEvalCore.sv:50316$19792 in module AecGmemLsu.
Marked 1 switch rules as full_case in process $proc$rtl/sv/generated/eval_core/AecEvalCore.sv:50309$19790 in module AecGmemLsu.
Marked 1 switch rules as full_case in process $proc$rtl/sv/generated/eval_core/AecEvalCore.sv:50302$19788 in module AecGmemLsu.
Marked 1 switch rules as full_case in process $proc$rtl/sv/generated/eval_core/AecEvalCore.sv:50295$19786 in module AecGmemLsu.
Marked 1 switch rules as full_case in process $proc$rtl/sv/generated/eval_core/AecEvalCore.sv:50288$19784 in module AecGmemLsu.
Marked 1 switch rules as full_case in process $proc$rtl/sv/generated/eval_core/AecEvalCore.sv:50281$19782 in module AecGmemLsu.
Marked 1 switch rules as full_case in process $proc$rtl/sv/generated/eval_core/AecEvalCore.sv:50274$19780 in module AecGmemLsu.
Marked 1 switch rules as full_case in process $proc$rtl/sv/generated/eval_core/AecEvalCore.sv:50267$19778 in module AecGmemLsu.
Marked 1 switch rules as full_case in process $proc$rtl/sv/generated/eval_core/AecEvalCore.sv:50260$19776 in module AecGmemLsu.
Marked 1 switch rules as full_case in process $proc$rtl/sv/generated/eval_core/AecEvalCore.sv:50253$19774 in module AecGmemLsu.
Marked 1 switch rules as full_case in process $proc$rtl/sv/generated/eval_core/AecEvalCore.sv:50246$19772 in module AecGmemLsu.
Marked 1 switch rules as full_case in process $proc$rtl/sv/generated/eval_core/AecEvalCore.sv:50239$19770 in module AecGmemLsu.
Marked 1 switch rules as full_case in process $proc$rtl/sv/generated/eval_core/AecEvalCore.sv:50232$19768 in module AecGmemLsu.
Marked 1 switch rules as full_case in process $proc$rtl/sv/generated/eval_core/AecEvalCore.sv:50225$19766 in module AecGmemLsu.
Marked 1 switch rules as full_case in process $proc$rtl/sv/generated/eval_core/AecEvalCore.sv:50218$19764 in module AecGmemLsu.
Marked 1 switch rules as full_case in process $proc$rtl/sv/generated/eval_core/AecEvalCore.sv:50211$19762 in module AecGmemLsu.
Marked 1 switch rules as full_case in process $proc$rtl/sv/generated/eval_core/AecEvalCore.sv:50204$19760 in module AecGmemLsu.
Marked 1 switch rules as full_case in process $proc$rtl/sv/generated/eval_core/AecEvalCore.sv:50197$19758 in module AecGmemLsu.
Marked 1 switch rules as full_case in process $proc$rtl/sv/generated/eval_core/AecEvalCore.sv:50190$19756 in module AecGmemLsu.
Marked 1 switch rules as full_case in process $proc$rtl/sv/generated/eval_core/AecEvalCore.sv:50183$19754 in module AecGmemLsu.
Marked 1 switch rules as full_case in process $proc$rtl/sv/generated/eval_core/AecEvalCore.sv:50176$19752 in module AecGmemLsu.
Marked 1 switch rules as full_case in process $proc$rtl/sv/generated/eval_core/AecEvalCore.sv:50169$19750 in module AecGmemLsu.
Marked 1 switch rules as full_case in process $proc$rtl/sv/generated/eval_core/AecEvalCore.sv:50162$19748 in module AecGmemLsu.
Marked 1 switch rules as full_case in process $proc$rtl/sv/generated/eval_core/AecEvalCore.sv:50155$19746 in module AecGmemLsu.
Marked 1 switch rules as full_case in process $proc$rtl/sv/generated/eval_core/AecEvalCore.sv:50148$19744 in module AecGmemLsu.
Marked 1 switch rules as full_case in process $proc$rtl/sv/generated/eval_core/AecEvalCore.sv:50141$19742 in module AecGmemLsu.
Marked 1 switch rules as full_case in process $proc$rtl/sv/generated/eval_core/AecEvalCore.sv:50134$19740 in module AecGmemLsu.
Marked 1 switch rules as full_case in process $proc$rtl/sv/generated/eval_core/AecEvalCore.sv:50127$19738 in module AecGmemLsu.
Marked 1 switch rules as full_case in process $proc$rtl/sv/generated/eval_core/AecEvalCore.sv:50120$19736 in module AecGmemLsu.
Marked 1 switch rules as full_case in process $proc$rtl/sv/generated/eval_core/AecEvalCore.sv:50113$19734 in module AecGmemLsu.
Marked 1 switch rules as full_case in process $proc$rtl/sv/generated/eval_core/AecEvalCore.sv:50106$19732 in module AecGmemLsu.
Marked 1 switch rules as full_case in process $proc$rtl/sv/generated/eval_core/AecEvalCore.sv:50099$19730 in module AecGmemLsu.
Marked 1 switch rules as full_case in process $proc$rtl/sv/generated/eval_core/AecEvalCore.sv:50092$19728 in module AecGmemLsu.
Marked 1 switch rules as full_case in process $proc$rtl/sv/generated/eval_core/AecEvalCore.sv:50085$19726 in module AecGmemLsu.
Marked 1 switch rules as full_case in process $proc$rtl/sv/generated/eval_core/AecEvalCore.sv:50078$19724 in module AecGmemLsu.
Marked 1 switch rules as full_case in process $proc$rtl/sv/generated/eval_core/AecEvalCore.sv:50071$19722 in module AecGmemLsu.
Marked 1 switch rules as full_case in process $proc$rtl/sv/generated/eval_core/AecEvalCore.sv:50064$19720 in module AecGmemLsu.
Marked 1 switch rules as full_case in process $proc$rtl/sv/generated/eval_core/AecEvalCore.sv:50057$19718 in module AecGmemLsu.
Marked 1 switch rules as full_case in process $proc$rtl/sv/generated/eval_core/AecEvalCore.sv:50050$19716 in module AecGmemLsu.
Marked 1 switch rules as full_case in process $proc$rtl/sv/generated/eval_core/AecEvalCore.sv:50043$19714 in module AecGmemLsu.
Marked 1 switch rules as full_case in process $proc$rtl/sv/generated/eval_core/AecEvalCore.sv:50036$19712 in module AecGmemLsu.
Marked 1 switch rules as full_case in process $proc$rtl/sv/generated/eval_core/AecEvalCore.sv:50029$19710 in module AecGmemLsu.
Marked 1 switch rules as full_case in process $proc$rtl/sv/generated/eval_core/AecEvalCore.sv:50022$19708 in module AecGmemLsu.
Marked 1 switch rules as full_case in process $proc$rtl/sv/generated/eval_core/AecEvalCore.sv:50015$19706 in module AecGmemLsu.
Marked 1 switch rules as full_case in process $proc$rtl/sv/generated/eval_core/AecEvalCore.sv:50008$19704 in module AecGmemLsu.
Marked 1 switch rules as full_case in process $proc$rtl/sv/generated/eval_core/AecEvalCore.sv:50001$19702 in module AecGmemLsu.
Marked 1 switch rules as full_case in process $proc$rtl/sv/generated/eval_core/AecEvalCore.sv:49994$19700 in module AecGmemLsu.
Marked 1 switch rules as full_case in process $proc$rtl/sv/generated/eval_core/AecEvalCore.sv:49987$19698 in module AecGmemLsu.
Marked 1 switch rules as full_case in process $proc$rtl/sv/generated/eval_core/AecEvalCore.sv:49980$19696 in module AecGmemLsu.
Marked 1 switch rules as full_case in process $proc$rtl/sv/generated/eval_core/AecEvalCore.sv:49973$19694 in module AecGmemLsu.
Marked 1 switch rules as full_case in process $proc$rtl/sv/generated/eval_core/AecEvalCore.sv:49966$19692 in module AecGmemLsu.
Marked 1 switch rules as full_case in process $proc$rtl/sv/generated/eval_core/AecEvalCore.sv:49959$19690 in module AecGmemLsu.
Marked 1 switch rules as full_case in process $proc$rtl/sv/generated/eval_core/AecEvalCore.sv:49952$19688 in module AecGmemLsu.
Marked 1 switch rules as full_case in process $proc$rtl/sv/generated/eval_core/AecEvalCore.sv:49945$19686 in module AecGmemLsu.
Marked 1 switch rules as full_case in process $proc$rtl/sv/generated/eval_core/AecEvalCore.sv:49938$19684 in module AecGmemLsu.
Marked 1 switch rules as full_case in process $proc$rtl/sv/generated/eval_core/AecEvalCore.sv:49931$19682 in module AecGmemLsu.
Marked 1 switch rules as full_case in process $proc$rtl/sv/generated/eval_core/AecEvalCore.sv:49924$19680 in module AecGmemLsu.
Marked 1 switch rules as full_case in process $proc$rtl/sv/generated/eval_core/AecEvalCore.sv:49917$19678 in module AecGmemLsu.
Marked 1 switch rules as full_case in process $proc$rtl/sv/generated/eval_core/AecEvalCore.sv:49910$19676 in module AecGmemLsu.
Marked 1 switch rules as full_case in process $proc$rtl/sv/generated/eval_core/AecEvalCore.sv:49903$19674 in module AecGmemLsu.
Marked 1 switch rules as full_case in process $proc$rtl/sv/generated/eval_core/AecEvalCore.sv:49896$19672 in module AecGmemLsu.
Marked 1 switch rules as full_case in process $proc$rtl/sv/generated/eval_core/AecEvalCore.sv:49889$19670 in module AecGmemLsu.
Marked 1 switch rules as full_case in process $proc$rtl/sv/generated/eval_core/AecEvalCore.sv:49882$19668 in module AecGmemLsu.
Marked 1 switch rules as full_case in process $proc$rtl/sv/generated/eval_core/AecEvalCore.sv:49875$19666 in module AecGmemLsu.
Marked 1 switch rules as full_case in process $proc$rtl/sv/generated/eval_core/AecEvalCore.sv:49868$19664 in module AecGmemLsu.
Marked 1 switch rules as full_case in process $proc$rtl/sv/generated/eval_core/AecEvalCore.sv:49861$19662 in module AecGmemLsu.
Marked 1 switch rules as full_case in process $proc$rtl/sv/generated/eval_core/AecEvalCore.sv:49854$19660 in module AecGmemLsu.
Marked 1 switch rules as full_case in process $proc$rtl/sv/generated/eval_core/AecEvalCore.sv:49847$19658 in module AecGmemLsu.
Marked 1 switch rules as full_case in process $proc$rtl/sv/generated/eval_core/AecEvalCore.sv:49840$19656 in module AecGmemLsu.
Marked 1 switch rules as full_case in process $proc$rtl/sv/generated/eval_core/AecEvalCore.sv:49833$19654 in module AecGmemLsu.
Marked 1 switch rules as full_case in process $proc$rtl/sv/generated/eval_core/AecEvalCore.sv:49826$19652 in module AecGmemLsu.
Marked 1 switch rules as full_case in process $proc$rtl/sv/generated/eval_core/AecEvalCore.sv:49819$19650 in module AecGmemLsu.
Marked 1 switch rules as full_case in process $proc$rtl/sv/generated/eval_core/AecEvalCore.sv:49812$19648 in module AecGmemLsu.
Marked 1 switch rules as full_case in process $proc$rtl/sv/generated/eval_core/AecEvalCore.sv:49805$19646 in module AecGmemLsu.
Marked 1 switch rules as full_case in process $proc$rtl/sv/generated/eval_core/AecEvalCore.sv:49798$19644 in module AecGmemLsu.
Marked 1 switch rules as full_case in process $proc$rtl/sv/generated/eval_core/AecEvalCore.sv:49791$19642 in module AecGmemLsu.
Marked 1 switch rules as full_case in process $proc$rtl/sv/generated/eval_core/AecEvalCore.sv:49784$19640 in module AecGmemLsu.
Marked 1 switch rules as full_case in process $proc$rtl/sv/generated/eval_core/AecEvalCore.sv:49777$19638 in module AecGmemLsu.
Marked 1 switch rules as full_case in process $proc$rtl/sv/generated/eval_core/AecEvalCore.sv:49770$19636 in module AecGmemLsu.
Marked 1 switch rules as full_case in process $proc$rtl/sv/generated/eval_core/AecEvalCore.sv:49763$19634 in module AecGmemLsu.
Marked 1 switch rules as full_case in process $proc$rtl/sv/generated/eval_core/AecEvalCore.sv:49756$19632 in module AecGmemLsu.
Marked 1 switch rules as full_case in process $proc$rtl/sv/generated/eval_core/AecEvalCore.sv:49749$19630 in module AecGmemLsu.
Marked 1 switch rules as full_case in process $proc$rtl/sv/generated/eval_core/AecEvalCore.sv:49742$19628 in module AecGmemLsu.
Marked 1 switch rules as full_case in process $proc$rtl/sv/generated/eval_core/AecEvalCore.sv:49735$19626 in module AecGmemLsu.
Marked 1 switch rules as full_case in process $proc$rtl/sv/generated/eval_core/AecEvalCore.sv:49728$19624 in module AecGmemLsu.
Marked 1 switch rules as full_case in process $proc$rtl/sv/generated/eval_core/AecEvalCore.sv:49721$19622 in module AecGmemLsu.
Marked 1 switch rules as full_case in process $proc$rtl/sv/generated/eval_core/AecEvalCore.sv:49714$19620 in module AecGmemLsu.
Marked 1 switch rules as full_case in process $proc$rtl/sv/generated/eval_core/AecEvalCore.sv:49707$19618 in module AecGmemLsu.
Marked 1 switch rules as full_case in process $proc$rtl/sv/generated/eval_core/AecEvalCore.sv:49700$19616 in module AecGmemLsu.
Marked 1 switch rules as full_case in process $proc$rtl/sv/generated/eval_core/AecEvalCore.sv:49693$19614 in module AecGmemLsu.
Marked 1 switch rules as full_case in process $proc$rtl/sv/generated/eval_core/AecEvalCore.sv:49686$19612 in module AecGmemLsu.
Marked 1 switch rules as full_case in process $proc$rtl/sv/generated/eval_core/AecEvalCore.sv:49679$19610 in module AecGmemLsu.
Marked 1 switch rules as full_case in process $proc$rtl/sv/generated/eval_core/AecEvalCore.sv:49672$19608 in module AecGmemLsu.
Marked 1 switch rules as full_case in process $proc$rtl/sv/generated/eval_core/AecEvalCore.sv:49665$19606 in module AecGmemLsu.
Marked 1 switch rules as full_case in process $proc$rtl/sv/generated/eval_core/AecEvalCore.sv:49658$19604 in module AecGmemLsu.
Marked 1 switch rules as full_case in process $proc$rtl/sv/generated/eval_core/AecEvalCore.sv:49651$19602 in module AecGmemLsu.
Marked 1 switch rules as full_case in process $proc$rtl/sv/generated/eval_core/AecEvalCore.sv:49644$19600 in module AecGmemLsu.
Marked 1 switch rules as full_case in process $proc$rtl/sv/generated/eval_core/AecEvalCore.sv:49637$19598 in module AecGmemLsu.
Marked 1 switch rules as full_case in process $proc$rtl/sv/generated/eval_core/AecEvalCore.sv:49630$19596 in module AecGmemLsu.
Marked 1 switch rules as full_case in process $proc$rtl/sv/generated/eval_core/AecEvalCore.sv:49623$19594 in module AecGmemLsu.
Marked 1 switch rules as full_case in process $proc$rtl/sv/generated/eval_core/AecEvalCore.sv:49616$19592 in module AecGmemLsu.
Marked 1 switch rules as full_case in process $proc$rtl/sv/generated/eval_core/AecEvalCore.sv:49609$19590 in module AecGmemLsu.
Marked 1 switch rules as full_case in process $proc$rtl/sv/generated/eval_core/AecEvalCore.sv:49602$19588 in module AecGmemLsu.
Marked 1 switch rules as full_case in process $proc$rtl/sv/generated/eval_core/AecEvalCore.sv:49595$19586 in module AecGmemLsu.
Marked 1 switch rules as full_case in process $proc$rtl/sv/generated/eval_core/AecEvalCore.sv:49588$19584 in module AecGmemLsu.
Marked 1 switch rules as full_case in process $proc$rtl/sv/generated/eval_core/AecEvalCore.sv:49581$19582 in module AecGmemLsu.
Marked 1 switch rules as full_case in process $proc$rtl/sv/generated/eval_core/AecEvalCore.sv:49574$19580 in module AecGmemLsu.
Marked 1 switch rules as full_case in process $proc$rtl/sv/generated/eval_core/AecEvalCore.sv:49567$19578 in module AecGmemLsu.
Marked 1 switch rules as full_case in process $proc$rtl/sv/generated/eval_core/AecEvalCore.sv:49560$19576 in module AecGmemLsu.
Marked 1 switch rules as full_case in process $proc$rtl/sv/generated/eval_core/AecEvalCore.sv:49553$19574 in module AecGmemLsu.
Marked 1 switch rules as full_case in process $proc$rtl/sv/generated/eval_core/AecEvalCore.sv:49546$19572 in module AecGmemLsu.
Marked 1 switch rules as full_case in process $proc$rtl/sv/generated/eval_core/AecEvalCore.sv:49539$19570 in module AecGmemLsu.
Marked 1 switch rules as full_case in process $proc$rtl/sv/generated/eval_core/AecEvalCore.sv:49532$19568 in module AecGmemLsu.
Marked 1 switch rules as full_case in process $proc$rtl/sv/generated/eval_core/AecEvalCore.sv:49525$19566 in module AecGmemLsu.
Marked 1 switch rules as full_case in process $proc$rtl/sv/generated/eval_core/AecEvalCore.sv:49518$19564 in module AecGmemLsu.
Marked 1 switch rules as full_case in process $proc$rtl/sv/generated/eval_core/AecEvalCore.sv:49511$19562 in module AecGmemLsu.
Marked 1 switch rules as full_case in process $proc$rtl/sv/generated/eval_core/AecEvalCore.sv:49504$19560 in module AecGmemLsu.
Marked 1 switch rules as full_case in process $proc$rtl/sv/generated/eval_core/AecEvalCore.sv:49497$19558 in module AecGmemLsu.
Marked 1 switch rules as full_case in process $proc$rtl/sv/generated/eval_core/AecEvalCore.sv:49490$19556 in module AecGmemLsu.
Marked 1 switch rules as full_case in process $proc$rtl/sv/generated/eval_core/AecEvalCore.sv:49483$19554 in module AecGmemLsu.
Marked 1 switch rules as full_case in process $proc$rtl/sv/generated/eval_core/AecEvalCore.sv:49476$19552 in module AecGmemLsu.
Marked 1 switch rules as full_case in process $proc$rtl/sv/generated/eval_core/AecEvalCore.sv:49469$19550 in module AecGmemLsu.
Marked 1 switch rules as full_case in process $proc$rtl/sv/generated/eval_core/AecEvalCore.sv:49462$19548 in module AecGmemLsu.
Marked 1 switch rules as full_case in process $proc$rtl/sv/generated/eval_core/AecEvalCore.sv:49455$19546 in module AecGmemLsu.
Marked 1 switch rules as full_case in process $proc$rtl/sv/generated/eval_core/AecEvalCore.sv:49448$19544 in module AecGmemLsu.
Marked 1 switch rules as full_case in process $proc$rtl/sv/generated/eval_core/AecEvalCore.sv:49441$19542 in module AecGmemLsu.
Marked 1 switch rules as full_case in process $proc$rtl/sv/generated/eval_core/AecEvalCore.sv:49434$19540 in module AecGmemLsu.
Marked 1 switch rules as full_case in process $proc$rtl/sv/generated/eval_core/AecEvalCore.sv:49427$19538 in module AecGmemLsu.
Marked 1 switch rules as full_case in process $proc$rtl/sv/generated/eval_core/AecEvalCore.sv:49420$19536 in module AecGmemLsu.
Marked 1 switch rules as full_case in process $proc$rtl/sv/generated/eval_core/AecEvalCore.sv:49413$19534 in module AecGmemLsu.
Marked 1 switch rules as full_case in process $proc$rtl/sv/generated/eval_core/AecEvalCore.sv:49406$19532 in module AecGmemLsu.
Marked 1 switch rules as full_case in process $proc$rtl/sv/generated/eval_core/AecEvalCore.sv:49399$19530 in module AecGmemLsu.
Marked 1 switch rules as full_case in process $proc$rtl/sv/generated/eval_core/AecEvalCore.sv:49392$19528 in module AecGmemLsu.
Marked 1 switch rules as full_case in process $proc$rtl/sv/generated/eval_core/AecEvalCore.sv:49385$19526 in module AecGmemLsu.
Marked 1 switch rules as full_case in process $proc$rtl/sv/generated/eval_core/AecEvalCore.sv:49378$19524 in module AecGmemLsu.
Marked 1 switch rules as full_case in process $proc$rtl/sv/generated/eval_core/AecEvalCore.sv:49371$19522 in module AecGmemLsu.
Marked 1 switch rules as full_case in process $proc$rtl/sv/generated/eval_core/AecEvalCore.sv:49364$19520 in module AecGmemLsu.
Marked 1 switch rules as full_case in process $proc$rtl/sv/generated/eval_core/AecEvalCore.sv:49357$19518 in module AecGmemLsu.
Marked 1 switch rules as full_case in process $proc$rtl/sv/generated/eval_core/AecEvalCore.sv:49350$19516 in module AecGmemLsu.
Marked 1 switch rules as full_case in process $proc$rtl/sv/generated/eval_core/AecEvalCore.sv:49343$19514 in module AecGmemLsu.
Marked 1 switch rules as full_case in process $proc$rtl/sv/generated/eval_core/AecEvalCore.sv:49336$19512 in module AecGmemLsu.
Marked 1 switch rules as full_case in process $proc$rtl/sv/generated/eval_core/AecEvalCore.sv:49329$19510 in module AecGmemLsu.
Marked 1 switch rules as full_case in process $proc$rtl/sv/generated/eval_core/AecEvalCore.sv:49322$19508 in module AecGmemLsu.
Marked 1 switch rules as full_case in process $proc$rtl/sv/generated/eval_core/AecEvalCore.sv:49315$19506 in module AecGmemLsu.
Marked 1 switch rules as full_case in process $proc$rtl/sv/generated/eval_core/AecEvalCore.sv:49308$19504 in module AecGmemLsu.
Marked 1 switch rules as full_case in process $proc$rtl/sv/generated/eval_core/AecEvalCore.sv:49301$19502 in module AecGmemLsu.
Marked 1 switch rules as full_case in process $proc$rtl/sv/generated/eval_core/AecEvalCore.sv:49294$19500 in module AecGmemLsu.
Marked 1 switch rules as full_case in process $proc$rtl/sv/generated/eval_core/AecEvalCore.sv:49287$19498 in module AecGmemLsu.
Marked 1 switch rules as full_case in process $proc$rtl/sv/generated/eval_core/AecEvalCore.sv:49280$19496 in module AecGmemLsu.
Marked 1 switch rules as full_case in process $proc$rtl/sv/generated/eval_core/AecEvalCore.sv:49273$19494 in module AecGmemLsu.
Marked 1 switch rules as full_case in process $proc$rtl/sv/generated/eval_core/AecEvalCore.sv:49266$19492 in module AecGmemLsu.
Marked 1 switch rules as full_case in process $proc$rtl/sv/generated/eval_core/AecEvalCore.sv:49259$19490 in module AecGmemLsu.
Marked 1 switch rules as full_case in process $proc$rtl/sv/generated/eval_core/AecEvalCore.sv:49252$19488 in module AecGmemLsu.
Marked 1 switch rules as full_case in process $proc$rtl/sv/generated/eval_core/AecEvalCore.sv:49245$19486 in module AecGmemLsu.
Marked 1 switch rules as full_case in process $proc$rtl/sv/generated/eval_core/AecEvalCore.sv:49238$19484 in module AecGmemLsu.
Marked 1 switch rules as full_case in process $proc$rtl/sv/generated/eval_core/AecEvalCore.sv:49231$19482 in module AecGmemLsu.
Marked 1 switch rules as full_case in process $proc$rtl/sv/generated/eval_core/AecEvalCore.sv:49224$19480 in module AecGmemLsu.
Marked 1 switch rules as full_case in process $proc$rtl/sv/generated/eval_core/AecEvalCore.sv:49217$19478 in module AecGmemLsu.
Marked 1 switch rules as full_case in process $proc$rtl/sv/generated/eval_core/AecEvalCore.sv:49210$19476 in module AecGmemLsu.
Marked 1 switch rules as full_case in process $proc$rtl/sv/generated/eval_core/AecEvalCore.sv:49203$19474 in module AecGmemLsu.
Marked 1 switch rules as full_case in process $proc$rtl/sv/generated/eval_core/AecEvalCore.sv:49196$19472 in module AecGmemLsu.
Marked 1 switch rules as full_case in process $proc$rtl/sv/generated/eval_core/AecEvalCore.sv:49189$19470 in module AecGmemLsu.
Marked 1 switch rules as full_case in process $proc$rtl/sv/generated/eval_core/AecEvalCore.sv:49182$19468 in module AecGmemLsu.
Marked 1 switch rules as full_case in process $proc$rtl/sv/generated/eval_core/AecEvalCore.sv:49175$19466 in module AecGmemLsu.
Marked 1 switch rules as full_case in process $proc$rtl/sv/generated/eval_core/AecEvalCore.sv:49168$19464 in module AecGmemLsu.
Marked 1 switch rules as full_case in process $proc$rtl/sv/generated/eval_core/AecEvalCore.sv:49161$19462 in module AecGmemLsu.
Marked 1 switch rules as full_case in process $proc$rtl/sv/generated/eval_core/AecEvalCore.sv:49154$19460 in module AecGmemLsu.
Marked 1 switch rules as full_case in process $proc$rtl/sv/generated/eval_core/AecEvalCore.sv:49147$19458 in module AecGmemLsu.
Marked 1 switch rules as full_case in process $proc$rtl/sv/generated/eval_core/AecEvalCore.sv:49140$19456 in module AecGmemLsu.
Marked 1 switch rules as full_case in process $proc$rtl/sv/generated/eval_core/AecEvalCore.sv:49133$19454 in module AecGmemLsu.
Marked 1 switch rules as full_case in process $proc$rtl/sv/generated/eval_core/AecEvalCore.sv:49126$19452 in module AecGmemLsu.
Marked 1 switch rules as full_case in process $proc$rtl/sv/generated/eval_core/AecEvalCore.sv:49119$19450 in module AecGmemLsu.
Marked 1 switch rules as full_case in process $proc$rtl/sv/generated/eval_core/AecEvalCore.sv:49112$19448 in module AecGmemLsu.
Marked 1 switch rules as full_case in process $proc$rtl/sv/generated/eval_core/AecEvalCore.sv:49105$19446 in module AecGmemLsu.
Marked 1 switch rules as full_case in process $proc$rtl/sv/generated/eval_core/AecEvalCore.sv:49098$19444 in module AecGmemLsu.
Marked 1 switch rules as full_case in process $proc$rtl/sv/generated/eval_core/AecEvalCore.sv:49091$19442 in module AecGmemLsu.
Marked 1 switch rules as full_case in process $proc$rtl/sv/generated/eval_core/AecEvalCore.sv:49084$19440 in module AecGmemLsu.
Marked 1 switch rules as full_case in process $proc$rtl/sv/generated/eval_core/AecEvalCore.sv:49077$19438 in module AecGmemLsu.
Marked 1 switch rules as full_case in process $proc$rtl/sv/generated/eval_core/AecEvalCore.sv:49070$19436 in module AecGmemLsu.
Marked 1 switch rules as full_case in process $proc$rtl/sv/generated/eval_core/AecEvalCore.sv:49063$19434 in module AecGmemLsu.
Marked 1 switch rules as full_case in process $proc$rtl/sv/generated/eval_core/AecEvalCore.sv:49056$19432 in module AecGmemLsu.
Marked 1 switch rules as full_case in process $proc$rtl/sv/generated/eval_core/AecEvalCore.sv:49049$19430 in module AecGmemLsu.
Marked 1 switch rules as full_case in process $proc$rtl/sv/generated/eval_core/AecEvalCore.sv:49042$19428 in module AecGmemLsu.
Marked 1 switch rules as full_case in process $proc$rtl/sv/generated/eval_core/AecEvalCore.sv:49035$19426 in module AecGmemLsu.
Marked 1 switch rules as full_case in process $proc$rtl/sv/generated/eval_core/AecEvalCore.sv:49028$19424 in module AecGmemLsu.
Marked 1 switch rules as full_case in process $proc$rtl/sv/generated/eval_core/AecEvalCore.sv:49021$19422 in module AecGmemLsu.
Marked 1 switch rules as full_case in process $proc$rtl/sv/generated/eval_core/AecEvalCore.sv:49014$19420 in module AecGmemLsu.
Marked 1 switch rules as full_case in process $proc$rtl/sv/generated/eval_core/AecEvalCore.sv:49007$19418 in module AecGmemLsu.
Marked 1 switch rules as full_case in process $proc$rtl/sv/generated/eval_core/AecEvalCore.sv:49000$19416 in module AecGmemLsu.
Marked 1 switch rules as full_case in process $proc$rtl/sv/generated/eval_core/AecEvalCore.sv:48993$19414 in module AecGmemLsu.
Marked 1 switch rules as full_case in process $proc$rtl/sv/generated/eval_core/AecEvalCore.sv:48986$19412 in module AecGmemLsu.
Marked 1 switch rules as full_case in process $proc$rtl/sv/generated/eval_core/AecEvalCore.sv:48979$19410 in module AecGmemLsu.
Marked 1 switch rules as full_case in process $proc$rtl/sv/generated/eval_core/AecEvalCore.sv:48972$19408 in module AecGmemLsu.
Marked 1 switch rules as full_case in process $proc$rtl/sv/generated/eval_core/AecEvalCore.sv:48965$19406 in module AecGmemLsu.
Marked 1 switch rules as full_case in process $proc$rtl/sv/generated/eval_core/AecEvalCore.sv:48958$19404 in module AecGmemLsu.
Marked 1 switch rules as full_case in process $proc$rtl/sv/generated/eval_core/AecEvalCore.sv:48951$19402 in module AecGmemLsu.
Marked 1 switch rules as full_case in process $proc$rtl/sv/generated/eval_core/AecEvalCore.sv:48944$19400 in module AecGmemLsu.
Marked 1 switch rules as full_case in process $proc$rtl/sv/generated/eval_core/AecEvalCore.sv:48937$19398 in module AecGmemLsu.
Marked 1 switch rules as full_case in process $proc$rtl/sv/generated/eval_core/AecEvalCore.sv:48930$19396 in module AecGmemLsu.
Marked 1 switch rules as full_case in process $proc$rtl/sv/generated/eval_core/AecEvalCore.sv:48923$19394 in module AecGmemLsu.
Marked 1 switch rules as full_case in process $proc$rtl/sv/generated/eval_core/AecEvalCore.sv:48916$19392 in module AecGmemLsu.
Marked 1 switch rules as full_case in process $proc$rtl/sv/generated/eval_core/AecEvalCore.sv:48909$19390 in module AecGmemLsu.
Marked 1 switch rules as full_case in process $proc$rtl/sv/generated/eval_core/AecEvalCore.sv:48902$19388 in module AecGmemLsu.
Marked 1 switch rules as full_case in process $proc$rtl/sv/generated/eval_core/AecEvalCore.sv:48895$19386 in module AecGmemLsu.
Marked 1 switch rules as full_case in process $proc$rtl/sv/generated/eval_core/AecEvalCore.sv:48888$19384 in module AecGmemLsu.
Marked 1 switch rules as full_case in process $proc$rtl/sv/generated/eval_core/AecEvalCore.sv:48881$19382 in module AecGmemLsu.
Marked 1 switch rules as full_case in process $proc$rtl/sv/generated/eval_core/AecEvalCore.sv:48874$19380 in module AecGmemLsu.
Marked 1 switch rules as full_case in process $proc$rtl/sv/generated/eval_core/AecEvalCore.sv:48867$19378 in module AecGmemLsu.
Marked 1 switch rules as full_case in process $proc$rtl/sv/generated/eval_core/AecEvalCore.sv:48860$19376 in module AecGmemLsu.
Marked 1 switch rules as full_case in process $proc$rtl/sv/generated/eval_core/AecEvalCore.sv:48853$19374 in module AecGmemLsu.
Marked 1 switch rules as full_case in process $proc$rtl/sv/generated/eval_core/AecEvalCore.sv:48846$19372 in module AecGmemLsu.
Marked 1 switch rules as full_case in process $proc$rtl/sv/generated/eval_core/AecEvalCore.sv:48839$19370 in module AecGmemLsu.
Marked 1 switch rules as full_case in process $proc$rtl/sv/generated/eval_core/AecEvalCore.sv:48832$19368 in module AecGmemLsu.
Marked 1 switch rules as full_case in process $proc$rtl/sv/generated/eval_core/AecEvalCore.sv:48825$19366 in module AecGmemLsu.
Marked 1 switch rules as full_case in process $proc$rtl/sv/generated/eval_core/AecEvalCore.sv:48818$19364 in module AecGmemLsu.
Marked 1 switch rules as full_case in process $proc$rtl/sv/generated/eval_core/AecEvalCore.sv:48811$19362 in module AecGmemLsu.
Marked 1 switch rules as full_case in process $proc$rtl/sv/generated/eval_core/AecEvalCore.sv:48804$19360 in module AecGmemLsu.
Marked 5 switch rules as full_case in process $proc$rtl/sv/generated/eval_core/AecEvalCore.sv:48785$19356 in module AecGmemLsu.
Marked 19 switch rules as full_case in process $proc$rtl/sv/generated/eval_core/AecEvalCore.sv:47200$19317 in module AecGmemLsu.
Marked 8 switch rules as full_case in process $proc$rtl/sv/generated/eval_core/AecEvalCore.sv:40946$15087 in module AecGmemLineWord.
Removed a total of 0 dead cases.

3.3. Executing PROC_PRUNE pass (remove redundant assignments in processes).
Removed 446 redundant assignments.
Promoted 105 assignments to connections.

3.4. Executing PROC_INIT pass (extract init attributes).

3.5. Executing PROC_ARST pass (detect async resets in processes).
Found async reset \reset in `\AecGmemLsu.$proc$rtl/sv/generated/eval_core/AecEvalCore.sv:52417$20301'.
Found async reset \reset in `\AecGmemLsu.$proc$rtl/sv/generated/eval_core/AecEvalCore.sv:52400$20299'.
Found async reset \reset in `\AecGmemLsu.$proc$rtl/sv/generated/eval_core/AecEvalCore.sv:52383$20297'.
Found async reset \reset in `\AecGmemLsu.$proc$rtl/sv/generated/eval_core/AecEvalCore.sv:52366$20295'.
Found async reset \reset in `\AecGmemLsu.$proc$rtl/sv/generated/eval_core/AecEvalCore.sv:52349$20293'.
Found async reset \reset in `\AecGmemLsu.$proc$rtl/sv/generated/eval_core/AecEvalCore.sv:52332$20291'.
Found async reset \reset in `\AecGmemLsu.$proc$rtl/sv/generated/eval_core/AecEvalCore.sv:52315$20289'.
Found async reset \reset in `\AecGmemLsu.$proc$rtl/sv/generated/eval_core/AecEvalCore.sv:52298$20287'.
Found async reset \reset in `\AecGmemLsu.$proc$rtl/sv/generated/eval_core/AecEvalCore.sv:52281$20285'.
Found async reset \reset in `\AecGmemLsu.$proc$rtl/sv/generated/eval_core/AecEvalCore.sv:52264$20283'.
Found async reset \reset in `\AecGmemLsu.$proc$rtl/sv/generated/eval_core/AecEvalCore.sv:52247$20281'.
Found async reset \reset in `\AecGmemLsu.$proc$rtl/sv/generated/eval_core/AecEvalCore.sv:52230$20279'.
Found async reset \reset in `\AecGmemLsu.$proc$rtl/sv/generated/eval_core/AecEvalCore.sv:52213$20277'.
Found async reset \reset in `\AecGmemLsu.$proc$rtl/sv/generated/eval_core/AecEvalCore.sv:52196$20275'.
Found async reset \reset in `\AecGmemLsu.$proc$rtl/sv/generated/eval_core/AecEvalCore.sv:52179$20273'.
Found async reset \reset in `\AecGmemLsu.$proc$rtl/sv/generated/eval_core/AecEvalCore.sv:52162$20271'.
Found async reset \reset in `\AecGmemLsu.$proc$rtl/sv/generated/eval_core/AecEvalCore.sv:52145$20269'.
Found async reset \reset in `\AecGmemLsu.$proc$rtl/sv/generated/eval_core/AecEvalCore.sv:52128$20267'.
Found async reset \reset in `\AecGmemLsu.$proc$rtl/sv/generated/eval_core/AecEvalCore.sv:52111$20265'.
Found async reset \reset in `\AecGmemLsu.$proc$rtl/sv/generated/eval_core/AecEvalCore.sv:52098$20262'.
Found async reset \reset in `\AecGmemLsu.$proc$rtl/sv/generated/eval_core/AecEvalCore.sv:52085$20259'.
Found async reset \reset in `\AecGmemLsu.$proc$rtl/sv/generated/eval_core/AecEvalCore.sv:52072$20256'.
Found async reset \reset in `\AecGmemLsu.$proc$rtl/sv/generated/eval_core/AecEvalCore.sv:52059$20253'.
Found async reset \reset in `\AecGmemLsu.$proc$rtl/sv/generated/eval_core/AecEvalCore.sv:52046$20250'.
Found async reset \reset in `\AecGmemLsu.$proc$rtl/sv/generated/eval_core/AecEvalCore.sv:52033$20247'.
Found async reset \reset in `\AecGmemLsu.$proc$rtl/sv/generated/eval_core/AecEvalCore.sv:52020$20244'.
Found async reset \reset in `\AecGmemLsu.$proc$rtl/sv/generated/eval_core/AecEvalCore.sv:52007$20241'.
Found async reset \reset in `\AecGmemLsu.$proc$rtl/sv/generated/eval_core/AecEvalCore.sv:51994$20238'.
Found async reset \reset in `\AecGmemLsu.$proc$rtl/sv/generated/eval_core/AecEvalCore.sv:51981$20235'.
Found async reset \reset in `\AecGmemLsu.$proc$rtl/sv/generated/eval_core/AecEvalCore.sv:51968$20232'.
Found async reset \reset in `\AecGmemLsu.$proc$rtl/sv/generated/eval_core/AecEvalCore.sv:51955$20229'.
Found async reset \reset in `\AecGmemLsu.$proc$rtl/sv/generated/eval_core/AecEvalCore.sv:51942$20226'.
Found async reset \reset in `\AecGmemLsu.$proc$rtl/sv/generated/eval_core/AecEvalCore.sv:51929$20223'.
Found async reset \reset in `\AecGmemLsu.$proc$rtl/sv/generated/eval_core/AecEvalCore.sv:51916$20220'.
Found async reset \reset in `\AecGmemLsu.$proc$rtl/sv/generated/eval_core/AecEvalCore.sv:51903$20217'.
Found async reset \reset in `\AecGmemLsu.$proc$rtl/sv/generated/eval_core/AecEvalCore.sv:51890$20214'.
Found async reset \reset in `\AecGmemLsu.$proc$rtl/sv/generated/eval_core/AecEvalCore.sv:51877$20211'.
Found async reset \reset in `\AecGmemLsu.$proc$rtl/sv/generated/eval_core/AecEvalCore.sv:51864$20208'.
Found async reset \reset in `\AecGmemLsu.$proc$rtl/sv/generated/eval_core/AecEvalCore.sv:51851$20205'.
Found async reset \reset in `\AecGmemLsu.$proc$rtl/sv/generated/eval_core/AecEvalCore.sv:51838$20202'.
Found async reset \reset in `\AecGmemLsu.$proc$rtl/sv/generated/eval_core/AecEvalCore.sv:51825$20199'.
Found async reset \reset in `\AecGmemLsu.$proc$rtl/sv/generated/eval_core/AecEvalCore.sv:51812$20196'.
Found async reset \reset in `\AecGmemLsu.$proc$rtl/sv/generated/eval_core/AecEvalCore.sv:51799$20193'.
Found async reset \reset in `\AecGmemLsu.$proc$rtl/sv/generated/eval_core/AecEvalCore.sv:51786$20190'.
Found async reset \reset in `\AecGmemLsu.$proc$rtl/sv/generated/eval_core/AecEvalCore.sv:51773$20187'.
Found async reset \reset in `\AecGmemLsu.$proc$rtl/sv/generated/eval_core/AecEvalCore.sv:51760$20184'.
Found async reset \reset in `\AecGmemLsu.$proc$rtl/sv/generated/eval_core/AecEvalCore.sv:51747$20181'.
Found async reset \reset in `\AecGmemLsu.$proc$rtl/sv/generated/eval_core/AecEvalCore.sv:51734$20178'.
Found async reset \reset in `\AecGmemLsu.$proc$rtl/sv/generated/eval_core/AecEvalCore.sv:51721$20175'.
Found async reset \reset in `\AecGmemLsu.$proc$rtl/sv/generated/eval_core/AecEvalCore.sv:51708$20172'.
Found async reset \reset in `\AecGmemLsu.$proc$rtl/sv/generated/eval_core/AecEvalCore.sv:51695$20169'.
Found async reset \reset in `\AecGmemLsu.$proc$rtl/sv/generated/eval_core/AecEvalCore.sv:51678$20167'.
Found async reset \reset in `\AecGmemLsu.$proc$rtl/sv/generated/eval_core/AecEvalCore.sv:51665$20163'.
Found async reset \reset in `\AecGmemLsu.$proc$rtl/sv/generated/eval_core/AecEvalCore.sv:51648$20161'.
Found async reset \reset in `\AecGmemLsu.$proc$rtl/sv/generated/eval_core/AecEvalCore.sv:51629$20158'.
Found async reset \reset in `\AecGmemLsu.$proc$rtl/sv/generated/eval_core/AecEvalCore.sv:51622$20156'.
Found async reset \reset in `\AecGmemLsu.$proc$rtl/sv/generated/eval_core/AecEvalCore.sv:51615$20154'.
Found async reset \reset in `\AecGmemLsu.$proc$rtl/sv/generated/eval_core/AecEvalCore.sv:51608$20152'.
Found async reset \reset in `\AecGmemLsu.$proc$rtl/sv/generated/eval_core/AecEvalCore.sv:51601$20150'.
Found async reset \reset in `\AecGmemLsu.$proc$rtl/sv/generated/eval_core/AecEvalCore.sv:51594$20148'.
Found async reset \reset in `\AecGmemLsu.$proc$rtl/sv/generated/eval_core/AecEvalCore.sv:51587$20146'.
Found async reset \reset in `\AecGmemLsu.$proc$rtl/sv/generated/eval_core/AecEvalCore.sv:51580$20144'.
Found async reset \reset in `\AecGmemLsu.$proc$rtl/sv/generated/eval_core/AecEvalCore.sv:51571$20143'.
Found async reset \reset in `\AecGmemLsu.$proc$rtl/sv/generated/eval_core/AecEvalCore.sv:51558$20140'.
Found async reset \reset in `\AecGmemLsu.$proc$rtl/sv/generated/eval_core/AecEvalCore.sv:51537$20137'.
Found async reset \reset in `\AecGmemLsu.$proc$rtl/sv/generated/eval_core/AecEvalCore.sv:51518$20134'.
Found async reset \reset in `\AecGmemLsu.$proc$rtl/sv/generated/eval_core/AecEvalCore.sv:51511$20132'.
Found async reset \reset in `\AecGmemLsu.$proc$rtl/sv/generated/eval_core/AecEvalCore.sv:51492$20128'.
Found async reset \reset in `\AecGmemLsu.$proc$rtl/sv/generated/eval_core/AecEvalCore.sv:51485$20126'.
Found async reset \reset in `\AecGmemLsu.$proc$rtl/sv/generated/eval_core/AecEvalCore.sv:51478$20124'.
Found async reset \reset in `\AecGmemLsu.$proc$rtl/sv/generated/eval_core/AecEvalCore.sv:51471$20122'.
Found async reset \reset in `\AecGmemLsu.$proc$rtl/sv/generated/eval_core/AecEvalCore.sv:51464$20120'.
Found async reset \reset in `\AecGmemLsu.$proc$rtl/sv/generated/eval_core/AecEvalCore.sv:51457$20118'.
Found async reset \reset in `\AecGmemLsu.$proc$rtl/sv/generated/eval_core/AecEvalCore.sv:51450$20116'.
Found async reset \reset in `\AecGmemLsu.$proc$rtl/sv/generated/eval_core/AecEvalCore.sv:51443$20114'.
Found async reset \reset in `\AecGmemLsu.$proc$rtl/sv/generated/eval_core/AecEvalCore.sv:51436$20112'.
Found async reset \reset in `\AecGmemLsu.$proc$rtl/sv/generated/eval_core/AecEvalCore.sv:51429$20110'.
Found async reset \reset in `\AecGmemLsu.$proc$rtl/sv/generated/eval_core/AecEvalCore.sv:51422$20108'.
Found async reset \reset in `\AecGmemLsu.$proc$rtl/sv/generated/eval_core/AecEvalCore.sv:51415$20106'.
Found async reset \reset in `\AecGmemLsu.$proc$rtl/sv/generated/eval_core/AecEvalCore.sv:51408$20104'.
Found async reset \reset in `\AecGmemLsu.$proc$rtl/sv/generated/eval_core/AecEvalCore.sv:51401$20102'.
Found async reset \reset in `\AecGmemLsu.$proc$rtl/sv/generated/eval_core/AecEvalCore.sv:51394$20100'.
Found async reset \reset in `\AecGmemLsu.$proc$rtl/sv/generated/eval_core/AecEvalCore.sv:51387$20098'.
Found async reset \reset in `\AecGmemLsu.$proc$rtl/sv/generated/eval_core/AecEvalCore.sv:51380$20096'.
Found async reset \reset in `\AecGmemLsu.$proc$rtl/sv/generated/eval_core/AecEvalCore.sv:51373$20094'.
Found async reset \reset in `\AecGmemLsu.$proc$rtl/sv/generated/eval_core/AecEvalCore.sv:51366$20092'.
Found async reset \reset in `\AecGmemLsu.$proc$rtl/sv/generated/eval_core/AecEvalCore.sv:51359$20090'.
Found async reset \reset in `\AecGmemLsu.$proc$rtl/sv/generated/eval_core/AecEvalCore.sv:51352$20088'.
Found async reset \reset in `\AecGmemLsu.$proc$rtl/sv/generated/eval_core/AecEvalCore.sv:51345$20086'.
Found async reset \reset in `\AecGmemLsu.$proc$rtl/sv/generated/eval_core/AecEvalCore.sv:51338$20084'.
Found async reset \reset in `\AecGmemLsu.$proc$rtl/sv/generated/eval_core/AecEvalCore.sv:51331$20082'.
Found async reset \reset in `\AecGmemLsu.$proc$rtl/sv/generated/eval_core/AecEvalCore.sv:51324$20080'.
Found async reset \reset in `\AecGmemLsu.$proc$rtl/sv/generated/eval_core/AecEvalCore.sv:51317$20078'.
Found async reset \reset in `\AecGmemLsu.$proc$rtl/sv/generated/eval_core/AecEvalCore.sv:51310$20076'.
Found async reset \reset in `\AecGmemLsu.$proc$rtl/sv/generated/eval_core/AecEvalCore.sv:51303$20074'.
Found async reset \reset in `\AecGmemLsu.$proc$rtl/sv/generated/eval_core/AecEvalCore.sv:51296$20072'.
Found async reset \reset in `\AecGmemLsu.$proc$rtl/sv/generated/eval_core/AecEvalCore.sv:51289$20070'.
Found async reset \reset in `\AecGmemLsu.$proc$rtl/sv/generated/eval_core/AecEvalCore.sv:51282$20068'.
Found async reset \reset in `\AecGmemLsu.$proc$rtl/sv/generated/eval_core/AecEvalCore.sv:51275$20066'.
Found async reset \reset in `\AecGmemLsu.$proc$rtl/sv/generated/eval_core/AecEvalCore.sv:51268$20064'.
Found async reset \reset in `\AecGmemLsu.$proc$rtl/sv/generated/eval_core/AecEvalCore.sv:51261$20062'.
Found async reset \reset in `\AecGmemLsu.$proc$rtl/sv/generated/eval_core/AecEvalCore.sv:51254$20060'.
Found async reset \reset in `\AecGmemLsu.$proc$rtl/sv/generated/eval_core/AecEvalCore.sv:51247$20058'.
Found async reset \reset in `\AecGmemLsu.$proc$rtl/sv/generated/eval_core/AecEvalCore.sv:51240$20056'.
Found async reset \reset in `\AecGmemLsu.$proc$rtl/sv/generated/eval_core/AecEvalCore.sv:51233$20054'.
Found async reset \reset in `\AecGmemLsu.$proc$rtl/sv/generated/eval_core/AecEvalCore.sv:51226$20052'.
Found async reset \reset in `\AecGmemLsu.$proc$rtl/sv/generated/eval_core/AecEvalCore.sv:51219$20050'.
Found async reset \reset in `\AecGmemLsu.$proc$rtl/sv/generated/eval_core/AecEvalCore.sv:51212$20048'.
Found async reset \reset in `\AecGmemLsu.$proc$rtl/sv/generated/eval_core/AecEvalCore.sv:51205$20046'.
Found async reset \reset in `\AecGmemLsu.$proc$rtl/sv/generated/eval_core/AecEvalCore.sv:51198$20044'.
Found async reset \reset in `\AecGmemLsu.$proc$rtl/sv/generated/eval_core/AecEvalCore.sv:51191$20042'.
Found async reset \reset in `\AecGmemLsu.$proc$rtl/sv/generated/eval_core/AecEvalCore.sv:51184$20040'.
Found async reset \reset in `\AecGmemLsu.$proc$rtl/sv/generated/eval_core/AecEvalCore.sv:51177$20038'.
Found async reset \reset in `\AecGmemLsu.$proc$rtl/sv/generated/eval_core/AecEvalCore.sv:51170$20036'.
Found async reset \reset in `\AecGmemLsu.$proc$rtl/sv/generated/eval_core/AecEvalCore.sv:51163$20034'.
Found async reset \reset in `\AecGmemLsu.$proc$rtl/sv/generated/eval_core/AecEvalCore.sv:51156$20032'.
Found async reset \reset in `\AecGmemLsu.$proc$rtl/sv/generated/eval_core/AecEvalCore.sv:51149$20030'.
Found async reset \reset in `\AecGmemLsu.$proc$rtl/sv/generated/eval_core/AecEvalCore.sv:51142$20028'.
Found async reset \reset in `\AecGmemLsu.$proc$rtl/sv/generated/eval_core/AecEvalCore.sv:51135$20026'.
Found async reset \reset in `\AecGmemLsu.$proc$rtl/sv/generated/eval_core/AecEvalCore.sv:51128$20024'.
Found async reset \reset in `\AecGmemLsu.$proc$rtl/sv/generated/eval_core/AecEvalCore.sv:51121$20022'.
Found async reset \reset in `\AecGmemLsu.$proc$rtl/sv/generated/eval_core/AecEvalCore.sv:51114$20020'.
Found async reset \reset in `\AecGmemLsu.$proc$rtl/sv/generated/eval_core/AecEvalCore.sv:51107$20018'.
Found async reset \reset in `\AecGmemLsu.$proc$rtl/sv/generated/eval_core/AecEvalCore.sv:51100$20016'.
Found async reset \reset in `\AecGmemLsu.$proc$rtl/sv/generated/eval_core/AecEvalCore.sv:51093$20014'.
Found async reset \reset in `\AecGmemLsu.$proc$rtl/sv/generated/eval_core/AecEvalCore.sv:51086$20012'.
Found async reset \reset in `\AecGmemLsu.$proc$rtl/sv/generated/eval_core/AecEvalCore.sv:51079$20010'.
Found async reset \reset in `\AecGmemLsu.$proc$rtl/sv/generated/eval_core/AecEvalCore.sv:51072$20008'.
Found async reset \reset in `\AecGmemLsu.$proc$rtl/sv/generated/eval_core/AecEvalCore.sv:51065$20006'.
Found async reset \reset in `\AecGmemLsu.$proc$rtl/sv/generated/eval_core/AecEvalCore.sv:51058$20004'.
Found async reset \reset in `\AecGmemLsu.$proc$rtl/sv/generated/eval_core/AecEvalCore.sv:51051$20002'.
Found async reset \reset in `\AecGmemLsu.$proc$rtl/sv/generated/eval_core/AecEvalCore.sv:51044$20000'.
Found async reset \reset in `\AecGmemLsu.$proc$rtl/sv/generated/eval_core/AecEvalCore.sv:51037$19998'.
Found async reset \reset in `\AecGmemLsu.$proc$rtl/sv/generated/eval_core/AecEvalCore.sv:51030$19996'.
Found async reset \reset in `\AecGmemLsu.$proc$rtl/sv/generated/eval_core/AecEvalCore.sv:51023$19994'.
Found async reset \reset in `\AecGmemLsu.$proc$rtl/sv/generated/eval_core/AecEvalCore.sv:51016$19992'.
Found async reset \reset in `\AecGmemLsu.$proc$rtl/sv/generated/eval_core/AecEvalCore.sv:51009$19990'.
Found async reset \reset in `\AecGmemLsu.$proc$rtl/sv/generated/eval_core/AecEvalCore.sv:51002$19988'.
Found async reset \reset in `\AecGmemLsu.$proc$rtl/sv/generated/eval_core/AecEvalCore.sv:50995$19986'.
Found async reset \reset in `\AecGmemLsu.$proc$rtl/sv/generated/eval_core/AecEvalCore.sv:50988$19984'.
Found async reset \reset in `\AecGmemLsu.$proc$rtl/sv/generated/eval_core/AecEvalCore.sv:50981$19982'.
Found async reset \reset in `\AecGmemLsu.$proc$rtl/sv/generated/eval_core/AecEvalCore.sv:50974$19980'.
Found async reset \reset in `\AecGmemLsu.$proc$rtl/sv/generated/eval_core/AecEvalCore.sv:50967$19978'.
Found async reset \reset in `\AecGmemLsu.$proc$rtl/sv/generated/eval_core/AecEvalCore.sv:50960$19976'.
Found async reset \reset in `\AecGmemLsu.$proc$rtl/sv/generated/eval_core/AecEvalCore.sv:50953$19974'.
Found async reset \reset in `\AecGmemLsu.$proc$rtl/sv/generated/eval_core/AecEvalCore.sv:50946$19972'.
Found async reset \reset in `\AecGmemLsu.$proc$rtl/sv/generated/eval_core/AecEvalCore.sv:50939$19970'.
Found async reset \reset in `\AecGmemLsu.$proc$rtl/sv/generated/eval_core/AecEvalCore.sv:50932$19968'.
Found async reset \reset in `\AecGmemLsu.$proc$rtl/sv/generated/eval_core/AecEvalCore.sv:50925$19966'.
Found async reset \reset in `\AecGmemLsu.$proc$rtl/sv/generated/eval_core/AecEvalCore.sv:50918$19964'.
Found async reset \reset in `\AecGmemLsu.$proc$rtl/sv/generated/eval_core/AecEvalCore.sv:50911$19962'.
Found async reset \reset in `\AecGmemLsu.$proc$rtl/sv/generated/eval_core/AecEvalCore.sv:50904$19960'.
Found async reset \reset in `\AecGmemLsu.$proc$rtl/sv/generated/eval_core/AecEvalCore.sv:50897$19958'.
Found async reset \reset in `\AecGmemLsu.$proc$rtl/sv/generated/eval_core/AecEvalCore.sv:50890$19956'.
Found async reset \reset in `\AecGmemLsu.$proc$rtl/sv/generated/eval_core/AecEvalCore.sv:50883$19954'.
Found async reset \reset in `\AecGmemLsu.$proc$rtl/sv/generated/eval_core/AecEvalCore.sv:50876$19952'.
Found async reset \reset in `\AecGmemLsu.$proc$rtl/sv/generated/eval_core/AecEvalCore.sv:50869$19950'.
Found async reset \reset in `\AecGmemLsu.$proc$rtl/sv/generated/eval_core/AecEvalCore.sv:50862$19948'.
Found async reset \reset in `\AecGmemLsu.$proc$rtl/sv/generated/eval_core/AecEvalCore.sv:50855$19946'.
Found async reset \reset in `\AecGmemLsu.$proc$rtl/sv/generated/eval_core/AecEvalCore.sv:50848$19944'.
Found async reset \reset in `\AecGmemLsu.$proc$rtl/sv/generated/eval_core/AecEvalCore.sv:50841$19942'.
Found async reset \reset in `\AecGmemLsu.$proc$rtl/sv/generated/eval_core/AecEvalCore.sv:50834$19940'.
Found async reset \reset in `\AecGmemLsu.$proc$rtl/sv/generated/eval_core/AecEvalCore.sv:50827$19938'.
Found async reset \reset in `\AecGmemLsu.$proc$rtl/sv/generated/eval_core/AecEvalCore.sv:50820$19936'.
Found async reset \reset in `\AecGmemLsu.$proc$rtl/sv/generated/eval_core/AecEvalCore.sv:50813$19934'.
Found async reset \reset in `\AecGmemLsu.$proc$rtl/sv/generated/eval_core/AecEvalCore.sv:50806$19932'.
Found async reset \reset in `\AecGmemLsu.$proc$rtl/sv/generated/eval_core/AecEvalCore.sv:50799$19930'.
Found async reset \reset in `\AecGmemLsu.$proc$rtl/sv/generated/eval_core/AecEvalCore.sv:50792$19928'.
Found async reset \reset in `\AecGmemLsu.$proc$rtl/sv/generated/eval_core/AecEvalCore.sv:50785$19926'.
Found async reset \reset in `\AecGmemLsu.$proc$rtl/sv/generated/eval_core/AecEvalCore.sv:50778$19924'.
Found async reset \reset in `\AecGmemLsu.$proc$rtl/sv/generated/eval_core/AecEvalCore.sv:50771$19922'.
Found async reset \reset in `\AecGmemLsu.$proc$rtl/sv/generated/eval_core/AecEvalCore.sv:50764$19920'.
Found async reset \reset in `\AecGmemLsu.$proc$rtl/sv/generated/eval_core/AecEvalCore.sv:50757$19918'.
Found async reset \reset in `\AecGmemLsu.$proc$rtl/sv/generated/eval_core/AecEvalCore.sv:50750$19916'.
Found async reset \reset in `\AecGmemLsu.$proc$rtl/sv/generated/eval_core/AecEvalCore.sv:50743$19914'.
Found async reset \reset in `\AecGmemLsu.$proc$rtl/sv/generated/eval_core/AecEvalCore.sv:50736$19912'.
Found async reset \reset in `\AecGmemLsu.$proc$rtl/sv/generated/eval_core/AecEvalCore.sv:50729$19910'.
Found async reset \reset in `\AecGmemLsu.$proc$rtl/sv/generated/eval_core/AecEvalCore.sv:50722$19908'.
Found async reset \reset in `\AecGmemLsu.$proc$rtl/sv/generated/eval_core/AecEvalCore.sv:50715$19906'.
Found async reset \reset in `\AecGmemLsu.$proc$rtl/sv/generated/eval_core/AecEvalCore.sv:50708$19904'.
Found async reset \reset in `\AecGmemLsu.$proc$rtl/sv/generated/eval_core/AecEvalCore.sv:50701$19902'.
Found async reset \reset in `\AecGmemLsu.$proc$rtl/sv/generated/eval_core/AecEvalCore.sv:50694$19900'.
Found async reset \reset in `\AecGmemLsu.$proc$rtl/sv/generated/eval_core/AecEvalCore.sv:50687$19898'.
Found async reset \reset in `\AecGmemLsu.$proc$rtl/sv/generated/eval_core/AecEvalCore.sv:50680$19896'.
Found async reset \reset in `\AecGmemLsu.$proc$rtl/sv/generated/eval_core/AecEvalCore.sv:50673$19894'.
Found async reset \reset in `\AecGmemLsu.$proc$rtl/sv/generated/eval_core/AecEvalCore.sv:50666$19892'.
Found async reset \reset in `\AecGmemLsu.$proc$rtl/sv/generated/eval_core/AecEvalCore.sv:50659$19890'.
Found async reset \reset in `\AecGmemLsu.$proc$rtl/sv/generated/eval_core/AecEvalCore.sv:50652$19888'.
Found async reset \reset in `\AecGmemLsu.$proc$rtl/sv/generated/eval_core/AecEvalCore.sv:50645$19886'.
Found async reset \reset in `\AecGmemLsu.$proc$rtl/sv/generated/eval_core/AecEvalCore.sv:50638$19884'.
Found async reset \reset in `\AecGmemLsu.$proc$rtl/sv/generated/eval_core/AecEvalCore.sv:50631$19882'.
Found async reset \reset in `\AecGmemLsu.$proc$rtl/sv/generated/eval_core/AecEvalCore.sv:50624$19880'.
Found async reset \reset in `\AecGmemLsu.$proc$rtl/sv/generated/eval_core/AecEvalCore.sv:50617$19878'.
Found async reset \reset in `\AecGmemLsu.$proc$rtl/sv/generated/eval_core/AecEvalCore.sv:50610$19876'.
Found async reset \reset in `\AecGmemLsu.$proc$rtl/sv/generated/eval_core/AecEvalCore.sv:50603$19874'.
Found async reset \reset in `\AecGmemLsu.$proc$rtl/sv/generated/eval_core/AecEvalCore.sv:50596$19872'.
Found async reset \reset in `\AecGmemLsu.$proc$rtl/sv/generated/eval_core/AecEvalCore.sv:50589$19870'.
Found async reset \reset in `\AecGmemLsu.$proc$rtl/sv/generated/eval_core/AecEvalCore.sv:50582$19868'.
Found async reset \reset in `\AecGmemLsu.$proc$rtl/sv/generated/eval_core/AecEvalCore.sv:50575$19866'.
Found async reset \reset in `\AecGmemLsu.$proc$rtl/sv/generated/eval_core/AecEvalCore.sv:50568$19864'.
Found async reset \reset in `\AecGmemLsu.$proc$rtl/sv/generated/eval_core/AecEvalCore.sv:50561$19862'.
Found async reset \reset in `\AecGmemLsu.$proc$rtl/sv/generated/eval_core/AecEvalCore.sv:50554$19860'.
Found async reset \reset in `\AecGmemLsu.$proc$rtl/sv/generated/eval_core/AecEvalCore.sv:50547$19858'.
Found async reset \reset in `\AecGmemLsu.$proc$rtl/sv/generated/eval_core/AecEvalCore.sv:50540$19856'.
Found async reset \reset in `\AecGmemLsu.$proc$rtl/sv/generated/eval_core/AecEvalCore.sv:50533$19854'.
Found async reset \reset in `\AecGmemLsu.$proc$rtl/sv/generated/eval_core/AecEvalCore.sv:50526$19852'.
Found async reset \reset in `\AecGmemLsu.$proc$rtl/sv/generated/eval_core/AecEvalCore.sv:50519$19850'.
Found async reset \reset in `\AecGmemLsu.$proc$rtl/sv/generated/eval_core/AecEvalCore.sv:50512$19848'.
Found async reset \reset in `\AecGmemLsu.$proc$rtl/sv/generated/eval_core/AecEvalCore.sv:50505$19846'.
Found async reset \reset in `\AecGmemLsu.$proc$rtl/sv/generated/eval_core/AecEvalCore.sv:50498$19844'.
Found async reset \reset in `\AecGmemLsu.$proc$rtl/sv/generated/eval_core/AecEvalCore.sv:50491$19842'.
Found async reset \reset in `\AecGmemLsu.$proc$rtl/sv/generated/eval_core/AecEvalCore.sv:50484$19840'.
Found async reset \reset in `\AecGmemLsu.$proc$rtl/sv/generated/eval_core/AecEvalCore.sv:50477$19838'.
Found async reset \reset in `\AecGmemLsu.$proc$rtl/sv/generated/eval_core/AecEvalCore.sv:50470$19836'.
Found async reset \reset in `\AecGmemLsu.$proc$rtl/sv/generated/eval_core/AecEvalCore.sv:50463$19834'.
Found async reset \reset in `\AecGmemLsu.$proc$rtl/sv/generated/eval_core/AecEvalCore.sv:50456$19832'.
Found async reset \reset in `\AecGmemLsu.$proc$rtl/sv/generated/eval_core/AecEvalCore.sv:50449$19830'.
Found async reset \reset in `\AecGmemLsu.$proc$rtl/sv/generated/eval_core/AecEvalCore.sv:50442$19828'.
Found async reset \reset in `\AecGmemLsu.$proc$rtl/sv/generated/eval_core/AecEvalCore.sv:50435$19826'.
Found async reset \reset in `\AecGmemLsu.$proc$rtl/sv/generated/eval_core/AecEvalCore.sv:50428$19824'.
Found async reset \reset in `\AecGmemLsu.$proc$rtl/sv/generated/eval_core/AecEvalCore.sv:50421$19822'.
Found async reset \reset in `\AecGmemLsu.$proc$rtl/sv/generated/eval_core/AecEvalCore.sv:50414$19820'.
Found async reset \reset in `\AecGmemLsu.$proc$rtl/sv/generated/eval_core/AecEvalCore.sv:50407$19818'.
Found async reset \reset in `\AecGmemLsu.$proc$rtl/sv/generated/eval_core/AecEvalCore.sv:50400$19816'.
Found async reset \reset in `\AecGmemLsu.$proc$rtl/sv/generated/eval_core/AecEvalCore.sv:50393$19814'.
Found async reset \reset in `\AecGmemLsu.$proc$rtl/sv/generated/eval_core/AecEvalCore.sv:50386$19812'.
Found async reset \reset in `\AecGmemLsu.$proc$rtl/sv/generated/eval_core/AecEvalCore.sv:50379$19810'.
Found async reset \reset in `\AecGmemLsu.$proc$rtl/sv/generated/eval_core/AecEvalCore.sv:50372$19808'.
Found async reset \reset in `\AecGmemLsu.$proc$rtl/sv/generated/eval_core/AecEvalCore.sv:50365$19806'.
Found async reset \reset in `\AecGmemLsu.$proc$rtl/sv/generated/eval_core/AecEvalCore.sv:50358$19804'.
Found async reset \reset in `\AecGmemLsu.$proc$rtl/sv/generated/eval_core/AecEvalCore.sv:50351$19802'.
Found async reset \reset in `\AecGmemLsu.$proc$rtl/sv/generated/eval_core/AecEvalCore.sv:50344$19800'.
Found async reset \reset in `\AecGmemLsu.$proc$rtl/sv/generated/eval_core/AecEvalCore.sv:50337$19798'.
Found async reset \reset in `\AecGmemLsu.$proc$rtl/sv/generated/eval_core/AecEvalCore.sv:50330$19796'.
Found async reset \reset in `\AecGmemLsu.$proc$rtl/sv/generated/eval_core/AecEvalCore.sv:50323$19794'.
Found async reset \reset in `\AecGmemLsu.$proc$rtl/sv/generated/eval_core/AecEvalCore.sv:50316$19792'.
Found async reset \reset in `\AecGmemLsu.$proc$rtl/sv/generated/eval_core/AecEvalCore.sv:50309$19790'.
Found async reset \reset in `\AecGmemLsu.$proc$rtl/sv/generated/eval_core/AecEvalCore.sv:50302$19788'.
Found async reset \reset in `\AecGmemLsu.$proc$rtl/sv/generated/eval_core/AecEvalCore.sv:50295$19786'.
Found async reset \reset in `\AecGmemLsu.$proc$rtl/sv/generated/eval_core/AecEvalCore.sv:50288$19784'.
Found async reset \reset in `\AecGmemLsu.$proc$rtl/sv/generated/eval_core/AecEvalCore.sv:50281$19782'.
Found async reset \reset in `\AecGmemLsu.$proc$rtl/sv/generated/eval_core/AecEvalCore.sv:50274$19780'.
Found async reset \reset in `\AecGmemLsu.$proc$rtl/sv/generated/eval_core/AecEvalCore.sv:50267$19778'.
Found async reset \reset in `\AecGmemLsu.$proc$rtl/sv/generated/eval_core/AecEvalCore.sv:50260$19776'.
Found async reset \reset in `\AecGmemLsu.$proc$rtl/sv/generated/eval_core/AecEvalCore.sv:50253$19774'.
Found async reset \reset in `\AecGmemLsu.$proc$rtl/sv/generated/eval_core/AecEvalCore.sv:50246$19772'.
Found async reset \reset in `\AecGmemLsu.$proc$rtl/sv/generated/eval_core/AecEvalCore.sv:50239$19770'.
Found async reset \reset in `\AecGmemLsu.$proc$rtl/sv/generated/eval_core/AecEvalCore.sv:50232$19768'.
Found async reset \reset in `\AecGmemLsu.$proc$rtl/sv/generated/eval_core/AecEvalCore.sv:50225$19766'.
Found async reset \reset in `\AecGmemLsu.$proc$rtl/sv/generated/eval_core/AecEvalCore.sv:50218$19764'.
Found async reset \reset in `\AecGmemLsu.$proc$rtl/sv/generated/eval_core/AecEvalCore.sv:50211$19762'.
Found async reset \reset in `\AecGmemLsu.$proc$rtl/sv/generated/eval_core/AecEvalCore.sv:50204$19760'.
Found async reset \reset in `\AecGmemLsu.$proc$rtl/sv/generated/eval_core/AecEvalCore.sv:50197$19758'.
Found async reset \reset in `\AecGmemLsu.$proc$rtl/sv/generated/eval_core/AecEvalCore.sv:50190$19756'.
Found async reset \reset in `\AecGmemLsu.$proc$rtl/sv/generated/eval_core/AecEvalCore.sv:50183$19754'.
Found async reset \reset in `\AecGmemLsu.$proc$rtl/sv/generated/eval_core/AecEvalCore.sv:50176$19752'.
Found async reset \reset in `\AecGmemLsu.$proc$rtl/sv/generated/eval_core/AecEvalCore.sv:50169$19750'.
Found async reset \reset in `\AecGmemLsu.$proc$rtl/sv/generated/eval_core/AecEvalCore.sv:50162$19748'.
Found async reset \reset in `\AecGmemLsu.$proc$rtl/sv/generated/eval_core/AecEvalCore.sv:50155$19746'.
Found async reset \reset in `\AecGmemLsu.$proc$rtl/sv/generated/eval_core/AecEvalCore.sv:50148$19744'.
Found async reset \reset in `\AecGmemLsu.$proc$rtl/sv/generated/eval_core/AecEvalCore.sv:50141$19742'.
Found async reset \reset in `\AecGmemLsu.$proc$rtl/sv/generated/eval_core/AecEvalCore.sv:50134$19740'.
Found async reset \reset in `\AecGmemLsu.$proc$rtl/sv/generated/eval_core/AecEvalCore.sv:50127$19738'.
Found async reset \reset in `\AecGmemLsu.$proc$rtl/sv/generated/eval_core/AecEvalCore.sv:50120$19736'.
Found async reset \reset in `\AecGmemLsu.$proc$rtl/sv/generated/eval_core/AecEvalCore.sv:50113$19734'.
Found async reset \reset in `\AecGmemLsu.$proc$rtl/sv/generated/eval_core/AecEvalCore.sv:50106$19732'.
Found async reset \reset in `\AecGmemLsu.$proc$rtl/sv/generated/eval_core/AecEvalCore.sv:50099$19730'.
Found async reset \reset in `\AecGmemLsu.$proc$rtl/sv/generated/eval_core/AecEvalCore.sv:50092$19728'.
Found async reset \reset in `\AecGmemLsu.$proc$rtl/sv/generated/eval_core/AecEvalCore.sv:50085$19726'.
Found async reset \reset in `\AecGmemLsu.$proc$rtl/sv/generated/eval_core/AecEvalCore.sv:50078$19724'.
Found async reset \reset in `\AecGmemLsu.$proc$rtl/sv/generated/eval_core/AecEvalCore.sv:50071$19722'.
Found async reset \reset in `\AecGmemLsu.$proc$rtl/sv/generated/eval_core/AecEvalCore.sv:50064$19720'.
Found async reset \reset in `\AecGmemLsu.$proc$rtl/sv/generated/eval_core/AecEvalCore.sv:50057$19718'.
Found async reset \reset in `\AecGmemLsu.$proc$rtl/sv/generated/eval_core/AecEvalCore.sv:50050$19716'.
Found async reset \reset in `\AecGmemLsu.$proc$rtl/sv/generated/eval_core/AecEvalCore.sv:50043$19714'.
Found async reset \reset in `\AecGmemLsu.$proc$rtl/sv/generated/eval_core/AecEvalCore.sv:50036$19712'.
Found async reset \reset in `\AecGmemLsu.$proc$rtl/sv/generated/eval_core/AecEvalCore.sv:50029$19710'.
Found async reset \reset in `\AecGmemLsu.$proc$rtl/sv/generated/eval_core/AecEvalCore.sv:50022$19708'.
Found async reset \reset in `\AecGmemLsu.$proc$rtl/sv/generated/eval_core/AecEvalCore.sv:50015$19706'.
Found async reset \reset in `\AecGmemLsu.$proc$rtl/sv/generated/eval_core/AecEvalCore.sv:50008$19704'.
Found async reset \reset in `\AecGmemLsu.$proc$rtl/sv/generated/eval_core/AecEvalCore.sv:50001$19702'.
Found async reset \reset in `\AecGmemLsu.$proc$rtl/sv/generated/eval_core/AecEvalCore.sv:49994$19700'.
Found async reset \reset in `\AecGmemLsu.$proc$rtl/sv/generated/eval_core/AecEvalCore.sv:49987$19698'.
Found async reset \reset in `\AecGmemLsu.$proc$rtl/sv/generated/eval_core/AecEvalCore.sv:49980$19696'.
Found async reset \reset in `\AecGmemLsu.$proc$rtl/sv/generated/eval_core/AecEvalCore.sv:49973$19694'.
Found async reset \reset in `\AecGmemLsu.$proc$rtl/sv/generated/eval_core/AecEvalCore.sv:49966$19692'.
Found async reset \reset in `\AecGmemLsu.$proc$rtl/sv/generated/eval_core/AecEvalCore.sv:49959$19690'.
Found async reset \reset in `\AecGmemLsu.$proc$rtl/sv/generated/eval_core/AecEvalCore.sv:49952$19688'.
Found async reset \reset in `\AecGmemLsu.$proc$rtl/sv/generated/eval_core/AecEvalCore.sv:49945$19686'.
Found async reset \reset in `\AecGmemLsu.$proc$rtl/sv/generated/eval_core/AecEvalCore.sv:49938$19684'.
Found async reset \reset in `\AecGmemLsu.$proc$rtl/sv/generated/eval_core/AecEvalCore.sv:49931$19682'.
Found async reset \reset in `\AecGmemLsu.$proc$rtl/sv/generated/eval_core/AecEvalCore.sv:49924$19680'.
Found async reset \reset in `\AecGmemLsu.$proc$rtl/sv/generated/eval_core/AecEvalCore.sv:49917$19678'.
Found async reset \reset in `\AecGmemLsu.$proc$rtl/sv/generated/eval_core/AecEvalCore.sv:49910$19676'.
Found async reset \reset in `\AecGmemLsu.$proc$rtl/sv/generated/eval_core/AecEvalCore.sv:49903$19674'.
Found async reset \reset in `\AecGmemLsu.$proc$rtl/sv/generated/eval_core/AecEvalCore.sv:49896$19672'.
Found async reset \reset in `\AecGmemLsu.$proc$rtl/sv/generated/eval_core/AecEvalCore.sv:49889$19670'.
Found async reset \reset in `\AecGmemLsu.$proc$rtl/sv/generated/eval_core/AecEvalCore.sv:49882$19668'.
Found async reset \reset in `\AecGmemLsu.$proc$rtl/sv/generated/eval_core/AecEvalCore.sv:49875$19666'.
Found async reset \reset in `\AecGmemLsu.$proc$rtl/sv/generated/eval_core/AecEvalCore.sv:49868$19664'.
Found async reset \reset in `\AecGmemLsu.$proc$rtl/sv/generated/eval_core/AecEvalCore.sv:49861$19662'.
Found async reset \reset in `\AecGmemLsu.$proc$rtl/sv/generated/eval_core/AecEvalCore.sv:49854$19660'.
Found async reset \reset in `\AecGmemLsu.$proc$rtl/sv/generated/eval_core/AecEvalCore.sv:49847$19658'.
Found async reset \reset in `\AecGmemLsu.$proc$rtl/sv/generated/eval_core/AecEvalCore.sv:49840$19656'.
Found async reset \reset in `\AecGmemLsu.$proc$rtl/sv/generated/eval_core/AecEvalCore.sv:49833$19654'.
Found async reset \reset in `\AecGmemLsu.$proc$rtl/sv/generated/eval_core/AecEvalCore.sv:49826$19652'.
Found async reset \reset in `\AecGmemLsu.$proc$rtl/sv/generated/eval_core/AecEvalCore.sv:49819$19650'.
Found async reset \reset in `\AecGmemLsu.$proc$rtl/sv/generated/eval_core/AecEvalCore.sv:49812$19648'.
Found async reset \reset in `\AecGmemLsu.$proc$rtl/sv/generated/eval_core/AecEvalCore.sv:49805$19646'.
Found async reset \reset in `\AecGmemLsu.$proc$rtl/sv/generated/eval_core/AecEvalCore.sv:49798$19644'.
Found async reset \reset in `\AecGmemLsu.$proc$rtl/sv/generated/eval_core/AecEvalCore.sv:49791$19642'.
Found async reset \reset in `\AecGmemLsu.$proc$rtl/sv/generated/eval_core/AecEvalCore.sv:49784$19640'.
Found async reset \reset in `\AecGmemLsu.$proc$rtl/sv/generated/eval_core/AecEvalCore.sv:49777$19638'.
Found async reset \reset in `\AecGmemLsu.$proc$rtl/sv/generated/eval_core/AecEvalCore.sv:49770$19636'.
Found async reset \reset in `\AecGmemLsu.$proc$rtl/sv/generated/eval_core/AecEvalCore.sv:49763$19634'.
Found async reset \reset in `\AecGmemLsu.$proc$rtl/sv/generated/eval_core/AecEvalCore.sv:49756$19632'.
Found async reset \reset in `\AecGmemLsu.$proc$rtl/sv/generated/eval_core/AecEvalCore.sv:49749$19630'.
Found async reset \reset in `\AecGmemLsu.$proc$rtl/sv/generated/eval_core/AecEvalCore.sv:49742$19628'.
Found async reset \reset in `\AecGmemLsu.$proc$rtl/sv/generated/eval_core/AecEvalCore.sv:49735$19626'.
Found async reset \reset in `\AecGmemLsu.$proc$rtl/sv/generated/eval_core/AecEvalCore.sv:49728$19624'.
Found async reset \reset in `\AecGmemLsu.$proc$rtl/sv/generated/eval_core/AecEvalCore.sv:49721$19622'.
Found async reset \reset in `\AecGmemLsu.$proc$rtl/sv/generated/eval_core/AecEvalCore.sv:49714$19620'.
Found async reset \reset in `\AecGmemLsu.$proc$rtl/sv/generated/eval_core/AecEvalCore.sv:49707$19618'.
Found async reset \reset in `\AecGmemLsu.$proc$rtl/sv/generated/eval_core/AecEvalCore.sv:49700$19616'.
Found async reset \reset in `\AecGmemLsu.$proc$rtl/sv/generated/eval_core/AecEvalCore.sv:49693$19614'.
Found async reset \reset in `\AecGmemLsu.$proc$rtl/sv/generated/eval_core/AecEvalCore.sv:49686$19612'.
Found async reset \reset in `\AecGmemLsu.$proc$rtl/sv/generated/eval_core/AecEvalCore.sv:49679$19610'.
Found async reset \reset in `\AecGmemLsu.$proc$rtl/sv/generated/eval_core/AecEvalCore.sv:49672$19608'.
Found async reset \reset in `\AecGmemLsu.$proc$rtl/sv/generated/eval_core/AecEvalCore.sv:49665$19606'.
Found async reset \reset in `\AecGmemLsu.$proc$rtl/sv/generated/eval_core/AecEvalCore.sv:49658$19604'.
Found async reset \reset in `\AecGmemLsu.$proc$rtl/sv/generated/eval_core/AecEvalCore.sv:49651$19602'.
Found async reset \reset in `\AecGmemLsu.$proc$rtl/sv/generated/eval_core/AecEvalCore.sv:49644$19600'.
Found async reset \reset in `\AecGmemLsu.$proc$rtl/sv/generated/eval_core/AecEvalCore.sv:49637$19598'.
Found async reset \reset in `\AecGmemLsu.$proc$rtl/sv/generated/eval_core/AecEvalCore.sv:49630$19596'.
Found async reset \reset in `\AecGmemLsu.$proc$rtl/sv/generated/eval_core/AecEvalCore.sv:49623$19594'.
Found async reset \reset in `\AecGmemLsu.$proc$rtl/sv/generated/eval_core/AecEvalCore.sv:49616$19592'.
Found async reset \reset in `\AecGmemLsu.$proc$rtl/sv/generated/eval_core/AecEvalCore.sv:49609$19590'.
Found async reset \reset in `\AecGmemLsu.$proc$rtl/sv/generated/eval_core/AecEvalCore.sv:49602$19588'.
Found async reset \reset in `\AecGmemLsu.$proc$rtl/sv/generated/eval_core/AecEvalCore.sv:49595$19586'.
Found async reset \reset in `\AecGmemLsu.$proc$rtl/sv/generated/eval_core/AecEvalCore.sv:49588$19584'.
Found async reset \reset in `\AecGmemLsu.$proc$rtl/sv/generated/eval_core/AecEvalCore.sv:49581$19582'.
Found async reset \reset in `\AecGmemLsu.$proc$rtl/sv/generated/eval_core/AecEvalCore.sv:49574$19580'.
Found async reset \reset in `\AecGmemLsu.$proc$rtl/sv/generated/eval_core/AecEvalCore.sv:49567$19578'.
Found async reset \reset in `\AecGmemLsu.$proc$rtl/sv/generated/eval_core/AecEvalCore.sv:49560$19576'.
Found async reset \reset in `\AecGmemLsu.$proc$rtl/sv/generated/eval_core/AecEvalCore.sv:49553$19574'.
Found async reset \reset in `\AecGmemLsu.$proc$rtl/sv/generated/eval_core/AecEvalCore.sv:49546$19572'.
Found async reset \reset in `\AecGmemLsu.$proc$rtl/sv/generated/eval_core/AecEvalCore.sv:49539$19570'.
Found async reset \reset in `\AecGmemLsu.$proc$rtl/sv/generated/eval_core/AecEvalCore.sv:49532$19568'.
Found async reset \reset in `\AecGmemLsu.$proc$rtl/sv/generated/eval_core/AecEvalCore.sv:49525$19566'.
Found async reset \reset in `\AecGmemLsu.$proc$rtl/sv/generated/eval_core/AecEvalCore.sv:49518$19564'.
Found async reset \reset in `\AecGmemLsu.$proc$rtl/sv/generated/eval_core/AecEvalCore.sv:49511$19562'.
Found async reset \reset in `\AecGmemLsu.$proc$rtl/sv/generated/eval_core/AecEvalCore.sv:49504$19560'.
Found async reset \reset in `\AecGmemLsu.$proc$rtl/sv/generated/eval_core/AecEvalCore.sv:49497$19558'.
Found async reset \reset in `\AecGmemLsu.$proc$rtl/sv/generated/eval_core/AecEvalCore.sv:49490$19556'.
Found async reset \reset in `\AecGmemLsu.$proc$rtl/sv/generated/eval_core/AecEvalCore.sv:49483$19554'.
Found async reset \reset in `\AecGmemLsu.$proc$rtl/sv/generated/eval_core/AecEvalCore.sv:49476$19552'.
Found async reset \reset in `\AecGmemLsu.$proc$rtl/sv/generated/eval_core/AecEvalCore.sv:49469$19550'.
Found async reset \reset in `\AecGmemLsu.$proc$rtl/sv/generated/eval_core/AecEvalCore.sv:49462$19548'.
Found async reset \reset in `\AecGmemLsu.$proc$rtl/sv/generated/eval_core/AecEvalCore.sv:49455$19546'.
Found async reset \reset in `\AecGmemLsu.$proc$rtl/sv/generated/eval_core/AecEvalCore.sv:49448$19544'.
Found async reset \reset in `\AecGmemLsu.$proc$rtl/sv/generated/eval_core/AecEvalCore.sv:49441$19542'.
Found async reset \reset in `\AecGmemLsu.$proc$rtl/sv/generated/eval_core/AecEvalCore.sv:49434$19540'.
Found async reset \reset in `\AecGmemLsu.$proc$rtl/sv/generated/eval_core/AecEvalCore.sv:49427$19538'.
Found async reset \reset in `\AecGmemLsu.$proc$rtl/sv/generated/eval_core/AecEvalCore.sv:49420$19536'.
Found async reset \reset in `\AecGmemLsu.$proc$rtl/sv/generated/eval_core/AecEvalCore.sv:49413$19534'.
Found async reset \reset in `\AecGmemLsu.$proc$rtl/sv/generated/eval_core/AecEvalCore.sv:49406$19532'.
Found async reset \reset in `\AecGmemLsu.$proc$rtl/sv/generated/eval_core/AecEvalCore.sv:49399$19530'.
Found async reset \reset in `\AecGmemLsu.$proc$rtl/sv/generated/eval_core/AecEvalCore.sv:49392$19528'.
Found async reset \reset in `\AecGmemLsu.$proc$rtl/sv/generated/eval_core/AecEvalCore.sv:49385$19526'.
Found async reset \reset in `\AecGmemLsu.$proc$rtl/sv/generated/eval_core/AecEvalCore.sv:49378$19524'.
Found async reset \reset in `\AecGmemLsu.$proc$rtl/sv/generated/eval_core/AecEvalCore.sv:49371$19522'.
Found async reset \reset in `\AecGmemLsu.$proc$rtl/sv/generated/eval_core/AecEvalCore.sv:49364$19520'.
Found async reset \reset in `\AecGmemLsu.$proc$rtl/sv/generated/eval_core/AecEvalCore.sv:49357$19518'.
Found async reset \reset in `\AecGmemLsu.$proc$rtl/sv/generated/eval_core/AecEvalCore.sv:49350$19516'.
Found async reset \reset in `\AecGmemLsu.$proc$rtl/sv/generated/eval_core/AecEvalCore.sv:49343$19514'.
Found async reset \reset in `\AecGmemLsu.$proc$rtl/sv/generated/eval_core/AecEvalCore.sv:49336$19512'.
Found async reset \reset in `\AecGmemLsu.$proc$rtl/sv/generated/eval_core/AecEvalCore.sv:49329$19510'.
Found async reset \reset in `\AecGmemLsu.$proc$rtl/sv/generated/eval_core/AecEvalCore.sv:49322$19508'.
Found async reset \reset in `\AecGmemLsu.$proc$rtl/sv/generated/eval_core/AecEvalCore.sv:49315$19506'.
Found async reset \reset in `\AecGmemLsu.$proc$rtl/sv/generated/eval_core/AecEvalCore.sv:49308$19504'.
Found async reset \reset in `\AecGmemLsu.$proc$rtl/sv/generated/eval_core/AecEvalCore.sv:49301$19502'.
Found async reset \reset in `\AecGmemLsu.$proc$rtl/sv/generated/eval_core/AecEvalCore.sv:49294$19500'.
Found async reset \reset in `\AecGmemLsu.$proc$rtl/sv/generated/eval_core/AecEvalCore.sv:49287$19498'.
Found async reset \reset in `\AecGmemLsu.$proc$rtl/sv/generated/eval_core/AecEvalCore.sv:49280$19496'.
Found async reset \reset in `\AecGmemLsu.$proc$rtl/sv/generated/eval_core/AecEvalCore.sv:49273$19494'.
Found async reset \reset in `\AecGmemLsu.$proc$rtl/sv/generated/eval_core/AecEvalCore.sv:49266$19492'.
Found async reset \reset in `\AecGmemLsu.$proc$rtl/sv/generated/eval_core/AecEvalCore.sv:49259$19490'.
Found async reset \reset in `\AecGmemLsu.$proc$rtl/sv/generated/eval_core/AecEvalCore.sv:49252$19488'.
Found async reset \reset in `\AecGmemLsu.$proc$rtl/sv/generated/eval_core/AecEvalCore.sv:49245$19486'.
Found async reset \reset in `\AecGmemLsu.$proc$rtl/sv/generated/eval_core/AecEvalCore.sv:49238$19484'.
Found async reset \reset in `\AecGmemLsu.$proc$rtl/sv/generated/eval_core/AecEvalCore.sv:49231$19482'.
Found async reset \reset in `\AecGmemLsu.$proc$rtl/sv/generated/eval_core/AecEvalCore.sv:49224$19480'.
Found async reset \reset in `\AecGmemLsu.$proc$rtl/sv/generated/eval_core/AecEvalCore.sv:49217$19478'.
Found async reset \reset in `\AecGmemLsu.$proc$rtl/sv/generated/eval_core/AecEvalCore.sv:49210$19476'.
Found async reset \reset in `\AecGmemLsu.$proc$rtl/sv/generated/eval_core/AecEvalCore.sv:49203$19474'.
Found async reset \reset in `\AecGmemLsu.$proc$rtl/sv/generated/eval_core/AecEvalCore.sv:49196$19472'.
Found async reset \reset in `\AecGmemLsu.$proc$rtl/sv/generated/eval_core/AecEvalCore.sv:49189$19470'.
Found async reset \reset in `\AecGmemLsu.$proc$rtl/sv/generated/eval_core/AecEvalCore.sv:49182$19468'.
Found async reset \reset in `\AecGmemLsu.$proc$rtl/sv/generated/eval_core/AecEvalCore.sv:49175$19466'.
Found async reset \reset in `\AecGmemLsu.$proc$rtl/sv/generated/eval_core/AecEvalCore.sv:49168$19464'.
Found async reset \reset in `\AecGmemLsu.$proc$rtl/sv/generated/eval_core/AecEvalCore.sv:49161$19462'.
Found async reset \reset in `\AecGmemLsu.$proc$rtl/sv/generated/eval_core/AecEvalCore.sv:49154$19460'.
Found async reset \reset in `\AecGmemLsu.$proc$rtl/sv/generated/eval_core/AecEvalCore.sv:49147$19458'.
Found async reset \reset in `\AecGmemLsu.$proc$rtl/sv/generated/eval_core/AecEvalCore.sv:49140$19456'.
Found async reset \reset in `\AecGmemLsu.$proc$rtl/sv/generated/eval_core/AecEvalCore.sv:49133$19454'.
Found async reset \reset in `\AecGmemLsu.$proc$rtl/sv/generated/eval_core/AecEvalCore.sv:49126$19452'.
Found async reset \reset in `\AecGmemLsu.$proc$rtl/sv/generated/eval_core/AecEvalCore.sv:49119$19450'.
Found async reset \reset in `\AecGmemLsu.$proc$rtl/sv/generated/eval_core/AecEvalCore.sv:49112$19448'.
Found async reset \reset in `\AecGmemLsu.$proc$rtl/sv/generated/eval_core/AecEvalCore.sv:49105$19446'.
Found async reset \reset in `\AecGmemLsu.$proc$rtl/sv/generated/eval_core/AecEvalCore.sv:49098$19444'.
Found async reset \reset in `\AecGmemLsu.$proc$rtl/sv/generated/eval_core/AecEvalCore.sv:49091$19442'.
Found async reset \reset in `\AecGmemLsu.$proc$rtl/sv/generated/eval_core/AecEvalCore.sv:49084$19440'.
Found async reset \reset in `\AecGmemLsu.$proc$rtl/sv/generated/eval_core/AecEvalCore.sv:49077$19438'.
Found async reset \reset in `\AecGmemLsu.$proc$rtl/sv/generated/eval_core/AecEvalCore.sv:49070$19436'.
Found async reset \reset in `\AecGmemLsu.$proc$rtl/sv/generated/eval_core/AecEvalCore.sv:49063$19434'.
Found async reset \reset in `\AecGmemLsu.$proc$rtl/sv/generated/eval_core/AecEvalCore.sv:49056$19432'.
Found async reset \reset in `\AecGmemLsu.$proc$rtl/sv/generated/eval_core/AecEvalCore.sv:49049$19430'.
Found async reset \reset in `\AecGmemLsu.$proc$rtl/sv/generated/eval_core/AecEvalCore.sv:49042$19428'.
Found async reset \reset in `\AecGmemLsu.$proc$rtl/sv/generated/eval_core/AecEvalCore.sv:49035$19426'.
Found async reset \reset in `\AecGmemLsu.$proc$rtl/sv/generated/eval_core/AecEvalCore.sv:49028$19424'.
Found async reset \reset in `\AecGmemLsu.$proc$rtl/sv/generated/eval_core/AecEvalCore.sv:49021$19422'.
Found async reset \reset in `\AecGmemLsu.$proc$rtl/sv/generated/eval_core/AecEvalCore.sv:49014$19420'.
Found async reset \reset in `\AecGmemLsu.$proc$rtl/sv/generated/eval_core/AecEvalCore.sv:49007$19418'.
Found async reset \reset in `\AecGmemLsu.$proc$rtl/sv/generated/eval_core/AecEvalCore.sv:49000$19416'.
Found async reset \reset in `\AecGmemLsu.$proc$rtl/sv/generated/eval_core/AecEvalCore.sv:48993$19414'.
Found async reset \reset in `\AecGmemLsu.$proc$rtl/sv/generated/eval_core/AecEvalCore.sv:48986$19412'.
Found async reset \reset in `\AecGmemLsu.$proc$rtl/sv/generated/eval_core/AecEvalCore.sv:48979$19410'.
Found async reset \reset in `\AecGmemLsu.$proc$rtl/sv/generated/eval_core/AecEvalCore.sv:48972$19408'.
Found async reset \reset in `\AecGmemLsu.$proc$rtl/sv/generated/eval_core/AecEvalCore.sv:48965$19406'.
Found async reset \reset in `\AecGmemLsu.$proc$rtl/sv/generated/eval_core/AecEvalCore.sv:48958$19404'.
Found async reset \reset in `\AecGmemLsu.$proc$rtl/sv/generated/eval_core/AecEvalCore.sv:48951$19402'.
Found async reset \reset in `\AecGmemLsu.$proc$rtl/sv/generated/eval_core/AecEvalCore.sv:48944$19400'.
Found async reset \reset in `\AecGmemLsu.$proc$rtl/sv/generated/eval_core/AecEvalCore.sv:48937$19398'.
Found async reset \reset in `\AecGmemLsu.$proc$rtl/sv/generated/eval_core/AecEvalCore.sv:48930$19396'.
Found async reset \reset in `\AecGmemLsu.$proc$rtl/sv/generated/eval_core/AecEvalCore.sv:48923$19394'.
Found async reset \reset in `\AecGmemLsu.$proc$rtl/sv/generated/eval_core/AecEvalCore.sv:48916$19392'.
Found async reset \reset in `\AecGmemLsu.$proc$rtl/sv/generated/eval_core/AecEvalCore.sv:48909$19390'.
Found async reset \reset in `\AecGmemLsu.$proc$rtl/sv/generated/eval_core/AecEvalCore.sv:48902$19388'.
Found async reset \reset in `\AecGmemLsu.$proc$rtl/sv/generated/eval_core/AecEvalCore.sv:48895$19386'.
Found async reset \reset in `\AecGmemLsu.$proc$rtl/sv/generated/eval_core/AecEvalCore.sv:48888$19384'.
Found async reset \reset in `\AecGmemLsu.$proc$rtl/sv/generated/eval_core/AecEvalCore.sv:48881$19382'.
Found async reset \reset in `\AecGmemLsu.$proc$rtl/sv/generated/eval_core/AecEvalCore.sv:48874$19380'.
Found async reset \reset in `\AecGmemLsu.$proc$rtl/sv/generated/eval_core/AecEvalCore.sv:48867$19378'.
Found async reset \reset in `\AecGmemLsu.$proc$rtl/sv/generated/eval_core/AecEvalCore.sv:48860$19376'.
Found async reset \reset in `\AecGmemLsu.$proc$rtl/sv/generated/eval_core/AecEvalCore.sv:48853$19374'.
Found async reset \reset in `\AecGmemLsu.$proc$rtl/sv/generated/eval_core/AecEvalCore.sv:48846$19372'.
Found async reset \reset in `\AecGmemLsu.$proc$rtl/sv/generated/eval_core/AecEvalCore.sv:48839$19370'.
Found async reset \reset in `\AecGmemLsu.$proc$rtl/sv/generated/eval_core/AecEvalCore.sv:48832$19368'.
Found async reset \reset in `\AecGmemLsu.$proc$rtl/sv/generated/eval_core/AecEvalCore.sv:48825$19366'.
Found async reset \reset in `\AecGmemLsu.$proc$rtl/sv/generated/eval_core/AecEvalCore.sv:48818$19364'.
Found async reset \reset in `\AecGmemLsu.$proc$rtl/sv/generated/eval_core/AecEvalCore.sv:48811$19362'.
Found async reset \reset in `\AecGmemLsu.$proc$rtl/sv/generated/eval_core/AecEvalCore.sv:48804$19360'.
Found async reset \reset in `\AecGmemLsu.$proc$rtl/sv/generated/eval_core/AecEvalCore.sv:48785$19356'.

3.6. Executing PROC_ROM pass (convert switches to ROMs).
Converted 0 switches.
<suppressed ~679 debug messages>

3.7. Executing PROC_MUX pass (convert decision trees to multiplexers).
Creating decoders for process `\AecGmemLsu.$proc$rtl/sv/generated/eval_core/AecEvalCore.sv:52417$20301'.
     1/1: $0\loadReqValid[0:0]
Creating decoders for process `\AecGmemLsu.$proc$rtl/sv/generated/eval_core/AecEvalCore.sv:52400$20299'.
     1/1: $0\loadSlotValid_15[0:0]
Creating decoders for process `\AecGmemLsu.$proc$rtl/sv/generated/eval_core/AecEvalCore.sv:52383$20297'.
     1/1: $0\loadSlotValid_14[0:0]
Creating decoders for process `\AecGmemLsu.$proc$rtl/sv/generated/eval_core/AecEvalCore.sv:52366$20295'.
     1/1: $0\loadSlotValid_13[0:0]
Creating decoders for process `\AecGmemLsu.$proc$rtl/sv/generated/eval_core/AecEvalCore.sv:52349$20293'.
     1/1: $0\loadSlotValid_12[0:0]
Creating decoders for process `\AecGmemLsu.$proc$rtl/sv/generated/eval_core/AecEvalCore.sv:52332$20291'.
     1/1: $0\loadSlotValid_11[0:0]
Creating decoders for process `\AecGmemLsu.$proc$rtl/sv/generated/eval_core/AecEvalCore.sv:52315$20289'.
     1/1: $0\loadSlotValid_10[0:0]
Creating decoders for process `\AecGmemLsu.$proc$rtl/sv/generated/eval_core/AecEvalCore.sv:52298$20287'.
     1/1: $0\loadSlotValid_9[0:0]
Creating decoders for process `\AecGmemLsu.$proc$rtl/sv/generated/eval_core/AecEvalCore.sv:52281$20285'.
     1/1: $0\loadSlotValid_8[0:0]
Creating decoders for process `\AecGmemLsu.$proc$rtl/sv/generated/eval_core/AecEvalCore.sv:52264$20283'.
     1/1: $0\loadSlotValid_7[0:0]
Creating decoders for process `\AecGmemLsu.$proc$rtl/sv/generated/eval_core/AecEvalCore.sv:52247$20281'.
     1/1: $0\loadSlotValid_6[0:0]
Creating decoders for process `\AecGmemLsu.$proc$rtl/sv/generated/eval_core/AecEvalCore.sv:52230$20279'.
     1/1: $0\loadSlotValid_5[0:0]
Creating decoders for process `\AecGmemLsu.$proc$rtl/sv/generated/eval_core/AecEvalCore.sv:52213$20277'.
     1/1: $0\loadSlotValid_4[0:0]
Creating decoders for process `\AecGmemLsu.$proc$rtl/sv/generated/eval_core/AecEvalCore.sv:52196$20275'.
     1/1: $0\loadSlotValid_3[0:0]
Creating decoders for process `\AecGmemLsu.$proc$rtl/sv/generated/eval_core/AecEvalCore.sv:52179$20273'.
     1/1: $0\loadSlotValid_2[0:0]
Creating decoders for process `\AecGmemLsu.$proc$rtl/sv/generated/eval_core/AecEvalCore.sv:52162$20271'.
     1/1: $0\loadSlotValid_1[0:0]
Creating decoders for process `\AecGmemLsu.$proc$rtl/sv/generated/eval_core/AecEvalCore.sv:52145$20269'.
     1/1: $0\loadSlotValid_0[0:0]
Creating decoders for process `\AecGmemLsu.$proc$rtl/sv/generated/eval_core/AecEvalCore.sv:52128$20267'.
     1/1: $0\loadAbort[0:0]
Creating decoders for process `\AecGmemLsu.$proc$rtl/sv/generated/eval_core/AecEvalCore.sv:52111$20265'.
     1/1: $0\error[0:0]
Creating decoders for process `\AecGmemLsu.$proc$rtl/sv/generated/eval_core/AecEvalCore.sv:52098$20262'.
     1/1: $0\data_31[63:0]
Creating decoders for process `\AecGmemLsu.$proc$rtl/sv/generated/eval_core/AecEvalCore.sv:52085$20259'.
     1/1: $0\data_30[63:0]
Creating decoders for process `\AecGmemLsu.$proc$rtl/sv/generated/eval_core/AecEvalCore.sv:52072$20256'.
     1/1: $0\data_29[63:0]
Creating decoders for process `\AecGmemLsu.$proc$rtl/sv/generated/eval_core/AecEvalCore.sv:52059$20253'.
     1/1: $0\data_28[63:0]
Creating decoders for process `\AecGmemLsu.$proc$rtl/sv/generated/eval_core/AecEvalCore.sv:52046$20250'.
     1/1: $0\data_27[63:0]
Creating decoders for process `\AecGmemLsu.$proc$rtl/sv/generated/eval_core/AecEvalCore.sv:52033$20247'.
     1/1: $0\data_26[63:0]
Creating decoders for process `\AecGmemLsu.$proc$rtl/sv/generated/eval_core/AecEvalCore.sv:52020$20244'.
     1/1: $0\data_25[63:0]
Creating decoders for process `\AecGmemLsu.$proc$rtl/sv/generated/eval_core/AecEvalCore.sv:52007$20241'.
     1/1: $0\data_24[63:0]
Creating decoders for process `\AecGmemLsu.$proc$rtl/sv/generated/eval_core/AecEvalCore.sv:51994$20238'.
     1/1: $0\data_23[63:0]
Creating decoders for process `\AecGmemLsu.$proc$rtl/sv/generated/eval_core/AecEvalCore.sv:51981$20235'.
     1/1: $0\data_22[63:0]
Creating decoders for process `\AecGmemLsu.$proc$rtl/sv/generated/eval_core/AecEvalCore.sv:51968$20232'.
     1/1: $0\data_21[63:0]
Creating decoders for process `\AecGmemLsu.$proc$rtl/sv/generated/eval_core/AecEvalCore.sv:51955$20229'.
     1/1: $0\data_20[63:0]
Creating decoders for process `\AecGmemLsu.$proc$rtl/sv/generated/eval_core/AecEvalCore.sv:51942$20226'.
     1/1: $0\data_19[63:0]
Creating decoders for process `\AecGmemLsu.$proc$rtl/sv/generated/eval_core/AecEvalCore.sv:51929$20223'.
     1/1: $0\data_18[63:0]
Creating decoders for process `\AecGmemLsu.$proc$rtl/sv/generated/eval_core/AecEvalCore.sv:51916$20220'.
     1/1: $0\data_17[63:0]
Creating decoders for process `\AecGmemLsu.$proc$rtl/sv/generated/eval_core/AecEvalCore.sv:51903$20217'.
     1/1: $0\data_16[63:0]
Creating decoders for process `\AecGmemLsu.$proc$rtl/sv/generated/eval_core/AecEvalCore.sv:51890$20214'.
     1/1: $0\data_15[63:0]
Creating decoders for process `\AecGmemLsu.$proc$rtl/sv/generated/eval_core/AecEvalCore.sv:51877$20211'.
     1/1: $0\data_14[63:0]
Creating decoders for process `\AecGmemLsu.$proc$rtl/sv/generated/eval_core/AecEvalCore.sv:51864$20208'.
     1/1: $0\data_13[63:0]
Creating decoders for process `\AecGmemLsu.$proc$rtl/sv/generated/eval_core/AecEvalCore.sv:51851$20205'.
     1/1: $0\data_12[63:0]
Creating decoders for process `\AecGmemLsu.$proc$rtl/sv/generated/eval_core/AecEvalCore.sv:51838$20202'.
     1/1: $0\data_11[63:0]
Creating decoders for process `\AecGmemLsu.$proc$rtl/sv/generated/eval_core/AecEvalCore.sv:51825$20199'.
     1/1: $0\data_10[63:0]
Creating decoders for process `\AecGmemLsu.$proc$rtl/sv/generated/eval_core/AecEvalCore.sv:51812$20196'.
     1/1: $0\data_9[63:0]
Creating decoders for process `\AecGmemLsu.$proc$rtl/sv/generated/eval_core/AecEvalCore.sv:51799$20193'.
     1/1: $0\data_8[63:0]
Creating decoders for process `\AecGmemLsu.$proc$rtl/sv/generated/eval_core/AecEvalCore.sv:51786$20190'.
     1/1: $0\data_7[63:0]
Creating decoders for process `\AecGmemLsu.$proc$rtl/sv/generated/eval_core/AecEvalCore.sv:51773$20187'.
     1/1: $0\data_6[63:0]
Creating decoders for process `\AecGmemLsu.$proc$rtl/sv/generated/eval_core/AecEvalCore.sv:51760$20184'.
     1/1: $0\data_5[63:0]
Creating decoders for process `\AecGmemLsu.$proc$rtl/sv/generated/eval_core/AecEvalCore.sv:51747$20181'.
     1/1: $0\data_4[63:0]
Creating decoders for process `\AecGmemLsu.$proc$rtl/sv/generated/eval_core/AecEvalCore.sv:51734$20178'.
     1/1: $0\data_3[63:0]
Creating decoders for process `\AecGmemLsu.$proc$rtl/sv/generated/eval_core/AecEvalCore.sv:51721$20175'.
     1/1: $0\data_2[63:0]
Creating decoders for process `\AecGmemLsu.$proc$rtl/sv/generated/eval_core/AecEvalCore.sv:51708$20172'.
     1/1: $0\data_1[63:0]
Creating decoders for process `\AecGmemLsu.$proc$rtl/sv/generated/eval_core/AecEvalCore.sv:51695$20169'.
     1/1: $0\data_0[63:0]
Creating decoders for process `\AecGmemLsu.$proc$rtl/sv/generated/eval_core/AecEvalCore.sv:51678$20167'.
     1/1: $0\atomicPendingLanes[31:0]
Creating decoders for process `\AecGmemLsu.$proc$rtl/sv/generated/eval_core/AecEvalCore.sv:51665$20163'.
     1/1: $0\atomicWrite[0:0]
Creating decoders for process `\AecGmemLsu.$proc$rtl/sv/generated/eval_core/AecEvalCore.sv:51648$20161'.
     1/1: $0\preflight[0:0]
Creating decoders for process `\AecGmemLsu.$proc$rtl/sv/generated/eval_core/AecEvalCore.sv:51629$20158'.
     1/1: $0\lineAddress[31:0]
Creating decoders for process `\AecGmemLsu.$proc$rtl/sv/generated/eval_core/AecEvalCore.sv:51622$20156'.
     1/1: $0\workHighByteMask[3:0]
Creating decoders for process `\AecGmemLsu.$proc$rtl/sv/generated/eval_core/AecEvalCore.sv:51615$20154'.
     1/1: $0\workLowByteMask[3:0]
Creating decoders for process `\AecGmemLsu.$proc$rtl/sv/generated/eval_core/AecEvalCore.sv:51608$20152'.
     1/1: $0\workHighData[31:0]
Creating decoders for process `\AecGmemLsu.$proc$rtl/sv/generated/eval_core/AecEvalCore.sv:51601$20150'.
     1/1: $0\workLowData[31:0]
Creating decoders for process `\AecGmemLsu.$proc$rtl/sv/generated/eval_core/AecEvalCore.sv:51594$20148'.
     1/1: $0\workWord[4:0]
Creating decoders for process `\AecGmemLsu.$proc$rtl/sv/generated/eval_core/AecEvalCore.sv:51587$20146'.
     1/1: $0\workIndex[5:0]
Creating decoders for process `\AecGmemLsu.$proc$rtl/sv/generated/eval_core/AecEvalCore.sv:51580$20144'.
     1/1: $0\workMatch[0:0]
Creating decoders for process `\AecGmemLsu.$proc$rtl/sv/generated/eval_core/AecEvalCore.sv:51571$20143'.
     1/1: $0\workValid[0:0]
Creating decoders for process `\AecGmemLsu.$proc$rtl/sv/generated/eval_core/AecEvalCore.sv:51558$20140'.
     1/1: $0\scanIndex[5:0]
Creating decoders for process `\AecGmemLsu.$proc$rtl/sv/generated/eval_core/AecEvalCore.sv:51537$20137'.
     1/1: $0\scatterParts[63:0]
Creating decoders for process `\AecGmemLsu.$proc$rtl/sv/generated/eval_core/AecEvalCore.sv:51518$20134'.
     1/1: $0\currentGroup[63:0]
Creating decoders for process `\AecGmemLsu.$proc$rtl/sv/generated/eval_core/AecEvalCore.sv:51511$20132'.
     1/1: $0\allParts[63:0]
Creating decoders for process `\AecGmemLsu.$proc$rtl/sv/generated/eval_core/AecEvalCore.sv:51492$20128'.
     1/1: $0\pendingParts[63:0]
Creating decoders for process `\AecGmemLsu.$proc$rtl/sv/generated/eval_core/AecEvalCore.sv:51485$20126'.
     1/1: $0\captureCompare_31_3[0:0]
Creating decoders for process `\AecGmemLsu.$proc$rtl/sv/generated/eval_core/AecEvalCore.sv:51478$20124'.
     1/1: $0\captureCompare_31_2[0:0]
Creating decoders for process `\AecGmemLsu.$proc$rtl/sv/generated/eval_core/AecEvalCore.sv:51471$20122'.
     1/1: $0\captureCompare_31_1[0:0]
Creating decoders for process `\AecGmemLsu.$proc$rtl/sv/generated/eval_core/AecEvalCore.sv:51464$20120'.
     1/1: $0\captureCompare_31_0[0:0]
Creating decoders for process `\AecGmemLsu.$proc$rtl/sv/generated/eval_core/AecEvalCore.sv:51457$20118'.
     1/1: $0\captureCompare_30_3[0:0]
Creating decoders for process `\AecGmemLsu.$proc$rtl/sv/generated/eval_core/AecEvalCore.sv:51450$20116'.
     1/1: $0\captureCompare_30_2[0:0]
Creating decoders for process `\AecGmemLsu.$proc$rtl/sv/generated/eval_core/AecEvalCore.sv:51443$20114'.
     1/1: $0\captureCompare_30_1[0:0]
Creating decoders for process `\AecGmemLsu.$proc$rtl/sv/generated/eval_core/AecEvalCore.sv:51436$20112'.
     1/1: $0\captureCompare_30_0[0:0]
Creating decoders for process `\AecGmemLsu.$proc$rtl/sv/generated/eval_core/AecEvalCore.sv:51429$20110'.
     1/1: $0\captureCompare_29_3[0:0]
Creating decoders for process `\AecGmemLsu.$proc$rtl/sv/generated/eval_core/AecEvalCore.sv:51422$20108'.
     1/1: $0\captureCompare_29_2[0:0]
Creating decoders for process `\AecGmemLsu.$proc$rtl/sv/generated/eval_core/AecEvalCore.sv:51415$20106'.
     1/1: $0\captureCompare_29_1[0:0]
Creating decoders for process `\AecGmemLsu.$proc$rtl/sv/generated/eval_core/AecEvalCore.sv:51408$20104'.
     1/1: $0\captureCompare_29_0[0:0]
Creating decoders for process `\AecGmemLsu.$proc$rtl/sv/generated/eval_core/AecEvalCore.sv:51401$20102'.
     1/1: $0\captureCompare_28_3[0:0]
Creating decoders for process `\AecGmemLsu.$proc$rtl/sv/generated/eval_core/AecEvalCore.sv:51394$20100'.
     1/1: $0\captureCompare_28_2[0:0]
Creating decoders for process `\AecGmemLsu.$proc$rtl/sv/generated/eval_core/AecEvalCore.sv:51387$20098'.
     1/1: $0\captureCompare_28_1[0:0]
Creating decoders for process `\AecGmemLsu.$proc$rtl/sv/generated/eval_core/AecEvalCore.sv:51380$20096'.
     1/1: $0\captureCompare_28_0[0:0]
Creating decoders for process `\AecGmemLsu.$proc$rtl/sv/generated/eval_core/AecEvalCore.sv:51373$20094'.
     1/1: $0\captureCompare_27_3[0:0]
Creating decoders for process `\AecGmemLsu.$proc$rtl/sv/generated/eval_core/AecEvalCore.sv:51366$20092'.
     1/1: $0\captureCompare_27_2[0:0]
Creating decoders for process `\AecGmemLsu.$proc$rtl/sv/generated/eval_core/AecEvalCore.sv:51359$20090'.
     1/1: $0\captureCompare_27_1[0:0]
Creating decoders for process `\AecGmemLsu.$proc$rtl/sv/generated/eval_core/AecEvalCore.sv:51352$20088'.
     1/1: $0\captureCompare_27_0[0:0]
Creating decoders for process `\AecGmemLsu.$proc$rtl/sv/generated/eval_core/AecEvalCore.sv:51345$20086'.
     1/1: $0\captureCompare_26_3[0:0]
Creating decoders for process `\AecGmemLsu.$proc$rtl/sv/generated/eval_core/AecEvalCore.sv:51338$20084'.
     1/1: $0\captureCompare_26_2[0:0]
Creating decoders for process `\AecGmemLsu.$proc$rtl/sv/generated/eval_core/AecEvalCore.sv:51331$20082'.
     1/1: $0\captureCompare_26_1[0:0]
Creating decoders for process `\AecGmemLsu.$proc$rtl/sv/generated/eval_core/AecEvalCore.sv:51324$20080'.
     1/1: $0\captureCompare_26_0[0:0]
Creating decoders for process `\AecGmemLsu.$proc$rtl/sv/generated/eval_core/AecEvalCore.sv:51317$20078'.
     1/1: $0\captureCompare_25_3[0:0]
Creating decoders for process `\AecGmemLsu.$proc$rtl/sv/generated/eval_core/AecEvalCore.sv:51310$20076'.
     1/1: $0\captureCompare_25_2[0:0]
Creating decoders for process `\AecGmemLsu.$proc$rtl/sv/generated/eval_core/AecEvalCore.sv:51303$20074'.
     1/1: $0\captureCompare_25_1[0:0]
Creating decoders for process `\AecGmemLsu.$proc$rtl/sv/generated/eval_core/AecEvalCore.sv:51296$20072'.
     1/1: $0\captureCompare_25_0[0:0]
Creating decoders for process `\AecGmemLsu.$proc$rtl/sv/generated/eval_core/AecEvalCore.sv:51289$20070'.
     1/1: $0\captureCompare_24_3[0:0]
Creating decoders for process `\AecGmemLsu.$proc$rtl/sv/generated/eval_core/AecEvalCore.sv:51282$20068'.
     1/1: $0\captureCompare_24_2[0:0]
Creating decoders for process `\AecGmemLsu.$proc$rtl/sv/generated/eval_core/AecEvalCore.sv:51275$20066'.
     1/1: $0\captureCompare_24_1[0:0]
Creating decoders for process `\AecGmemLsu.$proc$rtl/sv/generated/eval_core/AecEvalCore.sv:51268$20064'.
     1/1: $0\captureCompare_24_0[0:0]
Creating decoders for process `\AecGmemLsu.$proc$rtl/sv/generated/eval_core/AecEvalCore.sv:51261$20062'.
     1/1: $0\captureCompare_23_3[0:0]
Creating decoders for process `\AecGmemLsu.$proc$rtl/sv/generated/eval_core/AecEvalCore.sv:51254$20060'.
     1/1: $0\captureCompare_23_2[0:0]
Creating decoders for process `\AecGmemLsu.$proc$rtl/sv/generated/eval_core/AecEvalCore.sv:51247$20058'.
     1/1: $0\captureCompare_23_1[0:0]
Creating decoders for process `\AecGmemLsu.$proc$rtl/sv/generated/eval_core/AecEvalCore.sv:51240$20056'.
     1/1: $0\captureCompare_23_0[0:0]
Creating decoders for process `\AecGmemLsu.$proc$rtl/sv/generated/eval_core/AecEvalCore.sv:51233$20054'.
     1/1: $0\captureCompare_22_3[0:0]
Creating decoders for process `\AecGmemLsu.$proc$rtl/sv/generated/eval_core/AecEvalCore.sv:51226$20052'.
     1/1: $0\captureCompare_22_2[0:0]
Creating decoders for process `\AecGmemLsu.$proc$rtl/sv/generated/eval_core/AecEvalCore.sv:51219$20050'.
     1/1: $0\captureCompare_22_1[0:0]
Creating decoders for process `\AecGmemLsu.$proc$rtl/sv/generated/eval_core/AecEvalCore.sv:51212$20048'.
     1/1: $0\captureCompare_22_0[0:0]
Creating decoders for process `\AecGmemLsu.$proc$rtl/sv/generated/eval_core/AecEvalCore.sv:51205$20046'.
     1/1: $0\captureCompare_21_3[0:0]
Creating decoders for process `\AecGmemLsu.$proc$rtl/sv/generated/eval_core/AecEvalCore.sv:51198$20044'.
     1/1: $0\captureCompare_21_2[0:0]
Creating decoders for process `\AecGmemLsu.$proc$rtl/sv/generated/eval_core/AecEvalCore.sv:51191$20042'.
     1/1: $0\captureCompare_21_1[0:0]
Creating decoders for process `\AecGmemLsu.$proc$rtl/sv/generated/eval_core/AecEvalCore.sv:51184$20040'.
     1/1: $0\captureCompare_21_0[0:0]
Creating decoders for process `\AecGmemLsu.$proc$rtl/sv/generated/eval_core/AecEvalCore.sv:51177$20038'.
     1/1: $0\captureCompare_20_3[0:0]
Creating decoders for process `\AecGmemLsu.$proc$rtl/sv/generated/eval_core/AecEvalCore.sv:51170$20036'.
     1/1: $0\captureCompare_20_2[0:0]
Creating decoders for process `\AecGmemLsu.$proc$rtl/sv/generated/eval_core/AecEvalCore.sv:51163$20034'.
     1/1: $0\captureCompare_20_1[0:0]
Creating decoders for process `\AecGmemLsu.$proc$rtl/sv/generated/eval_core/AecEvalCore.sv:51156$20032'.
     1/1: $0\captureCompare_20_0[0:0]
Creating decoders for process `\AecGmemLsu.$proc$rtl/sv/generated/eval_core/AecEvalCore.sv:51149$20030'.
     1/1: $0\captureCompare_19_3[0:0]
Creating decoders for process `\AecGmemLsu.$proc$rtl/sv/generated/eval_core/AecEvalCore.sv:51142$20028'.
     1/1: $0\captureCompare_19_2[0:0]
Creating decoders for process `\AecGmemLsu.$proc$rtl/sv/generated/eval_core/AecEvalCore.sv:51135$20026'.
     1/1: $0\captureCompare_19_1[0:0]
Creating decoders for process `\AecGmemLsu.$proc$rtl/sv/generated/eval_core/AecEvalCore.sv:51128$20024'.
     1/1: $0\captureCompare_19_0[0:0]
Creating decoders for process `\AecGmemLsu.$proc$rtl/sv/generated/eval_core/AecEvalCore.sv:51121$20022'.
     1/1: $0\captureCompare_18_3[0:0]
Creating decoders for process `\AecGmemLsu.$proc$rtl/sv/generated/eval_core/AecEvalCore.sv:51114$20020'.
     1/1: $0\captureCompare_18_2[0:0]
Creating decoders for process `\AecGmemLsu.$proc$rtl/sv/generated/eval_core/AecEvalCore.sv:51107$20018'.
     1/1: $0\captureCompare_18_1[0:0]
Creating decoders for process `\AecGmemLsu.$proc$rtl/sv/generated/eval_core/AecEvalCore.sv:51100$20016'.
     1/1: $0\captureCompare_18_0[0:0]
Creating decoders for process `\AecGmemLsu.$proc$rtl/sv/generated/eval_core/AecEvalCore.sv:51093$20014'.
     1/1: $0\captureCompare_17_3[0:0]
Creating decoders for process `\AecGmemLsu.$proc$rtl/sv/generated/eval_core/AecEvalCore.sv:51086$20012'.
     1/1: $0\captureCompare_17_2[0:0]
Creating decoders for process `\AecGmemLsu.$proc$rtl/sv/generated/eval_core/AecEvalCore.sv:51079$20010'.
     1/1: $0\captureCompare_17_1[0:0]
Creating decoders for process `\AecGmemLsu.$proc$rtl/sv/generated/eval_core/AecEvalCore.sv:51072$20008'.
     1/1: $0\captureCompare_17_0[0:0]
Creating decoders for process `\AecGmemLsu.$proc$rtl/sv/generated/eval_core/AecEvalCore.sv:51065$20006'.
     1/1: $0\captureCompare_16_3[0:0]
Creating decoders for process `\AecGmemLsu.$proc$rtl/sv/generated/eval_core/AecEvalCore.sv:51058$20004'.
     1/1: $0\captureCompare_16_2[0:0]
Creating decoders for process `\AecGmemLsu.$proc$rtl/sv/generated/eval_core/AecEvalCore.sv:51051$20002'.
     1/1: $0\captureCompare_16_1[0:0]
Creating decoders for process `\AecGmemLsu.$proc$rtl/sv/generated/eval_core/AecEvalCore.sv:51044$20000'.
     1/1: $0\captureCompare_16_0[0:0]
Creating decoders for process `\AecGmemLsu.$proc$rtl/sv/generated/eval_core/AecEvalCore.sv:51037$19998'.
     1/1: $0\captureCompare_15_3[0:0]
Creating decoders for process `\AecGmemLsu.$proc$rtl/sv/generated/eval_core/AecEvalCore.sv:51030$19996'.
     1/1: $0\captureCompare_15_2[0:0]
Creating decoders for process `\AecGmemLsu.$proc$rtl/sv/generated/eval_core/AecEvalCore.sv:51023$19994'.
     1/1: $0\captureCompare_15_1[0:0]
Creating decoders for process `\AecGmemLsu.$proc$rtl/sv/generated/eval_core/AecEvalCore.sv:51016$19992'.
     1/1: $0\captureCompare_15_0[0:0]
Creating decoders for process `\AecGmemLsu.$proc$rtl/sv/generated/eval_core/AecEvalCore.sv:51009$19990'.
     1/1: $0\captureCompare_14_3[0:0]
Creating decoders for process `\AecGmemLsu.$proc$rtl/sv/generated/eval_core/AecEvalCore.sv:51002$19988'.
     1/1: $0\captureCompare_14_2[0:0]
Creating decoders for process `\AecGmemLsu.$proc$rtl/sv/generated/eval_core/AecEvalCore.sv:50995$19986'.
     1/1: $0\captureCompare_14_1[0:0]
Creating decoders for process `\AecGmemLsu.$proc$rtl/sv/generated/eval_core/AecEvalCore.sv:50988$19984'.
     1/1: $0\captureCompare_14_0[0:0]
Creating decoders for process `\AecGmemLsu.$proc$rtl/sv/generated/eval_core/AecEvalCore.sv:50981$19982'.
     1/1: $0\captureCompare_13_3[0:0]
Creating decoders for process `\AecGmemLsu.$proc$rtl/sv/generated/eval_core/AecEvalCore.sv:50974$19980'.
     1/1: $0\captureCompare_13_2[0:0]
Creating decoders for process `\AecGmemLsu.$proc$rtl/sv/generated/eval_core/AecEvalCore.sv:50967$19978'.
     1/1: $0\captureCompare_13_1[0:0]
Creating decoders for process `\AecGmemLsu.$proc$rtl/sv/generated/eval_core/AecEvalCore.sv:50960$19976'.
     1/1: $0\captureCompare_13_0[0:0]
Creating decoders for process `\AecGmemLsu.$proc$rtl/sv/generated/eval_core/AecEvalCore.sv:50953$19974'.
     1/1: $0\captureCompare_12_3[0:0]
Creating decoders for process `\AecGmemLsu.$proc$rtl/sv/generated/eval_core/AecEvalCore.sv:50946$19972'.
     1/1: $0\captureCompare_12_2[0:0]
Creating decoders for process `\AecGmemLsu.$proc$rtl/sv/generated/eval_core/AecEvalCore.sv:50939$19970'.
     1/1: $0\captureCompare_12_1[0:0]
Creating decoders for process `\AecGmemLsu.$proc$rtl/sv/generated/eval_core/AecEvalCore.sv:50932$19968'.
     1/1: $0\captureCompare_12_0[0:0]
Creating decoders for process `\AecGmemLsu.$proc$rtl/sv/generated/eval_core/AecEvalCore.sv:50925$19966'.
     1/1: $0\captureCompare_11_3[0:0]
Creating decoders for process `\AecGmemLsu.$proc$rtl/sv/generated/eval_core/AecEvalCore.sv:50918$19964'.
     1/1: $0\captureCompare_11_2[0:0]
Creating decoders for process `\AecGmemLsu.$proc$rtl/sv/generated/eval_core/AecEvalCore.sv:50911$19962'.
     1/1: $0\captureCompare_11_1[0:0]
Creating decoders for process `\AecGmemLsu.$proc$rtl/sv/generated/eval_core/AecEvalCore.sv:50904$19960'.
     1/1: $0\captureCompare_11_0[0:0]
Creating decoders for process `\AecGmemLsu.$proc$rtl/sv/generated/eval_core/AecEvalCore.sv:50897$19958'.
     1/1: $0\captureCompare_10_3[0:0]
Creating decoders for process `\AecGmemLsu.$proc$rtl/sv/generated/eval_core/AecEvalCore.sv:50890$19956'.
     1/1: $0\captureCompare_10_2[0:0]
Creating decoders for process `\AecGmemLsu.$proc$rtl/sv/generated/eval_core/AecEvalCore.sv:50883$19954'.
     1/1: $0\captureCompare_10_1[0:0]
Creating decoders for process `\AecGmemLsu.$proc$rtl/sv/generated/eval_core/AecEvalCore.sv:50876$19952'.
     1/1: $0\captureCompare_10_0[0:0]
Creating decoders for process `\AecGmemLsu.$proc$rtl/sv/generated/eval_core/AecEvalCore.sv:50869$19950'.
     1/1: $0\captureCompare_9_3[0:0]
Creating decoders for process `\AecGmemLsu.$proc$rtl/sv/generated/eval_core/AecEvalCore.sv:50862$19948'.
     1/1: $0\captureCompare_9_2[0:0]
Creating decoders for process `\AecGmemLsu.$proc$rtl/sv/generated/eval_core/AecEvalCore.sv:50855$19946'.
     1/1: $0\captureCompare_9_1[0:0]
Creating decoders for process `\AecGmemLsu.$proc$rtl/sv/generated/eval_core/AecEvalCore.sv:50848$19944'.
     1/1: $0\captureCompare_9_0[0:0]
Creating decoders for process `\AecGmemLsu.$proc$rtl/sv/generated/eval_core/AecEvalCore.sv:50841$19942'.
     1/1: $0\captureCompare_8_3[0:0]
Creating decoders for process `\AecGmemLsu.$proc$rtl/sv/generated/eval_core/AecEvalCore.sv:50834$19940'.
     1/1: $0\captureCompare_8_2[0:0]
Creating decoders for process `\AecGmemLsu.$proc$rtl/sv/generated/eval_core/AecEvalCore.sv:50827$19938'.
     1/1: $0\captureCompare_8_1[0:0]
Creating decoders for process `\AecGmemLsu.$proc$rtl/sv/generated/eval_core/AecEvalCore.sv:50820$19936'.
     1/1: $0\captureCompare_8_0[0:0]
Creating decoders for process `\AecGmemLsu.$proc$rtl/sv/generated/eval_core/AecEvalCore.sv:50813$19934'.
     1/1: $0\captureCompare_7_3[0:0]
Creating decoders for process `\AecGmemLsu.$proc$rtl/sv/generated/eval_core/AecEvalCore.sv:50806$19932'.
     1/1: $0\captureCompare_7_2[0:0]
Creating decoders for process `\AecGmemLsu.$proc$rtl/sv/generated/eval_core/AecEvalCore.sv:50799$19930'.
     1/1: $0\captureCompare_7_1[0:0]
Creating decoders for process `\AecGmemLsu.$proc$rtl/sv/generated/eval_core/AecEvalCore.sv:50792$19928'.
     1/1: $0\captureCompare_7_0[0:0]
Creating decoders for process `\AecGmemLsu.$proc$rtl/sv/generated/eval_core/AecEvalCore.sv:50785$19926'.
     1/1: $0\captureCompare_6_3[0:0]
Creating decoders for process `\AecGmemLsu.$proc$rtl/sv/generated/eval_core/AecEvalCore.sv:50778$19924'.
     1/1: $0\captureCompare_6_2[0:0]
Creating decoders for process `\AecGmemLsu.$proc$rtl/sv/generated/eval_core/AecEvalCore.sv:50771$19922'.
     1/1: $0\captureCompare_6_1[0:0]
Creating decoders for process `\AecGmemLsu.$proc$rtl/sv/generated/eval_core/AecEvalCore.sv:50764$19920'.
     1/1: $0\captureCompare_6_0[0:0]
Creating decoders for process `\AecGmemLsu.$proc$rtl/sv/generated/eval_core/AecEvalCore.sv:50757$19918'.
     1/1: $0\captureCompare_5_3[0:0]
Creating decoders for process `\AecGmemLsu.$proc$rtl/sv/generated/eval_core/AecEvalCore.sv:50750$19916'.
     1/1: $0\captureCompare_5_2[0:0]
Creating decoders for process `\AecGmemLsu.$proc$rtl/sv/generated/eval_core/AecEvalCore.sv:50743$19914'.
     1/1: $0\captureCompare_5_1[0:0]
Creating decoders for process `\AecGmemLsu.$proc$rtl/sv/generated/eval_core/AecEvalCore.sv:50736$19912'.
     1/1: $0\captureCompare_5_0[0:0]
Creating decoders for process `\AecGmemLsu.$proc$rtl/sv/generated/eval_core/AecEvalCore.sv:50729$19910'.
     1/1: $0\captureCompare_4_3[0:0]
Creating decoders for process `\AecGmemLsu.$proc$rtl/sv/generated/eval_core/AecEvalCore.sv:50722$19908'.
     1/1: $0\captureCompare_4_2[0:0]
Creating decoders for process `\AecGmemLsu.$proc$rtl/sv/generated/eval_core/AecEvalCore.sv:50715$19906'.
     1/1: $0\captureCompare_4_1[0:0]
Creating decoders for process `\AecGmemLsu.$proc$rtl/sv/generated/eval_core/AecEvalCore.sv:50708$19904'.
     1/1: $0\captureCompare_4_0[0:0]
Creating decoders for process `\AecGmemLsu.$proc$rtl/sv/generated/eval_core/AecEvalCore.sv:50701$19902'.
     1/1: $0\captureCompare_3_3[0:0]
Creating decoders for process `\AecGmemLsu.$proc$rtl/sv/generated/eval_core/AecEvalCore.sv:50694$19900'.
     1/1: $0\captureCompare_3_2[0:0]
Creating decoders for process `\AecGmemLsu.$proc$rtl/sv/generated/eval_core/AecEvalCore.sv:50687$19898'.
     1/1: $0\captureCompare_3_1[0:0]
Creating decoders for process `\AecGmemLsu.$proc$rtl/sv/generated/eval_core/AecEvalCore.sv:50680$19896'.
     1/1: $0\captureCompare_3_0[0:0]
Creating decoders for process `\AecGmemLsu.$proc$rtl/sv/generated/eval_core/AecEvalCore.sv:50673$19894'.
     1/1: $0\captureCompare_2_3[0:0]
Creating decoders for process `\AecGmemLsu.$proc$rtl/sv/generated/eval_core/AecEvalCore.sv:50666$19892'.
     1/1: $0\captureCompare_2_2[0:0]
Creating decoders for process `\AecGmemLsu.$proc$rtl/sv/generated/eval_core/AecEvalCore.sv:50659$19890'.
     1/1: $0\captureCompare_2_1[0:0]
Creating decoders for process `\AecGmemLsu.$proc$rtl/sv/generated/eval_core/AecEvalCore.sv:50652$19888'.
     1/1: $0\captureCompare_2_0[0:0]
Creating decoders for process `\AecGmemLsu.$proc$rtl/sv/generated/eval_core/AecEvalCore.sv:50645$19886'.
     1/1: $0\captureCompare_1_3[0:0]
Creating decoders for process `\AecGmemLsu.$proc$rtl/sv/generated/eval_core/AecEvalCore.sv:50638$19884'.
     1/1: $0\captureCompare_1_2[0:0]
Creating decoders for process `\AecGmemLsu.$proc$rtl/sv/generated/eval_core/AecEvalCore.sv:50631$19882'.
     1/1: $0\captureCompare_1_1[0:0]
Creating decoders for process `\AecGmemLsu.$proc$rtl/sv/generated/eval_core/AecEvalCore.sv:50624$19880'.
     1/1: $0\captureCompare_1_0[0:0]
Creating decoders for process `\AecGmemLsu.$proc$rtl/sv/generated/eval_core/AecEvalCore.sv:50617$19878'.
     1/1: $0\captureCompare_0_3[0:0]
Creating decoders for process `\AecGmemLsu.$proc$rtl/sv/generated/eval_core/AecEvalCore.sv:50610$19876'.
     1/1: $0\captureCompare_0_2[0:0]
Creating decoders for process `\AecGmemLsu.$proc$rtl/sv/generated/eval_core/AecEvalCore.sv:50603$19874'.
     1/1: $0\captureCompare_0_1[0:0]
Creating decoders for process `\AecGmemLsu.$proc$rtl/sv/generated/eval_core/AecEvalCore.sv:50596$19872'.
     1/1: $0\captureCompare_0_0[0:0]
Creating decoders for process `\AecGmemLsu.$proc$rtl/sv/generated/eval_core/AecEvalCore.sv:50589$19870'.
     1/1: $0\captureStore_31_3[0:0]
Creating decoders for process `\AecGmemLsu.$proc$rtl/sv/generated/eval_core/AecEvalCore.sv:50582$19868'.
     1/1: $0\captureStore_31_2[0:0]
Creating decoders for process `\AecGmemLsu.$proc$rtl/sv/generated/eval_core/AecEvalCore.sv:50575$19866'.
     1/1: $0\captureStore_31_1[0:0]
Creating decoders for process `\AecGmemLsu.$proc$rtl/sv/generated/eval_core/AecEvalCore.sv:50568$19864'.
     1/1: $0\captureStore_31_0[0:0]
Creating decoders for process `\AecGmemLsu.$proc$rtl/sv/generated/eval_core/AecEvalCore.sv:50561$19862'.
     1/1: $0\captureStore_30_3[0:0]
Creating decoders for process `\AecGmemLsu.$proc$rtl/sv/generated/eval_core/AecEvalCore.sv:50554$19860'.
     1/1: $0\captureStore_30_2[0:0]
Creating decoders for process `\AecGmemLsu.$proc$rtl/sv/generated/eval_core/AecEvalCore.sv:50547$19858'.
     1/1: $0\captureStore_30_1[0:0]
Creating decoders for process `\AecGmemLsu.$proc$rtl/sv/generated/eval_core/AecEvalCore.sv:50540$19856'.
     1/1: $0\captureStore_30_0[0:0]
Creating decoders for process `\AecGmemLsu.$proc$rtl/sv/generated/eval_core/AecEvalCore.sv:50533$19854'.
     1/1: $0\captureStore_29_3[0:0]
Creating decoders for process `\AecGmemLsu.$proc$rtl/sv/generated/eval_core/AecEvalCore.sv:50526$19852'.
     1/1: $0\captureStore_29_2[0:0]
Creating decoders for process `\AecGmemLsu.$proc$rtl/sv/generated/eval_core/AecEvalCore.sv:50519$19850'.
     1/1: $0\captureStore_29_1[0:0]
Creating decoders for process `\AecGmemLsu.$proc$rtl/sv/generated/eval_core/AecEvalCore.sv:50512$19848'.
     1/1: $0\captureStore_29_0[0:0]
Creating decoders for process `\AecGmemLsu.$proc$rtl/sv/generated/eval_core/AecEvalCore.sv:50505$19846'.
     1/1: $0\captureStore_28_3[0:0]
Creating decoders for process `\AecGmemLsu.$proc$rtl/sv/generated/eval_core/AecEvalCore.sv:50498$19844'.
     1/1: $0\captureStore_28_2[0:0]
Creating decoders for process `\AecGmemLsu.$proc$rtl/sv/generated/eval_core/AecEvalCore.sv:50491$19842'.
     1/1: $0\captureStore_28_1[0:0]
Creating decoders for process `\AecGmemLsu.$proc$rtl/sv/generated/eval_core/AecEvalCore.sv:50484$19840'.
     1/1: $0\captureStore_28_0[0:0]
Creating decoders for process `\AecGmemLsu.$proc$rtl/sv/generated/eval_core/AecEvalCore.sv:50477$19838'.
     1/1: $0\captureStore_27_3[0:0]
Creating decoders for process `\AecGmemLsu.$proc$rtl/sv/generated/eval_core/AecEvalCore.sv:50470$19836'.
     1/1: $0\captureStore_27_2[0:0]
Creating decoders for process `\AecGmemLsu.$proc$rtl/sv/generated/eval_core/AecEvalCore.sv:50463$19834'.
     1/1: $0\captureStore_27_1[0:0]
Creating decoders for process `\AecGmemLsu.$proc$rtl/sv/generated/eval_core/AecEvalCore.sv:50456$19832'.
     1/1: $0\captureStore_27_0[0:0]
Creating decoders for process `\AecGmemLsu.$proc$rtl/sv/generated/eval_core/AecEvalCore.sv:50449$19830'.
     1/1: $0\captureStore_26_3[0:0]
Creating decoders for process `\AecGmemLsu.$proc$rtl/sv/generated/eval_core/AecEvalCore.sv:50442$19828'.
     1/1: $0\captureStore_26_2[0:0]
Creating decoders for process `\AecGmemLsu.$proc$rtl/sv/generated/eval_core/AecEvalCore.sv:50435$19826'.
     1/1: $0\captureStore_26_1[0:0]
Creating decoders for process `\AecGmemLsu.$proc$rtl/sv/generated/eval_core/AecEvalCore.sv:50428$19824'.
     1/1: $0\captureStore_26_0[0:0]
Creating decoders for process `\AecGmemLsu.$proc$rtl/sv/generated/eval_core/AecEvalCore.sv:50421$19822'.
     1/1: $0\captureStore_25_3[0:0]
Creating decoders for process `\AecGmemLsu.$proc$rtl/sv/generated/eval_core/AecEvalCore.sv:50414$19820'.
     1/1: $0\captureStore_25_2[0:0]
Creating decoders for process `\AecGmemLsu.$proc$rtl/sv/generated/eval_core/AecEvalCore.sv:50407$19818'.
     1/1: $0\captureStore_25_1[0:0]
Creating decoders for process `\AecGmemLsu.$proc$rtl/sv/generated/eval_core/AecEvalCore.sv:50400$19816'.
     1/1: $0\captureStore_25_0[0:0]
Creating decoders for process `\AecGmemLsu.$proc$rtl/sv/generated/eval_core/AecEvalCore.sv:50393$19814'.
     1/1: $0\captureStore_24_3[0:0]
Creating decoders for process `\AecGmemLsu.$proc$rtl/sv/generated/eval_core/AecEvalCore.sv:50386$19812'.
     1/1: $0\captureStore_24_2[0:0]
Creating decoders for process `\AecGmemLsu.$proc$rtl/sv/generated/eval_core/AecEvalCore.sv:50379$19810'.
     1/1: $0\captureStore_24_1[0:0]
Creating decoders for process `\AecGmemLsu.$proc$rtl/sv/generated/eval_core/AecEvalCore.sv:50372$19808'.
     1/1: $0\captureStore_24_0[0:0]
Creating decoders for process `\AecGmemLsu.$proc$rtl/sv/generated/eval_core/AecEvalCore.sv:50365$19806'.
     1/1: $0\captureStore_23_3[0:0]
Creating decoders for process `\AecGmemLsu.$proc$rtl/sv/generated/eval_core/AecEvalCore.sv:50358$19804'.
     1/1: $0\captureStore_23_2[0:0]
Creating decoders for process `\AecGmemLsu.$proc$rtl/sv/generated/eval_core/AecEvalCore.sv:50351$19802'.
     1/1: $0\captureStore_23_1[0:0]
Creating decoders for process `\AecGmemLsu.$proc$rtl/sv/generated/eval_core/AecEvalCore.sv:50344$19800'.
     1/1: $0\captureStore_23_0[0:0]
Creating decoders for process `\AecGmemLsu.$proc$rtl/sv/generated/eval_core/AecEvalCore.sv:50337$19798'.
     1/1: $0\captureStore_22_3[0:0]
Creating decoders for process `\AecGmemLsu.$proc$rtl/sv/generated/eval_core/AecEvalCore.sv:50330$19796'.
     1/1: $0\captureStore_22_2[0:0]
Creating decoders for process `\AecGmemLsu.$proc$rtl/sv/generated/eval_core/AecEvalCore.sv:50323$19794'.
     1/1: $0\captureStore_22_1[0:0]
Creating decoders for process `\AecGmemLsu.$proc$rtl/sv/generated/eval_core/AecEvalCore.sv:50316$19792'.
     1/1: $0\captureStore_22_0[0:0]
Creating decoders for process `\AecGmemLsu.$proc$rtl/sv/generated/eval_core/AecEvalCore.sv:50309$19790'.
     1/1: $0\captureStore_21_3[0:0]
Creating decoders for process `\AecGmemLsu.$proc$rtl/sv/generated/eval_core/AecEvalCore.sv:50302$19788'.
     1/1: $0\captureStore_21_2[0:0]
Creating decoders for process `\AecGmemLsu.$proc$rtl/sv/generated/eval_core/AecEvalCore.sv:50295$19786'.
     1/1: $0\captureStore_21_1[0:0]
Creating decoders for process `\AecGmemLsu.$proc$rtl/sv/generated/eval_core/AecEvalCore.sv:50288$19784'.
     1/1: $0\captureStore_21_0[0:0]
Creating decoders for process `\AecGmemLsu.$proc$rtl/sv/generated/eval_core/AecEvalCore.sv:50281$19782'.
     1/1: $0\captureStore_20_3[0:0]
Creating decoders for process `\AecGmemLsu.$proc$rtl/sv/generated/eval_core/AecEvalCore.sv:50274$19780'.
     1/1: $0\captureStore_20_2[0:0]
Creating decoders for process `\AecGmemLsu.$proc$rtl/sv/generated/eval_core/AecEvalCore.sv:50267$19778'.
     1/1: $0\captureStore_20_1[0:0]
Creating decoders for process `\AecGmemLsu.$proc$rtl/sv/generated/eval_core/AecEvalCore.sv:50260$19776'.
     1/1: $0\captureStore_20_0[0:0]
Creating decoders for process `\AecGmemLsu.$proc$rtl/sv/generated/eval_core/AecEvalCore.sv:50253$19774'.
     1/1: $0\captureStore_19_3[0:0]
Creating decoders for process `\AecGmemLsu.$proc$rtl/sv/generated/eval_core/AecEvalCore.sv:50246$19772'.
     1/1: $0\captureStore_19_2[0:0]
Creating decoders for process `\AecGmemLsu.$proc$rtl/sv/generated/eval_core/AecEvalCore.sv:50239$19770'.
     1/1: $0\captureStore_19_1[0:0]
Creating decoders for process `\AecGmemLsu.$proc$rtl/sv/generated/eval_core/AecEvalCore.sv:50232$19768'.
     1/1: $0\captureStore_19_0[0:0]
Creating decoders for process `\AecGmemLsu.$proc$rtl/sv/generated/eval_core/AecEvalCore.sv:50225$19766'.
     1/1: $0\captureStore_18_3[0:0]
Creating decoders for process `\AecGmemLsu.$proc$rtl/sv/generated/eval_core/AecEvalCore.sv:50218$19764'.
     1/1: $0\captureStore_18_2[0:0]
Creating decoders for process `\AecGmemLsu.$proc$rtl/sv/generated/eval_core/AecEvalCore.sv:50211$19762'.
     1/1: $0\captureStore_18_1[0:0]
Creating decoders for process `\AecGmemLsu.$proc$rtl/sv/generated/eval_core/AecEvalCore.sv:50204$19760'.
     1/1: $0\captureStore_18_0[0:0]
Creating decoders for process `\AecGmemLsu.$proc$rtl/sv/generated/eval_core/AecEvalCore.sv:50197$19758'.
     1/1: $0\captureStore_17_3[0:0]
Creating decoders for process `\AecGmemLsu.$proc$rtl/sv/generated/eval_core/AecEvalCore.sv:50190$19756'.
     1/1: $0\captureStore_17_2[0:0]
Creating decoders for process `\AecGmemLsu.$proc$rtl/sv/generated/eval_core/AecEvalCore.sv:50183$19754'.
     1/1: $0\captureStore_17_1[0:0]
Creating decoders for process `\AecGmemLsu.$proc$rtl/sv/generated/eval_core/AecEvalCore.sv:50176$19752'.
     1/1: $0\captureStore_17_0[0:0]
Creating decoders for process `\AecGmemLsu.$proc$rtl/sv/generated/eval_core/AecEvalCore.sv:50169$19750'.
     1/1: $0\captureStore_16_3[0:0]
Creating decoders for process `\AecGmemLsu.$proc$rtl/sv/generated/eval_core/AecEvalCore.sv:50162$19748'.
     1/1: $0\captureStore_16_2[0:0]
Creating decoders for process `\AecGmemLsu.$proc$rtl/sv/generated/eval_core/AecEvalCore.sv:50155$19746'.
     1/1: $0\captureStore_16_1[0:0]
Creating decoders for process `\AecGmemLsu.$proc$rtl/sv/generated/eval_core/AecEvalCore.sv:50148$19744'.
     1/1: $0\captureStore_16_0[0:0]
Creating decoders for process `\AecGmemLsu.$proc$rtl/sv/generated/eval_core/AecEvalCore.sv:50141$19742'.
     1/1: $0\captureStore_15_3[0:0]
Creating decoders for process `\AecGmemLsu.$proc$rtl/sv/generated/eval_core/AecEvalCore.sv:50134$19740'.
     1/1: $0\captureStore_15_2[0:0]
Creating decoders for process `\AecGmemLsu.$proc$rtl/sv/generated/eval_core/AecEvalCore.sv:50127$19738'.
     1/1: $0\captureStore_15_1[0:0]
Creating decoders for process `\AecGmemLsu.$proc$rtl/sv/generated/eval_core/AecEvalCore.sv:50120$19736'.
     1/1: $0\captureStore_15_0[0:0]
Creating decoders for process `\AecGmemLsu.$proc$rtl/sv/generated/eval_core/AecEvalCore.sv:50113$19734'.
     1/1: $0\captureStore_14_3[0:0]
Creating decoders for process `\AecGmemLsu.$proc$rtl/sv/generated/eval_core/AecEvalCore.sv:50106$19732'.
     1/1: $0\captureStore_14_2[0:0]
Creating decoders for process `\AecGmemLsu.$proc$rtl/sv/generated/eval_core/AecEvalCore.sv:50099$19730'.
     1/1: $0\captureStore_14_1[0:0]
Creating decoders for process `\AecGmemLsu.$proc$rtl/sv/generated/eval_core/AecEvalCore.sv:50092$19728'.
     1/1: $0\captureStore_14_0[0:0]
Creating decoders for process `\AecGmemLsu.$proc$rtl/sv/generated/eval_core/AecEvalCore.sv:50085$19726'.
     1/1: $0\captureStore_13_3[0:0]
Creating decoders for process `\AecGmemLsu.$proc$rtl/sv/generated/eval_core/AecEvalCore.sv:50078$19724'.
     1/1: $0\captureStore_13_2[0:0]
Creating decoders for process `\AecGmemLsu.$proc$rtl/sv/generated/eval_core/AecEvalCore.sv:50071$19722'.
     1/1: $0\captureStore_13_1[0:0]
Creating decoders for process `\AecGmemLsu.$proc$rtl/sv/generated/eval_core/AecEvalCore.sv:50064$19720'.
     1/1: $0\captureStore_13_0[0:0]
Creating decoders for process `\AecGmemLsu.$proc$rtl/sv/generated/eval_core/AecEvalCore.sv:50057$19718'.
     1/1: $0\captureStore_12_3[0:0]
Creating decoders for process `\AecGmemLsu.$proc$rtl/sv/generated/eval_core/AecEvalCore.sv:50050$19716'.
     1/1: $0\captureStore_12_2[0:0]
Creating decoders for process `\AecGmemLsu.$proc$rtl/sv/generated/eval_core/AecEvalCore.sv:50043$19714'.
     1/1: $0\captureStore_12_1[0:0]
Creating decoders for process `\AecGmemLsu.$proc$rtl/sv/generated/eval_core/AecEvalCore.sv:50036$19712'.
     1/1: $0\captureStore_12_0[0:0]
Creating decoders for process `\AecGmemLsu.$proc$rtl/sv/generated/eval_core/AecEvalCore.sv:50029$19710'.
     1/1: $0\captureStore_11_3[0:0]
Creating decoders for process `\AecGmemLsu.$proc$rtl/sv/generated/eval_core/AecEvalCore.sv:50022$19708'.
     1/1: $0\captureStore_11_2[0:0]
Creating decoders for process `\AecGmemLsu.$proc$rtl/sv/generated/eval_core/AecEvalCore.sv:50015$19706'.
     1/1: $0\captureStore_11_1[0:0]
Creating decoders for process `\AecGmemLsu.$proc$rtl/sv/generated/eval_core/AecEvalCore.sv:50008$19704'.
     1/1: $0\captureStore_11_0[0:0]
Creating decoders for process `\AecGmemLsu.$proc$rtl/sv/generated/eval_core/AecEvalCore.sv:50001$19702'.
     1/1: $0\captureStore_10_3[0:0]
Creating decoders for process `\AecGmemLsu.$proc$rtl/sv/generated/eval_core/AecEvalCore.sv:49994$19700'.
     1/1: $0\captureStore_10_2[0:0]
Creating decoders for process `\AecGmemLsu.$proc$rtl/sv/generated/eval_core/AecEvalCore.sv:49987$19698'.
     1/1: $0\captureStore_10_1[0:0]
Creating decoders for process `\AecGmemLsu.$proc$rtl/sv/generated/eval_core/AecEvalCore.sv:49980$19696'.
     1/1: $0\captureStore_10_0[0:0]
Creating decoders for process `\AecGmemLsu.$proc$rtl/sv/generated/eval_core/AecEvalCore.sv:49973$19694'.
     1/1: $0\captureStore_9_3[0:0]
Creating decoders for process `\AecGmemLsu.$proc$rtl/sv/generated/eval_core/AecEvalCore.sv:49966$19692'.
     1/1: $0\captureStore_9_2[0:0]
Creating decoders for process `\AecGmemLsu.$proc$rtl/sv/generated/eval_core/AecEvalCore.sv:49959$19690'.
     1/1: $0\captureStore_9_1[0:0]
Creating decoders for process `\AecGmemLsu.$proc$rtl/sv/generated/eval_core/AecEvalCore.sv:49952$19688'.
     1/1: $0\captureStore_9_0[0:0]
Creating decoders for process `\AecGmemLsu.$proc$rtl/sv/generated/eval_core/AecEvalCore.sv:49945$19686'.
     1/1: $0\captureStore_8_3[0:0]
Creating decoders for process `\AecGmemLsu.$proc$rtl/sv/generated/eval_core/AecEvalCore.sv:49938$19684'.
     1/1: $0\captureStore_8_2[0:0]
Creating decoders for process `\AecGmemLsu.$proc$rtl/sv/generated/eval_core/AecEvalCore.sv:49931$19682'.
     1/1: $0\captureStore_8_1[0:0]
Creating decoders for process `\AecGmemLsu.$proc$rtl/sv/generated/eval_core/AecEvalCore.sv:49924$19680'.
     1/1: $0\captureStore_8_0[0:0]
Creating decoders for process `\AecGmemLsu.$proc$rtl/sv/generated/eval_core/AecEvalCore.sv:49917$19678'.
     1/1: $0\captureStore_7_3[0:0]
Creating decoders for process `\AecGmemLsu.$proc$rtl/sv/generated/eval_core/AecEvalCore.sv:49910$19676'.
     1/1: $0\captureStore_7_2[0:0]
Creating decoders for process `\AecGmemLsu.$proc$rtl/sv/generated/eval_core/AecEvalCore.sv:49903$19674'.
     1/1: $0\captureStore_7_1[0:0]
Creating decoders for process `\AecGmemLsu.$proc$rtl/sv/generated/eval_core/AecEvalCore.sv:49896$19672'.
     1/1: $0\captureStore_7_0[0:0]
Creating decoders for process `\AecGmemLsu.$proc$rtl/sv/generated/eval_core/AecEvalCore.sv:49889$19670'.
     1/1: $0\captureStore_6_3[0:0]
Creating decoders for process `\AecGmemLsu.$proc$rtl/sv/generated/eval_core/AecEvalCore.sv:49882$19668'.
     1/1: $0\captureStore_6_2[0:0]
Creating decoders for process `\AecGmemLsu.$proc$rtl/sv/generated/eval_core/AecEvalCore.sv:49875$19666'.
     1/1: $0\captureStore_6_1[0:0]
Creating decoders for process `\AecGmemLsu.$proc$rtl/sv/generated/eval_core/AecEvalCore.sv:49868$19664'.
     1/1: $0\captureStore_6_0[0:0]
Creating decoders for process `\AecGmemLsu.$proc$rtl/sv/generated/eval_core/AecEvalCore.sv:49861$19662'.
     1/1: $0\captureStore_5_3[0:0]
Creating decoders for process `\AecGmemLsu.$proc$rtl/sv/generated/eval_core/AecEvalCore.sv:49854$19660'.
     1/1: $0\captureStore_5_2[0:0]
Creating decoders for process `\AecGmemLsu.$proc$rtl/sv/generated/eval_core/AecEvalCore.sv:49847$19658'.
     1/1: $0\captureStore_5_1[0:0]
Creating decoders for process `\AecGmemLsu.$proc$rtl/sv/generated/eval_core/AecEvalCore.sv:49840$19656'.
     1/1: $0\captureStore_5_0[0:0]
Creating decoders for process `\AecGmemLsu.$proc$rtl/sv/generated/eval_core/AecEvalCore.sv:49833$19654'.
     1/1: $0\captureStore_4_3[0:0]
Creating decoders for process `\AecGmemLsu.$proc$rtl/sv/generated/eval_core/AecEvalCore.sv:49826$19652'.
     1/1: $0\captureStore_4_2[0:0]
Creating decoders for process `\AecGmemLsu.$proc$rtl/sv/generated/eval_core/AecEvalCore.sv:49819$19650'.
     1/1: $0\captureStore_4_1[0:0]
Creating decoders for process `\AecGmemLsu.$proc$rtl/sv/generated/eval_core/AecEvalCore.sv:49812$19648'.
     1/1: $0\captureStore_4_0[0:0]
Creating decoders for process `\AecGmemLsu.$proc$rtl/sv/generated/eval_core/AecEvalCore.sv:49805$19646'.
     1/1: $0\captureStore_3_3[0:0]
Creating decoders for process `\AecGmemLsu.$proc$rtl/sv/generated/eval_core/AecEvalCore.sv:49798$19644'.
     1/1: $0\captureStore_3_2[0:0]
Creating decoders for process `\AecGmemLsu.$proc$rtl/sv/generated/eval_core/AecEvalCore.sv:49791$19642'.
     1/1: $0\captureStore_3_1[0:0]
Creating decoders for process `\AecGmemLsu.$proc$rtl/sv/generated/eval_core/AecEvalCore.sv:49784$19640'.
     1/1: $0\captureStore_3_0[0:0]
Creating decoders for process `\AecGmemLsu.$proc$rtl/sv/generated/eval_core/AecEvalCore.sv:49777$19638'.
     1/1: $0\captureStore_2_3[0:0]
Creating decoders for process `\AecGmemLsu.$proc$rtl/sv/generated/eval_core/AecEvalCore.sv:49770$19636'.
     1/1: $0\captureStore_2_2[0:0]
Creating decoders for process `\AecGmemLsu.$proc$rtl/sv/generated/eval_core/AecEvalCore.sv:49763$19634'.
     1/1: $0\captureStore_2_1[0:0]
Creating decoders for process `\AecGmemLsu.$proc$rtl/sv/generated/eval_core/AecEvalCore.sv:49756$19632'.
     1/1: $0\captureStore_2_0[0:0]
Creating decoders for process `\AecGmemLsu.$proc$rtl/sv/generated/eval_core/AecEvalCore.sv:49749$19630'.
     1/1: $0\captureStore_1_3[0:0]
Creating decoders for process `\AecGmemLsu.$proc$rtl/sv/generated/eval_core/AecEvalCore.sv:49742$19628'.
     1/1: $0\captureStore_1_2[0:0]
Creating decoders for process `\AecGmemLsu.$proc$rtl/sv/generated/eval_core/AecEvalCore.sv:49735$19626'.
     1/1: $0\captureStore_1_1[0:0]
Creating decoders for process `\AecGmemLsu.$proc$rtl/sv/generated/eval_core/AecEvalCore.sv:49728$19624'.
     1/1: $0\captureStore_1_0[0:0]
Creating decoders for process `\AecGmemLsu.$proc$rtl/sv/generated/eval_core/AecEvalCore.sv:49721$19622'.
     1/1: $0\captureStore_0_3[0:0]
Creating decoders for process `\AecGmemLsu.$proc$rtl/sv/generated/eval_core/AecEvalCore.sv:49714$19620'.
     1/1: $0\captureStore_0_2[0:0]
Creating decoders for process `\AecGmemLsu.$proc$rtl/sv/generated/eval_core/AecEvalCore.sv:49707$19618'.
     1/1: $0\captureStore_0_1[0:0]
Creating decoders for process `\AecGmemLsu.$proc$rtl/sv/generated/eval_core/AecEvalCore.sv:49700$19616'.
     1/1: $0\captureStore_0_0[0:0]
Creating decoders for process `\AecGmemLsu.$proc$rtl/sv/generated/eval_core/AecEvalCore.sv:49693$19614'.
     1/1: $0\captureAddress_31_3[0:0]
Creating decoders for process `\AecGmemLsu.$proc$rtl/sv/generated/eval_core/AecEvalCore.sv:49686$19612'.
     1/1: $0\captureAddress_31_2[0:0]
Creating decoders for process `\AecGmemLsu.$proc$rtl/sv/generated/eval_core/AecEvalCore.sv:49679$19610'.
     1/1: $0\captureAddress_31_1[0:0]
Creating decoders for process `\AecGmemLsu.$proc$rtl/sv/generated/eval_core/AecEvalCore.sv:49672$19608'.
     1/1: $0\captureAddress_31_0[0:0]
Creating decoders for process `\AecGmemLsu.$proc$rtl/sv/generated/eval_core/AecEvalCore.sv:49665$19606'.
     1/1: $0\captureAddress_30_3[0:0]
Creating decoders for process `\AecGmemLsu.$proc$rtl/sv/generated/eval_core/AecEvalCore.sv:49658$19604'.
     1/1: $0\captureAddress_30_2[0:0]
Creating decoders for process `\AecGmemLsu.$proc$rtl/sv/generated/eval_core/AecEvalCore.sv:49651$19602'.
     1/1: $0\captureAddress_30_1[0:0]
Creating decoders for process `\AecGmemLsu.$proc$rtl/sv/generated/eval_core/AecEvalCore.sv:49644$19600'.
     1/1: $0\captureAddress_30_0[0:0]
Creating decoders for process `\AecGmemLsu.$proc$rtl/sv/generated/eval_core/AecEvalCore.sv:49637$19598'.
     1/1: $0\captureAddress_29_3[0:0]
Creating decoders for process `\AecGmemLsu.$proc$rtl/sv/generated/eval_core/AecEvalCore.sv:49630$19596'.
     1/1: $0\captureAddress_29_2[0:0]
Creating decoders for process `\AecGmemLsu.$proc$rtl/sv/generated/eval_core/AecEvalCore.sv:49623$19594'.
     1/1: $0\captureAddress_29_1[0:0]
Creating decoders for process `\AecGmemLsu.$proc$rtl/sv/generated/eval_core/AecEvalCore.sv:49616$19592'.
     1/1: $0\captureAddress_29_0[0:0]
Creating decoders for process `\AecGmemLsu.$proc$rtl/sv/generated/eval_core/AecEvalCore.sv:49609$19590'.
     1/1: $0\captureAddress_28_3[0:0]
Creating decoders for process `\AecGmemLsu.$proc$rtl/sv/generated/eval_core/AecEvalCore.sv:49602$19588'.
     1/1: $0\captureAddress_28_2[0:0]
Creating decoders for process `\AecGmemLsu.$proc$rtl/sv/generated/eval_core/AecEvalCore.sv:49595$19586'.
     1/1: $0\captureAddress_28_1[0:0]
Creating decoders for process `\AecGmemLsu.$proc$rtl/sv/generated/eval_core/AecEvalCore.sv:49588$19584'.
     1/1: $0\captureAddress_28_0[0:0]
Creating decoders for process `\AecGmemLsu.$proc$rtl/sv/generated/eval_core/AecEvalCore.sv:49581$19582'.
     1/1: $0\captureAddress_27_3[0:0]
Creating decoders for process `\AecGmemLsu.$proc$rtl/sv/generated/eval_core/AecEvalCore.sv:49574$19580'.
     1/1: $0\captureAddress_27_2[0:0]
Creating decoders for process `\AecGmemLsu.$proc$rtl/sv/generated/eval_core/AecEvalCore.sv:49567$19578'.
     1/1: $0\captureAddress_27_1[0:0]
Creating decoders for process `\AecGmemLsu.$proc$rtl/sv/generated/eval_core/AecEvalCore.sv:49560$19576'.
     1/1: $0\captureAddress_27_0[0:0]
Creating decoders for process `\AecGmemLsu.$proc$rtl/sv/generated/eval_core/AecEvalCore.sv:49553$19574'.
     1/1: $0\captureAddress_26_3[0:0]
Creating decoders for process `\AecGmemLsu.$proc$rtl/sv/generated/eval_core/AecEvalCore.sv:49546$19572'.
     1/1: $0\captureAddress_26_2[0:0]
Creating decoders for process `\AecGmemLsu.$proc$rtl/sv/generated/eval_core/AecEvalCore.sv:49539$19570'.
     1/1: $0\captureAddress_26_1[0:0]
Creating decoders for process `\AecGmemLsu.$proc$rtl/sv/generated/eval_core/AecEvalCore.sv:49532$19568'.
     1/1: $0\captureAddress_26_0[0:0]
Creating decoders for process `\AecGmemLsu.$proc$rtl/sv/generated/eval_core/AecEvalCore.sv:49525$19566'.
     1/1: $0\captureAddress_25_3[0:0]
Creating decoders for process `\AecGmemLsu.$proc$rtl/sv/generated/eval_core/AecEvalCore.sv:49518$19564'.
     1/1: $0\captureAddress_25_2[0:0]
Creating decoders for process `\AecGmemLsu.$proc$rtl/sv/generated/eval_core/AecEvalCore.sv:49511$19562'.
     1/1: $0\captureAddress_25_1[0:0]
Creating decoders for process `\AecGmemLsu.$proc$rtl/sv/generated/eval_core/AecEvalCore.sv:49504$19560'.
     1/1: $0\captureAddress_25_0[0:0]
Creating decoders for process `\AecGmemLsu.$proc$rtl/sv/generated/eval_core/AecEvalCore.sv:49497$19558'.
     1/1: $0\captureAddress_24_3[0:0]
Creating decoders for process `\AecGmemLsu.$proc$rtl/sv/generated/eval_core/AecEvalCore.sv:49490$19556'.
     1/1: $0\captureAddress_24_2[0:0]
Creating decoders for process `\AecGmemLsu.$proc$rtl/sv/generated/eval_core/AecEvalCore.sv:49483$19554'.
     1/1: $0\captureAddress_24_1[0:0]
Creating decoders for process `\AecGmemLsu.$proc$rtl/sv/generated/eval_core/AecEvalCore.sv:49476$19552'.
     1/1: $0\captureAddress_24_0[0:0]
Creating decoders for process `\AecGmemLsu.$proc$rtl/sv/generated/eval_core/AecEvalCore.sv:49469$19550'.
     1/1: $0\captureAddress_23_3[0:0]
Creating decoders for process `\AecGmemLsu.$proc$rtl/sv/generated/eval_core/AecEvalCore.sv:49462$19548'.
     1/1: $0\captureAddress_23_2[0:0]
Creating decoders for process `\AecGmemLsu.$proc$rtl/sv/generated/eval_core/AecEvalCore.sv:49455$19546'.
     1/1: $0\captureAddress_23_1[0:0]
Creating decoders for process `\AecGmemLsu.$proc$rtl/sv/generated/eval_core/AecEvalCore.sv:49448$19544'.
     1/1: $0\captureAddress_23_0[0:0]
Creating decoders for process `\AecGmemLsu.$proc$rtl/sv/generated/eval_core/AecEvalCore.sv:49441$19542'.
     1/1: $0\captureAddress_22_3[0:0]
Creating decoders for process `\AecGmemLsu.$proc$rtl/sv/generated/eval_core/AecEvalCore.sv:49434$19540'.
     1/1: $0\captureAddress_22_2[0:0]
Creating decoders for process `\AecGmemLsu.$proc$rtl/sv/generated/eval_core/AecEvalCore.sv:49427$19538'.
     1/1: $0\captureAddress_22_1[0:0]
Creating decoders for process `\AecGmemLsu.$proc$rtl/sv/generated/eval_core/AecEvalCore.sv:49420$19536'.
     1/1: $0\captureAddress_22_0[0:0]
Creating decoders for process `\AecGmemLsu.$proc$rtl/sv/generated/eval_core/AecEvalCore.sv:49413$19534'.
     1/1: $0\captureAddress_21_3[0:0]
Creating decoders for process `\AecGmemLsu.$proc$rtl/sv/generated/eval_core/AecEvalCore.sv:49406$19532'.
     1/1: $0\captureAddress_21_2[0:0]
Creating decoders for process `\AecGmemLsu.$proc$rtl/sv/generated/eval_core/AecEvalCore.sv:49399$19530'.
     1/1: $0\captureAddress_21_1[0:0]
Creating decoders for process `\AecGmemLsu.$proc$rtl/sv/generated/eval_core/AecEvalCore.sv:49392$19528'.
     1/1: $0\captureAddress_21_0[0:0]
Creating decoders for process `\AecGmemLsu.$proc$rtl/sv/generated/eval_core/AecEvalCore.sv:49385$19526'.
     1/1: $0\captureAddress_20_3[0:0]
Creating decoders for process `\AecGmemLsu.$proc$rtl/sv/generated/eval_core/AecEvalCore.sv:49378$19524'.
     1/1: $0\captureAddress_20_2[0:0]
Creating decoders for process `\AecGmemLsu.$proc$rtl/sv/generated/eval_core/AecEvalCore.sv:49371$19522'.
     1/1: $0\captureAddress_20_1[0:0]
Creating decoders for process `\AecGmemLsu.$proc$rtl/sv/generated/eval_core/AecEvalCore.sv:49364$19520'.
     1/1: $0\captureAddress_20_0[0:0]
Creating decoders for process `\AecGmemLsu.$proc$rtl/sv/generated/eval_core/AecEvalCore.sv:49357$19518'.
     1/1: $0\captureAddress_19_3[0:0]
Creating decoders for process `\AecGmemLsu.$proc$rtl/sv/generated/eval_core/AecEvalCore.sv:49350$19516'.
     1/1: $0\captureAddress_19_2[0:0]
Creating decoders for process `\AecGmemLsu.$proc$rtl/sv/generated/eval_core/AecEvalCore.sv:49343$19514'.
     1/1: $0\captureAddress_19_1[0:0]
Creating decoders for process `\AecGmemLsu.$proc$rtl/sv/generated/eval_core/AecEvalCore.sv:49336$19512'.
     1/1: $0\captureAddress_19_0[0:0]
Creating decoders for process `\AecGmemLsu.$proc$rtl/sv/generated/eval_core/AecEvalCore.sv:49329$19510'.
     1/1: $0\captureAddress_18_3[0:0]
Creating decoders for process `\AecGmemLsu.$proc$rtl/sv/generated/eval_core/AecEvalCore.sv:49322$19508'.
     1/1: $0\captureAddress_18_2[0:0]
Creating decoders for process `\AecGmemLsu.$proc$rtl/sv/generated/eval_core/AecEvalCore.sv:49315$19506'.
     1/1: $0\captureAddress_18_1[0:0]
Creating decoders for process `\AecGmemLsu.$proc$rtl/sv/generated/eval_core/AecEvalCore.sv:49308$19504'.
     1/1: $0\captureAddress_18_0[0:0]
Creating decoders for process `\AecGmemLsu.$proc$rtl/sv/generated/eval_core/AecEvalCore.sv:49301$19502'.
     1/1: $0\captureAddress_17_3[0:0]
Creating decoders for process `\AecGmemLsu.$proc$rtl/sv/generated/eval_core/AecEvalCore.sv:49294$19500'.
     1/1: $0\captureAddress_17_2[0:0]
Creating decoders for process `\AecGmemLsu.$proc$rtl/sv/generated/eval_core/AecEvalCore.sv:49287$19498'.
     1/1: $0\captureAddress_17_1[0:0]
Creating decoders for process `\AecGmemLsu.$proc$rtl/sv/generated/eval_core/AecEvalCore.sv:49280$19496'.
     1/1: $0\captureAddress_17_0[0:0]
Creating decoders for process `\AecGmemLsu.$proc$rtl/sv/generated/eval_core/AecEvalCore.sv:49273$19494'.
     1/1: $0\captureAddress_16_3[0:0]
Creating decoders for process `\AecGmemLsu.$proc$rtl/sv/generated/eval_core/AecEvalCore.sv:49266$19492'.
     1/1: $0\captureAddress_16_2[0:0]
Creating decoders for process `\AecGmemLsu.$proc$rtl/sv/generated/eval_core/AecEvalCore.sv:49259$19490'.
     1/1: $0\captureAddress_16_1[0:0]
Creating decoders for process `\AecGmemLsu.$proc$rtl/sv/generated/eval_core/AecEvalCore.sv:49252$19488'.
     1/1: $0\captureAddress_16_0[0:0]
Creating decoders for process `\AecGmemLsu.$proc$rtl/sv/generated/eval_core/AecEvalCore.sv:49245$19486'.
     1/1: $0\captureAddress_15_3[0:0]
Creating decoders for process `\AecGmemLsu.$proc$rtl/sv/generated/eval_core/AecEvalCore.sv:49238$19484'.
     1/1: $0\captureAddress_15_2[0:0]
Creating decoders for process `\AecGmemLsu.$proc$rtl/sv/generated/eval_core/AecEvalCore.sv:49231$19482'.
     1/1: $0\captureAddress_15_1[0:0]
Creating decoders for process `\AecGmemLsu.$proc$rtl/sv/generated/eval_core/AecEvalCore.sv:49224$19480'.
     1/1: $0\captureAddress_15_0[0:0]
Creating decoders for process `\AecGmemLsu.$proc$rtl/sv/generated/eval_core/AecEvalCore.sv:49217$19478'.
     1/1: $0\captureAddress_14_3[0:0]
Creating decoders for process `\AecGmemLsu.$proc$rtl/sv/generated/eval_core/AecEvalCore.sv:49210$19476'.
     1/1: $0\captureAddress_14_2[0:0]
Creating decoders for process `\AecGmemLsu.$proc$rtl/sv/generated/eval_core/AecEvalCore.sv:49203$19474'.
     1/1: $0\captureAddress_14_1[0:0]
Creating decoders for process `\AecGmemLsu.$proc$rtl/sv/generated/eval_core/AecEvalCore.sv:49196$19472'.
     1/1: $0\captureAddress_14_0[0:0]
Creating decoders for process `\AecGmemLsu.$proc$rtl/sv/generated/eval_core/AecEvalCore.sv:49189$19470'.
     1/1: $0\captureAddress_13_3[0:0]
Creating decoders for process `\AecGmemLsu.$proc$rtl/sv/generated/eval_core/AecEvalCore.sv:49182$19468'.
     1/1: $0\captureAddress_13_2[0:0]
Creating decoders for process `\AecGmemLsu.$proc$rtl/sv/generated/eval_core/AecEvalCore.sv:49175$19466'.
     1/1: $0\captureAddress_13_1[0:0]
Creating decoders for process `\AecGmemLsu.$proc$rtl/sv/generated/eval_core/AecEvalCore.sv:49168$19464'.
     1/1: $0\captureAddress_13_0[0:0]
Creating decoders for process `\AecGmemLsu.$proc$rtl/sv/generated/eval_core/AecEvalCore.sv:49161$19462'.
     1/1: $0\captureAddress_12_3[0:0]
Creating decoders for process `\AecGmemLsu.$proc$rtl/sv/generated/eval_core/AecEvalCore.sv:49154$19460'.
     1/1: $0\captureAddress_12_2[0:0]
Creating decoders for process `\AecGmemLsu.$proc$rtl/sv/generated/eval_core/AecEvalCore.sv:49147$19458'.
     1/1: $0\captureAddress_12_1[0:0]
Creating decoders for process `\AecGmemLsu.$proc$rtl/sv/generated/eval_core/AecEvalCore.sv:49140$19456'.
     1/1: $0\captureAddress_12_0[0:0]
Creating decoders for process `\AecGmemLsu.$proc$rtl/sv/generated/eval_core/AecEvalCore.sv:49133$19454'.
     1/1: $0\captureAddress_11_3[0:0]
Creating decoders for process `\AecGmemLsu.$proc$rtl/sv/generated/eval_core/AecEvalCore.sv:49126$19452'.
     1/1: $0\captureAddress_11_2[0:0]
Creating decoders for process `\AecGmemLsu.$proc$rtl/sv/generated/eval_core/AecEvalCore.sv:49119$19450'.
     1/1: $0\captureAddress_11_1[0:0]
Creating decoders for process `\AecGmemLsu.$proc$rtl/sv/generated/eval_core/AecEvalCore.sv:49112$19448'.
     1/1: $0\captureAddress_11_0[0:0]
Creating decoders for process `\AecGmemLsu.$proc$rtl/sv/generated/eval_core/AecEvalCore.sv:49105$19446'.
     1/1: $0\captureAddress_10_3[0:0]
Creating decoders for process `\AecGmemLsu.$proc$rtl/sv/generated/eval_core/AecEvalCore.sv:49098$19444'.
     1/1: $0\captureAddress_10_2[0:0]
Creating decoders for process `\AecGmemLsu.$proc$rtl/sv/generated/eval_core/AecEvalCore.sv:49091$19442'.
     1/1: $0\captureAddress_10_1[0:0]
Creating decoders for process `\AecGmemLsu.$proc$rtl/sv/generated/eval_core/AecEvalCore.sv:49084$19440'.
     1/1: $0\captureAddress_10_0[0:0]
Creating decoders for process `\AecGmemLsu.$proc$rtl/sv/generated/eval_core/AecEvalCore.sv:49077$19438'.
     1/1: $0\captureAddress_9_3[0:0]
Creating decoders for process `\AecGmemLsu.$proc$rtl/sv/generated/eval_core/AecEvalCore.sv:49070$19436'.
     1/1: $0\captureAddress_9_2[0:0]
Creating decoders for process `\AecGmemLsu.$proc$rtl/sv/generated/eval_core/AecEvalCore.sv:49063$19434'.
     1/1: $0\captureAddress_9_1[0:0]
Creating decoders for process `\AecGmemLsu.$proc$rtl/sv/generated/eval_core/AecEvalCore.sv:49056$19432'.
     1/1: $0\captureAddress_9_0[0:0]
Creating decoders for process `\AecGmemLsu.$proc$rtl/sv/generated/eval_core/AecEvalCore.sv:49049$19430'.
     1/1: $0\captureAddress_8_3[0:0]
Creating decoders for process `\AecGmemLsu.$proc$rtl/sv/generated/eval_core/AecEvalCore.sv:49042$19428'.
     1/1: $0\captureAddress_8_2[0:0]
Creating decoders for process `\AecGmemLsu.$proc$rtl/sv/generated/eval_core/AecEvalCore.sv:49035$19426'.
     1/1: $0\captureAddress_8_1[0:0]
Creating decoders for process `\AecGmemLsu.$proc$rtl/sv/generated/eval_core/AecEvalCore.sv:49028$19424'.
     1/1: $0\captureAddress_8_0[0:0]
Creating decoders for process `\AecGmemLsu.$proc$rtl/sv/generated/eval_core/AecEvalCore.sv:49021$19422'.
     1/1: $0\captureAddress_7_3[0:0]
Creating decoders for process `\AecGmemLsu.$proc$rtl/sv/generated/eval_core/AecEvalCore.sv:49014$19420'.
     1/1: $0\captureAddress_7_2[0:0]
Creating decoders for process `\AecGmemLsu.$proc$rtl/sv/generated/eval_core/AecEvalCore.sv:49007$19418'.
     1/1: $0\captureAddress_7_1[0:0]
Creating decoders for process `\AecGmemLsu.$proc$rtl/sv/generated/eval_core/AecEvalCore.sv:49000$19416'.
     1/1: $0\captureAddress_7_0[0:0]
Creating decoders for process `\AecGmemLsu.$proc$rtl/sv/generated/eval_core/AecEvalCore.sv:48993$19414'.
     1/1: $0\captureAddress_6_3[0:0]
Creating decoders for process `\AecGmemLsu.$proc$rtl/sv/generated/eval_core/AecEvalCore.sv:48986$19412'.
     1/1: $0\captureAddress_6_2[0:0]
Creating decoders for process `\AecGmemLsu.$proc$rtl/sv/generated/eval_core/AecEvalCore.sv:48979$19410'.
     1/1: $0\captureAddress_6_1[0:0]
Creating decoders for process `\AecGmemLsu.$proc$rtl/sv/generated/eval_core/AecEvalCore.sv:48972$19408'.
     1/1: $0\captureAddress_6_0[0:0]
Creating decoders for process `\AecGmemLsu.$proc$rtl/sv/generated/eval_core/AecEvalCore.sv:48965$19406'.
     1/1: $0\captureAddress_5_3[0:0]
Creating decoders for process `\AecGmemLsu.$proc$rtl/sv/generated/eval_core/AecEvalCore.sv:48958$19404'.
     1/1: $0\captureAddress_5_2[0:0]
Creating decoders for process `\AecGmemLsu.$proc$rtl/sv/generated/eval_core/AecEvalCore.sv:48951$19402'.
     1/1: $0\captureAddress_5_1[0:0]
Creating decoders for process `\AecGmemLsu.$proc$rtl/sv/generated/eval_core/AecEvalCore.sv:48944$19400'.
     1/1: $0\captureAddress_5_0[0:0]
Creating decoders for process `\AecGmemLsu.$proc$rtl/sv/generated/eval_core/AecEvalCore.sv:48937$19398'.
     1/1: $0\captureAddress_4_3[0:0]
Creating decoders for process `\AecGmemLsu.$proc$rtl/sv/generated/eval_core/AecEvalCore.sv:48930$19396'.
     1/1: $0\captureAddress_4_2[0:0]
Creating decoders for process `\AecGmemLsu.$proc$rtl/sv/generated/eval_core/AecEvalCore.sv:48923$19394'.
     1/1: $0\captureAddress_4_1[0:0]
Creating decoders for process `\AecGmemLsu.$proc$rtl/sv/generated/eval_core/AecEvalCore.sv:48916$19392'.
     1/1: $0\captureAddress_4_0[0:0]
Creating decoders for process `\AecGmemLsu.$proc$rtl/sv/generated/eval_core/AecEvalCore.sv:48909$19390'.
     1/1: $0\captureAddress_3_3[0:0]
Creating decoders for process `\AecGmemLsu.$proc$rtl/sv/generated/eval_core/AecEvalCore.sv:48902$19388'.
     1/1: $0\captureAddress_3_2[0:0]
Creating decoders for process `\AecGmemLsu.$proc$rtl/sv/generated/eval_core/AecEvalCore.sv:48895$19386'.
     1/1: $0\captureAddress_3_1[0:0]
Creating decoders for process `\AecGmemLsu.$proc$rtl/sv/generated/eval_core/AecEvalCore.sv:48888$19384'.
     1/1: $0\captureAddress_3_0[0:0]
Creating decoders for process `\AecGmemLsu.$proc$rtl/sv/generated/eval_core/AecEvalCore.sv:48881$19382'.
     1/1: $0\captureAddress_2_3[0:0]
Creating decoders for process `\AecGmemLsu.$proc$rtl/sv/generated/eval_core/AecEvalCore.sv:48874$19380'.
     1/1: $0\captureAddress_2_2[0:0]
Creating decoders for process `\AecGmemLsu.$proc$rtl/sv/generated/eval_core/AecEvalCore.sv:48867$19378'.
     1/1: $0\captureAddress_2_1[0:0]
Creating decoders for process `\AecGmemLsu.$proc$rtl/sv/generated/eval_core/AecEvalCore.sv:48860$19376'.
     1/1: $0\captureAddress_2_0[0:0]
Creating decoders for process `\AecGmemLsu.$proc$rtl/sv/generated/eval_core/AecEvalCore.sv:48853$19374'.
     1/1: $0\captureAddress_1_3[0:0]
Creating decoders for process `\AecGmemLsu.$proc$rtl/sv/generated/eval_core/AecEvalCore.sv:48846$19372'.
     1/1: $0\captureAddress_1_2[0:0]
Creating decoders for process `\AecGmemLsu.$proc$rtl/sv/generated/eval_core/AecEvalCore.sv:48839$19370'.
     1/1: $0\captureAddress_1_1[0:0]
Creating decoders for process `\AecGmemLsu.$proc$rtl/sv/generated/eval_core/AecEvalCore.sv:48832$19368'.
     1/1: $0\captureAddress_1_0[0:0]
Creating decoders for process `\AecGmemLsu.$proc$rtl/sv/generated/eval_core/AecEvalCore.sv:48825$19366'.
     1/1: $0\captureAddress_0_3[0:0]
Creating decoders for process `\AecGmemLsu.$proc$rtl/sv/generated/eval_core/AecEvalCore.sv:48818$19364'.
     1/1: $0\captureAddress_0_2[0:0]
Creating decoders for process `\AecGmemLsu.$proc$rtl/sv/generated/eval_core/AecEvalCore.sv:48811$19362'.
     1/1: $0\captureAddress_0_1[0:0]
Creating decoders for process `\AecGmemLsu.$proc$rtl/sv/generated/eval_core/AecEvalCore.sv:48804$19360'.
     1/1: $0\captureAddress_0_0[0:0]
Creating decoders for process `\AecGmemLsu.$proc$rtl/sv/generated/eval_core/AecEvalCore.sv:48785$19356'.
     1/1: $0\state[3:0]
Creating decoders for process `\AecGmemLsu.$proc$rtl/sv/generated/eval_core/AecEvalCore.sv:47200$19317'.
     1/424: $0\loadReqToken[3:0]
     2/424: $0\loadReqLine[31:0]
     3/424: $0\loadSlotLine_15[31:0]
     4/424: $0\loadSlotLine_14[31:0]
     5/424: $0\loadSlotLine_13[31:0]
     6/424: $0\loadSlotLine_12[31:0]
     7/424: $0\loadSlotLine_11[31:0]
     8/424: $0\loadSlotLine_10[31:0]
     9/424: $0\loadSlotLine_9[31:0]
    10/424: $0\loadSlotLine_8[31:0]
    11/424: $0\loadSlotLine_7[31:0]
    12/424: $0\loadSlotLine_6[31:0]
    13/424: $0\loadSlotLine_5[31:0]
    14/424: $0\loadSlotLine_4[31:0]
    15/424: $0\loadSlotLine_3[31:0]
    16/424: $0\loadSlotLine_2[31:0]
    17/424: $0\loadSlotLine_1[31:0]
    18/424: $0\loadSlotLine_0[31:0]
    19/424: $0\loadSlotGroup_15[63:0]
    20/424: $0\loadSlotGroup_14[63:0]
    21/424: $0\loadSlotGroup_13[63:0]
    22/424: $0\loadSlotGroup_12[63:0]
    23/424: $0\loadSlotGroup_11[63:0]
    24/424: $0\loadSlotGroup_10[63:0]
    25/424: $0\loadSlotGroup_9[63:0]
    26/424: $0\loadSlotGroup_8[63:0]
    27/424: $0\loadSlotGroup_7[63:0]
    28/424: $0\loadSlotGroup_6[63:0]
    29/424: $0\loadSlotGroup_5[63:0]
    30/424: $0\loadSlotGroup_4[63:0]
    31/424: $0\loadSlotGroup_3[63:0]
    32/424: $0\loadSlotGroup_2[63:0]
    33/424: $0\loadSlotGroup_1[63:0]
    34/424: $0\loadSlotGroup_0[63:0]
    35/424: $0\heldCompareBytes_31_3[7:0]
    36/424: $0\heldCompareBytes_31_2[7:0]
    37/424: $0\heldCompareBytes_31_1[7:0]
    38/424: $0\heldCompareBytes_31_0[7:0]
    39/424: $0\heldCompareBytes_30_3[7:0]
    40/424: $0\heldCompareBytes_30_2[7:0]
    41/424: $0\heldCompareBytes_30_1[7:0]
    42/424: $0\heldCompareBytes_30_0[7:0]
    43/424: $0\heldCompareBytes_29_3[7:0]
    44/424: $0\heldCompareBytes_29_2[7:0]
    45/424: $0\heldCompareBytes_29_1[7:0]
    46/424: $0\heldCompareBytes_29_0[7:0]
    47/424: $0\heldCompareBytes_28_3[7:0]
    48/424: $0\heldCompareBytes_28_2[7:0]
    49/424: $0\heldCompareBytes_28_1[7:0]
    50/424: $0\heldCompareBytes_28_0[7:0]
    51/424: $0\heldCompareBytes_27_3[7:0]
    52/424: $0\heldCompareBytes_27_2[7:0]
    53/424: $0\heldCompareBytes_27_1[7:0]
    54/424: $0\heldCompareBytes_27_0[7:0]
    55/424: $0\heldCompareBytes_26_3[7:0]
    56/424: $0\heldCompareBytes_26_2[7:0]
    57/424: $0\heldCompareBytes_26_1[7:0]
    58/424: $0\heldCompareBytes_26_0[7:0]
    59/424: $0\heldCompareBytes_25_3[7:0]
    60/424: $0\heldCompareBytes_25_2[7:0]
    61/424: $0\heldCompareBytes_25_1[7:0]
    62/424: $0\heldCompareBytes_25_0[7:0]
    63/424: $0\heldCompareBytes_24_3[7:0]
    64/424: $0\heldCompareBytes_24_2[7:0]
    65/424: $0\heldCompareBytes_24_1[7:0]
    66/424: $0\heldCompareBytes_24_0[7:0]
    67/424: $0\heldCompareBytes_23_3[7:0]
    68/424: $0\heldCompareBytes_23_2[7:0]
    69/424: $0\heldCompareBytes_23_1[7:0]
    70/424: $0\heldCompareBytes_23_0[7:0]
    71/424: $0\heldCompareBytes_22_3[7:0]
    72/424: $0\heldCompareBytes_22_2[7:0]
    73/424: $0\heldCompareBytes_22_1[7:0]
    74/424: $0\heldCompareBytes_22_0[7:0]
    75/424: $0\heldCompareBytes_21_3[7:0]
    76/424: $0\heldCompareBytes_21_2[7:0]
    77/424: $0\heldCompareBytes_21_1[7:0]
    78/424: $0\heldCompareBytes_21_0[7:0]
    79/424: $0\heldCompareBytes_20_3[7:0]
    80/424: $0\heldCompareBytes_20_2[7:0]
    81/424: $0\heldCompareBytes_20_1[7:0]
    82/424: $0\heldCompareBytes_20_0[7:0]
    83/424: $0\heldCompareBytes_19_3[7:0]
    84/424: $0\heldCompareBytes_19_2[7:0]
    85/424: $0\heldCompareBytes_19_1[7:0]
    86/424: $0\heldCompareBytes_19_0[7:0]
    87/424: $0\heldCompareBytes_18_3[7:0]
    88/424: $0\heldCompareBytes_18_2[7:0]
    89/424: $0\heldCompareBytes_18_1[7:0]
    90/424: $0\heldCompareBytes_18_0[7:0]
    91/424: $0\heldCompareBytes_17_3[7:0]
    92/424: $0\heldCompareBytes_17_2[7:0]
    93/424: $0\heldCompareBytes_17_1[7:0]
    94/424: $0\heldCompareBytes_17_0[7:0]
    95/424: $0\heldCompareBytes_16_3[7:0]
    96/424: $0\heldCompareBytes_16_2[7:0]
    97/424: $0\heldCompareBytes_16_1[7:0]
    98/424: $0\heldCompareBytes_16_0[7:0]
    99/424: $0\heldCompareBytes_15_3[7:0]
   100/424: $0\heldCompareBytes_15_2[7:0]
   101/424: $0\heldCompareBytes_15_1[7:0]
   102/424: $0\heldCompareBytes_15_0[7:0]
   103/424: $0\heldCompareBytes_14_3[7:0]
   104/424: $0\heldCompareBytes_14_2[7:0]
   105/424: $0\heldCompareBytes_14_1[7:0]
   106/424: $0\heldCompareBytes_14_0[7:0]
   107/424: $0\heldCompareBytes_13_3[7:0]
   108/424: $0\heldCompareBytes_13_2[7:0]
   109/424: $0\heldCompareBytes_13_1[7:0]
   110/424: $0\heldCompareBytes_13_0[7:0]
   111/424: $0\heldCompareBytes_12_3[7:0]
   112/424: $0\heldCompareBytes_12_2[7:0]
   113/424: $0\heldCompareBytes_12_1[7:0]
   114/424: $0\heldCompareBytes_12_0[7:0]
   115/424: $0\heldCompareBytes_11_3[7:0]
   116/424: $0\heldCompareBytes_11_2[7:0]
   117/424: $0\heldCompareBytes_11_1[7:0]
   118/424: $0\heldCompareBytes_11_0[7:0]
   119/424: $0\heldCompareBytes_10_3[7:0]
   120/424: $0\heldCompareBytes_10_2[7:0]
   121/424: $0\heldCompareBytes_10_1[7:0]
   122/424: $0\heldCompareBytes_10_0[7:0]
   123/424: $0\heldCompareBytes_9_3[7:0]
   124/424: $0\heldCompareBytes_9_2[7:0]
   125/424: $0\heldCompareBytes_9_1[7:0]
   126/424: $0\heldCompareBytes_9_0[7:0]
   127/424: $0\heldCompareBytes_8_3[7:0]
   128/424: $0\heldCompareBytes_8_2[7:0]
   129/424: $0\heldCompareBytes_8_1[7:0]
   130/424: $0\heldCompareBytes_8_0[7:0]
   131/424: $0\heldCompareBytes_7_3[7:0]
   132/424: $0\heldCompareBytes_7_2[7:0]
   133/424: $0\heldCompareBytes_7_1[7:0]
   134/424: $0\heldCompareBytes_7_0[7:0]
   135/424: $0\heldCompareBytes_6_3[7:0]
   136/424: $0\heldCompareBytes_6_2[7:0]
   137/424: $0\heldCompareBytes_6_1[7:0]
   138/424: $0\heldCompareBytes_6_0[7:0]
   139/424: $0\heldCompareBytes_5_3[7:0]
   140/424: $0\heldCompareBytes_5_2[7:0]
   141/424: $0\heldCompareBytes_5_1[7:0]
   142/424: $0\heldCompareBytes_5_0[7:0]
   143/424: $0\heldCompareBytes_4_3[7:0]
   144/424: $0\heldCompareBytes_4_2[7:0]
   145/424: $0\heldCompareBytes_4_1[7:0]
   146/424: $0\heldCompareBytes_4_0[7:0]
   147/424: $0\heldCompareBytes_3_3[7:0]
   148/424: $0\heldCompareBytes_3_2[7:0]
   149/424: $0\heldCompareBytes_3_1[7:0]
   150/424: $0\heldCompareBytes_3_0[7:0]
   151/424: $0\heldCompareBytes_2_3[7:0]
   152/424: $0\heldCompareBytes_2_2[7:0]
   153/424: $0\heldCompareBytes_2_1[7:0]
   154/424: $0\heldCompareBytes_2_0[7:0]
   155/424: $0\heldCompareBytes_1_3[7:0]
   156/424: $0\heldCompareBytes_1_2[7:0]
   157/424: $0\heldCompareBytes_1_1[7:0]
   158/424: $0\heldCompareBytes_1_0[7:0]
   159/424: $0\heldCompareBytes_0_3[7:0]
   160/424: $0\heldCompareBytes_0_2[7:0]
   161/424: $0\heldCompareBytes_0_1[7:0]
   162/424: $0\heldCompareBytes_0_0[7:0]
   163/424: $0\heldStoreBytes_31_3[7:0]
   164/424: $0\heldStoreBytes_31_2[7:0]
   165/424: $0\heldStoreBytes_31_1[7:0]
   166/424: $0\heldStoreBytes_31_0[7:0]
   167/424: $0\heldStoreBytes_30_3[7:0]
   168/424: $0\heldStoreBytes_30_2[7:0]
   169/424: $0\heldStoreBytes_30_1[7:0]
   170/424: $0\heldStoreBytes_30_0[7:0]
   171/424: $0\heldStoreBytes_29_3[7:0]
   172/424: $0\heldStoreBytes_29_2[7:0]
   173/424: $0\heldStoreBytes_29_1[7:0]
   174/424: $0\heldStoreBytes_29_0[7:0]
   175/424: $0\heldStoreBytes_28_3[7:0]
   176/424: $0\heldStoreBytes_28_2[7:0]
   177/424: $0\heldStoreBytes_28_1[7:0]
   178/424: $0\heldStoreBytes_28_0[7:0]
   179/424: $0\heldStoreBytes_27_3[7:0]
   180/424: $0\heldStoreBytes_27_2[7:0]
   181/424: $0\heldStoreBytes_27_1[7:0]
   182/424: $0\heldStoreBytes_27_0[7:0]
   183/424: $0\heldStoreBytes_26_3[7:0]
   184/424: $0\heldStoreBytes_26_2[7:0]
   185/424: $0\heldStoreBytes_26_1[7:0]
   186/424: $0\heldStoreBytes_26_0[7:0]
   187/424: $0\heldStoreBytes_25_3[7:0]
   188/424: $0\heldStoreBytes_25_2[7:0]
   189/424: $0\heldStoreBytes_25_1[7:0]
   190/424: $0\heldStoreBytes_25_0[7:0]
   191/424: $0\heldStoreBytes_24_3[7:0]
   192/424: $0\heldStoreBytes_24_2[7:0]
   193/424: $0\heldStoreBytes_24_1[7:0]
   194/424: $0\heldStoreBytes_24_0[7:0]
   195/424: $0\heldStoreBytes_23_3[7:0]
   196/424: $0\heldStoreBytes_23_2[7:0]
   197/424: $0\heldStoreBytes_23_1[7:0]
   198/424: $0\heldStoreBytes_23_0[7:0]
   199/424: $0\heldStoreBytes_22_3[7:0]
   200/424: $0\heldStoreBytes_22_2[7:0]
   201/424: $0\heldStoreBytes_22_1[7:0]
   202/424: $0\heldStoreBytes_22_0[7:0]
   203/424: $0\heldStoreBytes_21_3[7:0]
   204/424: $0\heldStoreBytes_21_2[7:0]
   205/424: $0\heldStoreBytes_21_1[7:0]
   206/424: $0\heldStoreBytes_21_0[7:0]
   207/424: $0\heldStoreBytes_20_3[7:0]
   208/424: $0\heldStoreBytes_20_2[7:0]
   209/424: $0\heldStoreBytes_20_1[7:0]
   210/424: $0\heldStoreBytes_20_0[7:0]
   211/424: $0\heldStoreBytes_19_3[7:0]
   212/424: $0\heldStoreBytes_19_2[7:0]
   213/424: $0\heldStoreBytes_19_1[7:0]
   214/424: $0\heldStoreBytes_19_0[7:0]
   215/424: $0\heldStoreBytes_18_3[7:0]
   216/424: $0\heldStoreBytes_18_2[7:0]
   217/424: $0\heldStoreBytes_18_1[7:0]
   218/424: $0\heldStoreBytes_18_0[7:0]
   219/424: $0\heldStoreBytes_17_3[7:0]
   220/424: $0\heldStoreBytes_17_2[7:0]
   221/424: $0\heldStoreBytes_17_1[7:0]
   222/424: $0\heldStoreBytes_17_0[7:0]
   223/424: $0\heldStoreBytes_16_3[7:0]
   224/424: $0\heldStoreBytes_16_2[7:0]
   225/424: $0\heldStoreBytes_16_1[7:0]
   226/424: $0\heldStoreBytes_16_0[7:0]
   227/424: $0\heldStoreBytes_15_3[7:0]
   228/424: $0\heldStoreBytes_15_2[7:0]
   229/424: $0\heldStoreBytes_15_1[7:0]
   230/424: $0\heldStoreBytes_15_0[7:0]
   231/424: $0\heldStoreBytes_14_3[7:0]
   232/424: $0\heldStoreBytes_14_2[7:0]
   233/424: $0\heldStoreBytes_14_1[7:0]
   234/424: $0\heldStoreBytes_14_0[7:0]
   235/424: $0\heldStoreBytes_13_3[7:0]
   236/424: $0\heldStoreBytes_13_2[7:0]
   237/424: $0\heldStoreBytes_13_1[7:0]
   238/424: $0\heldStoreBytes_13_0[7:0]
   239/424: $0\heldStoreBytes_12_3[7:0]
   240/424: $0\heldStoreBytes_12_2[7:0]
   241/424: $0\heldStoreBytes_12_1[7:0]
   242/424: $0\heldStoreBytes_12_0[7:0]
   243/424: $0\heldStoreBytes_11_3[7:0]
   244/424: $0\heldStoreBytes_11_2[7:0]
   245/424: $0\heldStoreBytes_11_1[7:0]
   246/424: $0\heldStoreBytes_11_0[7:0]
   247/424: $0\heldStoreBytes_10_3[7:0]
   248/424: $0\heldStoreBytes_10_2[7:0]
   249/424: $0\heldStoreBytes_10_1[7:0]
   250/424: $0\heldStoreBytes_10_0[7:0]
   251/424: $0\heldStoreBytes_9_3[7:0]
   252/424: $0\heldStoreBytes_9_2[7:0]
   253/424: $0\heldStoreBytes_9_1[7:0]
   254/424: $0\heldStoreBytes_9_0[7:0]
   255/424: $0\heldStoreBytes_8_3[7:0]
   256/424: $0\heldStoreBytes_8_2[7:0]
   257/424: $0\heldStoreBytes_8_1[7:0]
   258/424: $0\heldStoreBytes_8_0[7:0]
   259/424: $0\heldStoreBytes_7_3[7:0]
   260/424: $0\heldStoreBytes_7_2[7:0]
   261/424: $0\heldStoreBytes_7_1[7:0]
   262/424: $0\heldStoreBytes_7_0[7:0]
   263/424: $0\heldStoreBytes_6_3[7:0]
   264/424: $0\heldStoreBytes_6_2[7:0]
   265/424: $0\heldStoreBytes_6_1[7:0]
   266/424: $0\heldStoreBytes_6_0[7:0]
   267/424: $0\heldStoreBytes_5_3[7:0]
   268/424: $0\heldStoreBytes_5_2[7:0]
   269/424: $0\heldStoreBytes_5_1[7:0]
   270/424: $0\heldStoreBytes_5_0[7:0]
   271/424: $0\heldStoreBytes_4_3[7:0]
   272/424: $0\heldStoreBytes_4_2[7:0]
   273/424: $0\heldStoreBytes_4_1[7:0]
   274/424: $0\heldStoreBytes_4_0[7:0]
   275/424: $0\heldStoreBytes_3_3[7:0]
   276/424: $0\heldStoreBytes_3_2[7:0]
   277/424: $0\heldStoreBytes_3_1[7:0]
   278/424: $0\heldStoreBytes_3_0[7:0]
   279/424: $0\heldStoreBytes_2_3[7:0]
   280/424: $0\heldStoreBytes_2_2[7:0]
   281/424: $0\heldStoreBytes_2_1[7:0]
   282/424: $0\heldStoreBytes_2_0[7:0]
   283/424: $0\heldStoreBytes_1_3[7:0]
   284/424: $0\heldStoreBytes_1_2[7:0]
   285/424: $0\heldStoreBytes_1_1[7:0]
   286/424: $0\heldStoreBytes_1_0[7:0]
   287/424: $0\heldStoreBytes_0_3[7:0]
   288/424: $0\heldStoreBytes_0_2[7:0]
   289/424: $0\heldStoreBytes_0_1[7:0]
   290/424: $0\heldStoreBytes_0_0[7:0]
   291/424: $0\heldAddressBytes_31_3[7:0]
   292/424: $0\heldAddressBytes_31_2[7:0]
   293/424: $0\heldAddressBytes_31_1[7:0]
   294/424: $0\heldAddressBytes_31_0[7:0]
   295/424: $0\heldAddressBytes_30_3[7:0]
   296/424: $0\heldAddressBytes_30_2[7:0]
   297/424: $0\heldAddressBytes_30_1[7:0]
   298/424: $0\heldAddressBytes_30_0[7:0]
   299/424: $0\heldAddressBytes_29_3[7:0]
   300/424: $0\heldAddressBytes_29_2[7:0]
   301/424: $0\heldAddressBytes_29_1[7:0]
   302/424: $0\heldAddressBytes_29_0[7:0]
   303/424: $0\heldAddressBytes_28_3[7:0]
   304/424: $0\heldAddressBytes_28_2[7:0]
   305/424: $0\heldAddressBytes_28_1[7:0]
   306/424: $0\heldAddressBytes_28_0[7:0]
   307/424: $0\heldAddressBytes_27_3[7:0]
   308/424: $0\heldAddressBytes_27_2[7:0]
   309/424: $0\heldAddressBytes_27_1[7:0]
   310/424: $0\heldAddressBytes_27_0[7:0]
   311/424: $0\heldAddressBytes_26_3[7:0]
   312/424: $0\heldAddressBytes_26_2[7:0]
   313/424: $0\heldAddressBytes_26_1[7:0]
   314/424: $0\heldAddressBytes_26_0[7:0]
   315/424: $0\heldAddressBytes_25_3[7:0]
   316/424: $0\heldAddressBytes_25_2[7:0]
   317/424: $0\heldAddressBytes_25_1[7:0]
   318/424: $0\heldAddressBytes_25_0[7:0]
   319/424: $0\heldAddressBytes_24_3[7:0]
   320/424: $0\heldAddressBytes_24_2[7:0]
   321/424: $0\heldAddressBytes_24_1[7:0]
   322/424: $0\heldAddressBytes_24_0[7:0]
   323/424: $0\heldAddressBytes_23_3[7:0]
   324/424: $0\heldAddressBytes_23_2[7:0]
   325/424: $0\heldAddressBytes_23_1[7:0]
   326/424: $0\heldAddressBytes_23_0[7:0]
   327/424: $0\heldAddressBytes_22_3[7:0]
   328/424: $0\heldAddressBytes_22_2[7:0]
   329/424: $0\heldAddressBytes_22_1[7:0]
   330/424: $0\heldAddressBytes_22_0[7:0]
   331/424: $0\heldAddressBytes_21_3[7:0]
   332/424: $0\heldAddressBytes_21_2[7:0]
   333/424: $0\heldAddressBytes_21_1[7:0]
   334/424: $0\heldAddressBytes_21_0[7:0]
   335/424: $0\heldAddressBytes_20_3[7:0]
   336/424: $0\heldAddressBytes_20_2[7:0]
   337/424: $0\heldAddressBytes_20_1[7:0]
   338/424: $0\heldAddressBytes_20_0[7:0]
   339/424: $0\heldAddressBytes_19_3[7:0]
   340/424: $0\heldAddressBytes_19_2[7:0]
   341/424: $0\heldAddressBytes_19_1[7:0]
   342/424: $0\heldAddressBytes_19_0[7:0]
   343/424: $0\heldAddressBytes_18_3[7:0]
   344/424: $0\heldAddressBytes_18_2[7:0]
   345/424: $0\heldAddressBytes_18_1[7:0]
   346/424: $0\heldAddressBytes_18_0[7:0]
   347/424: $0\heldAddressBytes_17_3[7:0]
   348/424: $0\heldAddressBytes_17_2[7:0]
   349/424: $0\heldAddressBytes_17_1[7:0]
   350/424: $0\heldAddressBytes_17_0[7:0]
   351/424: $0\heldAddressBytes_16_3[7:0]
   352/424: $0\heldAddressBytes_16_2[7:0]
   353/424: $0\heldAddressBytes_16_1[7:0]
   354/424: $0\heldAddressBytes_16_0[7:0]
   355/424: $0\heldAddressBytes_15_3[7:0]
   356/424: $0\heldAddressBytes_15_2[7:0]
   357/424: $0\heldAddressBytes_15_1[7:0]
   358/424: $0\heldAddressBytes_15_0[7:0]
   359/424: $0\heldAddressBytes_14_3[7:0]
   360/424: $0\heldAddressBytes_14_2[7:0]
   361/424: $0\heldAddressBytes_14_1[7:0]
   362/424: $0\heldAddressBytes_14_0[7:0]
   363/424: $0\heldAddressBytes_13_3[7:0]
   364/424: $0\heldAddressBytes_13_2[7:0]
   365/424: $0\heldAddressBytes_13_1[7:0]
   366/424: $0\heldAddressBytes_13_0[7:0]
   367/424: $0\heldAddressBytes_12_3[7:0]
   368/424: $0\heldAddressBytes_12_2[7:0]
   369/424: $0\heldAddressBytes_12_1[7:0]
   370/424: $0\heldAddressBytes_12_0[7:0]
   371/424: $0\heldAddressBytes_11_3[7:0]
   372/424: $0\heldAddressBytes_11_2[7:0]
   373/424: $0\heldAddressBytes_11_1[7:0]
   374/424: $0\heldAddressBytes_11_0[7:0]
   375/424: $0\heldAddressBytes_10_3[7:0]
   376/424: $0\heldAddressBytes_10_2[7:0]
   377/424: $0\heldAddressBytes_10_1[7:0]
   378/424: $0\heldAddressBytes_10_0[7:0]
   379/424: $0\heldAddressBytes_9_3[7:0]
   380/424: $0\heldAddressBytes_9_2[7:0]
   381/424: $0\heldAddressBytes_9_1[7:0]
   382/424: $0\heldAddressBytes_9_0[7:0]
   383/424: $0\heldAddressBytes_8_3[7:0]
   384/424: $0\heldAddressBytes_8_2[7:0]
   385/424: $0\heldAddressBytes_8_1[7:0]
   386/424: $0\heldAddressBytes_8_0[7:0]
   387/424: $0\heldAddressBytes_7_3[7:0]
   388/424: $0\heldAddressBytes_7_2[7:0]
   389/424: $0\heldAddressBytes_7_1[7:0]
   390/424: $0\heldAddressBytes_7_0[7:0]
   391/424: $0\heldAddressBytes_6_3[7:0]
   392/424: $0\heldAddressBytes_6_2[7:0]
   393/424: $0\heldAddressBytes_6_1[7:0]
   394/424: $0\heldAddressBytes_6_0[7:0]
   395/424: $0\heldAddressBytes_5_3[7:0]
   396/424: $0\heldAddressBytes_5_2[7:0]
   397/424: $0\heldAddressBytes_5_1[7:0]
   398/424: $0\heldAddressBytes_5_0[7:0]
   399/424: $0\heldAddressBytes_4_3[7:0]
   400/424: $0\heldAddressBytes_4_2[7:0]
   401/424: $0\heldAddressBytes_4_1[7:0]
   402/424: $0\heldAddressBytes_4_0[7:0]
   403/424: $0\heldAddressBytes_3_3[7:0]
   404/424: $0\heldAddressBytes_3_2[7:0]
   405/424: $0\heldAddressBytes_3_1[7:0]
   406/424: $0\heldAddressBytes_3_0[7:0]
   407/424: $0\heldAddressBytes_2_3[7:0]
   408/424: $0\heldAddressBytes_2_2[7:0]
   409/424: $0\heldAddressBytes_2_1[7:0]
   410/424: $0\heldAddressBytes_2_0[7:0]
   411/424: $0\heldAddressBytes_1_3[7:0]
   412/424: $0\heldAddressBytes_1_2[7:0]
   413/424: $0\heldAddressBytes_1_1[7:0]
   414/424: $0\heldAddressBytes_1_0[7:0]
   415/424: $0\heldAddressBytes_0_3[7:0]
   416/424: $0\heldAddressBytes_0_2[7:0]
   417/424: $0\heldAddressBytes_0_1[7:0]
   418/424: $0\heldAddressBytes_0_0[7:0]
   419/424: $0\held_signed[0:0]
   420/424: $0\held_atomicOp[2:0]
   421/424: $0\held_atomic[0:0]
   422/424: $0\held_width64[0:0]
   423/424: $0\held_load[0:0]
   424/424: $0\held_space[0:0]
Creating decoders for process `\AecGmemLineWord.$proc$rtl/sv/generated/eval_core/AecEvalCore.sv:40946$15087'.
     1/2: $0\strb[3:0]
     2/2: $0\word[31:0]

3.8. Executing PROC_DLATCH pass (convert process syncs to latches).

3.9. Executing PROC_DFF pass (convert process syncs to FFs).
Creating register for signal `\AecGmemLsu.\loadReqValid' using process `\AecGmemLsu.$proc$rtl/sv/generated/eval_core/AecEvalCore.sv:52417$20301'.
  created $adff cell `$procdff$34238' with positive edge clock and positive level reset.
Creating register for signal `\AecGmemLsu.\loadSlotValid_15' using process `\AecGmemLsu.$proc$rtl/sv/generated/eval_core/AecEvalCore.sv:52400$20299'.
  created $adff cell `$procdff$34241' with positive edge clock and positive level reset.
Creating register for signal `\AecGmemLsu.\loadSlotValid_14' using process `\AecGmemLsu.$proc$rtl/sv/generated/eval_core/AecEvalCore.sv:52383$20297'.
  created $adff cell `$procdff$34244' with positive edge clock and positive level reset.
Creating register for signal `\AecGmemLsu.\loadSlotValid_13' using process `\AecGmemLsu.$proc$rtl/sv/generated/eval_core/AecEvalCore.sv:52366$20295'.
  created $adff cell `$procdff$34247' with positive edge clock and positive level reset.
Creating register for signal `\AecGmemLsu.\loadSlotValid_12' using process `\AecGmemLsu.$proc$rtl/sv/generated/eval_core/AecEvalCore.sv:52349$20293'.
  created $adff cell `$procdff$34250' with positive edge clock and positive level reset.
Creating register for signal `\AecGmemLsu.\loadSlotValid_11' using process `\AecGmemLsu.$proc$rtl/sv/generated/eval_core/AecEvalCore.sv:52332$20291'.
  created $adff cell `$procdff$34253' with positive edge clock and positive level reset.
Creating register for signal `\AecGmemLsu.\loadSlotValid_10' using process `\AecGmemLsu.$proc$rtl/sv/generated/eval_core/AecEvalCore.sv:52315$20289'.
  created $adff cell `$procdff$34256' with positive edge clock and positive level reset.
Creating register for signal `\AecGmemLsu.\loadSlotValid_9' using process `\AecGmemLsu.$proc$rtl/sv/generated/eval_core/AecEvalCore.sv:52298$20287'.
  created $adff cell `$procdff$34259' with positive edge clock and positive level reset.
Creating register for signal `\AecGmemLsu.\loadSlotValid_8' using process `\AecGmemLsu.$proc$rtl/sv/generated/eval_core/AecEvalCore.sv:52281$20285'.
  created $adff cell `$procdff$34262' with positive edge clock and positive level reset.
Creating register for signal `\AecGmemLsu.\loadSlotValid_7' using process `\AecGmemLsu.$proc$rtl/sv/generated/eval_core/AecEvalCore.sv:52264$20283'.
  created $adff cell `$procdff$34265' with positive edge clock and positive level reset.
Creating register for signal `\AecGmemLsu.\loadSlotValid_6' using process `\AecGmemLsu.$proc$rtl/sv/generated/eval_core/AecEvalCore.sv:52247$20281'.
  created $adff cell `$procdff$34268' with positive edge clock and positive level reset.
Creating register for signal `\AecGmemLsu.\loadSlotValid_5' using process `\AecGmemLsu.$proc$rtl/sv/generated/eval_core/AecEvalCore.sv:52230$20279'.
  created $adff cell `$procdff$34271' with positive edge clock and positive level reset.
Creating register for signal `\AecGmemLsu.\loadSlotValid_4' using process `\AecGmemLsu.$proc$rtl/sv/generated/eval_core/AecEvalCore.sv:52213$20277'.
  created $adff cell `$procdff$34274' with positive edge clock and positive level reset.
Creating register for signal `\AecGmemLsu.\loadSlotValid_3' using process `\AecGmemLsu.$proc$rtl/sv/generated/eval_core/AecEvalCore.sv:52196$20275'.
  created $adff cell `$procdff$34277' with positive edge clock and positive level reset.
Creating register for signal `\AecGmemLsu.\loadSlotValid_2' using process `\AecGmemLsu.$proc$rtl/sv/generated/eval_core/AecEvalCore.sv:52179$20273'.
  created $adff cell `$procdff$34280' with positive edge clock and positive level reset.
Creating register for signal `\AecGmemLsu.\loadSlotValid_1' using process `\AecGmemLsu.$proc$rtl/sv/generated/eval_core/AecEvalCore.sv:52162$20271'.
  created $adff cell `$procdff$34283' with positive edge clock and positive level reset.
Creating register for signal `\AecGmemLsu.\loadSlotValid_0' using process `\AecGmemLsu.$proc$rtl/sv/generated/eval_core/AecEvalCore.sv:52145$20269'.
  created $adff cell `$procdff$34286' with positive edge clock and positive level reset.
Creating register for signal `\AecGmemLsu.\loadAbort' using process `\AecGmemLsu.$proc$rtl/sv/generated/eval_core/AecEvalCore.sv:52128$20267'.
  created $adff cell `$procdff$34289' with positive edge clock and positive level reset.
Creating register for signal `\AecGmemLsu.\error' using process `\AecGmemLsu.$proc$rtl/sv/generated/eval_core/AecEvalCore.sv:52111$20265'.
  created $adff cell `$procdff$34292' with positive edge clock and positive level reset.
Creating register for signal `\AecGmemLsu.\data_31' using process `\AecGmemLsu.$proc$rtl/sv/generated/eval_core/AecEvalCore.sv:52098$20262'.
  created $adff cell `$procdff$34295' with positive edge clock and positive level reset.
Creating register for signal `\AecGmemLsu.\data_30' using process `\AecGmemLsu.$proc$rtl/sv/generated/eval_core/AecEvalCore.sv:52085$20259'.
  created $adff cell `$procdff$34298' with positive edge clock and positive level reset.
Creating register for signal `\AecGmemLsu.\data_29' using process `\AecGmemLsu.$proc$rtl/sv/generated/eval_core/AecEvalCore.sv:52072$20256'.
  created $adff cell `$procdff$34301' with positive edge clock and positive level reset.
Creating register for signal `\AecGmemLsu.\data_28' using process `\AecGmemLsu.$proc$rtl/sv/generated/eval_core/AecEvalCore.sv:52059$20253'.
  created $adff cell `$procdff$34304' with positive edge clock and positive level reset.
Creating register for signal `\AecGmemLsu.\data_27' using process `\AecGmemLsu.$proc$rtl/sv/generated/eval_core/AecEvalCore.sv:52046$20250'.
  created $adff cell `$procdff$34307' with positive edge clock and positive level reset.
Creating register for signal `\AecGmemLsu.\data_26' using process `\AecGmemLsu.$proc$rtl/sv/generated/eval_core/AecEvalCore.sv:52033$20247'.
  created $adff cell `$procdff$34310' with positive edge clock and positive level reset.
Creating register for signal `\AecGmemLsu.\data_25' using process `\AecGmemLsu.$proc$rtl/sv/generated/eval_core/AecEvalCore.sv:52020$20244'.
  created $adff cell `$procdff$34313' with positive edge clock and positive level reset.
Creating register for signal `\AecGmemLsu.\data_24' using process `\AecGmemLsu.$proc$rtl/sv/generated/eval_core/AecEvalCore.sv:52007$20241'.
  created $adff cell `$procdff$34316' with positive edge clock and positive level reset.
Creating register for signal `\AecGmemLsu.\data_23' using process `\AecGmemLsu.$proc$rtl/sv/generated/eval_core/AecEvalCore.sv:51994$20238'.
  created $adff cell `$procdff$34319' with positive edge clock and positive level reset.
Creating register for signal `\AecGmemLsu.\data_22' using process `\AecGmemLsu.$proc$rtl/sv/generated/eval_core/AecEvalCore.sv:51981$20235'.
  created $adff cell `$procdff$34322' with positive edge clock and positive level reset.
Creating register for signal `\AecGmemLsu.\data_21' using process `\AecGmemLsu.$proc$rtl/sv/generated/eval_core/AecEvalCore.sv:51968$20232'.
  created $adff cell `$procdff$34325' with positive edge clock and positive level reset.
Creating register for signal `\AecGmemLsu.\data_20' using process `\AecGmemLsu.$proc$rtl/sv/generated/eval_core/AecEvalCore.sv:51955$20229'.
  created $adff cell `$procdff$34328' with positive edge clock and positive level reset.
Creating register for signal `\AecGmemLsu.\data_19' using process `\AecGmemLsu.$proc$rtl/sv/generated/eval_core/AecEvalCore.sv:51942$20226'.
  created $adff cell `$procdff$34331' with positive edge clock and positive level reset.
Creating register for signal `\AecGmemLsu.\data_18' using process `\AecGmemLsu.$proc$rtl/sv/generated/eval_core/AecEvalCore.sv:51929$20223'.
  created $adff cell `$procdff$34334' with positive edge clock and positive level reset.
Creating register for signal `\AecGmemLsu.\data_17' using process `\AecGmemLsu.$proc$rtl/sv/generated/eval_core/AecEvalCore.sv:51916$20220'.
  created $adff cell `$procdff$34337' with positive edge clock and positive level reset.
Creating register for signal `\AecGmemLsu.\data_16' using process `\AecGmemLsu.$proc$rtl/sv/generated/eval_core/AecEvalCore.sv:51903$20217'.
  created $adff cell `$procdff$34340' with positive edge clock and positive level reset.
Creating register for signal `\AecGmemLsu.\data_15' using process `\AecGmemLsu.$proc$rtl/sv/generated/eval_core/AecEvalCore.sv:51890$20214'.
  created $adff cell `$procdff$34343' with positive edge clock and positive level reset.
Creating register for signal `\AecGmemLsu.\data_14' using process `\AecGmemLsu.$proc$rtl/sv/generated/eval_core/AecEvalCore.sv:51877$20211'.
  created $adff cell `$procdff$34346' with positive edge clock and positive level reset.
Creating register for signal `\AecGmemLsu.\data_13' using process `\AecGmemLsu.$proc$rtl/sv/generated/eval_core/AecEvalCore.sv:51864$20208'.
  created $adff cell `$procdff$34349' with positive edge clock and positive level reset.
Creating register for signal `\AecGmemLsu.\data_12' using process `\AecGmemLsu.$proc$rtl/sv/generated/eval_core/AecEvalCore.sv:51851$20205'.
  created $adff cell `$procdff$34352' with positive edge clock and positive level reset.
Creating register for signal `\AecGmemLsu.\data_11' using process `\AecGmemLsu.$proc$rtl/sv/generated/eval_core/AecEvalCore.sv:51838$20202'.
  created $adff cell `$procdff$34355' with positive edge clock and positive level reset.
Creating register for signal `\AecGmemLsu.\data_10' using process `\AecGmemLsu.$proc$rtl/sv/generated/eval_core/AecEvalCore.sv:51825$20199'.
  created $adff cell `$procdff$34358' with positive edge clock and positive level reset.
Creating register for signal `\AecGmemLsu.\data_9' using process `\AecGmemLsu.$proc$rtl/sv/generated/eval_core/AecEvalCore.sv:51812$20196'.
  created $adff cell `$procdff$34361' with positive edge clock and positive level reset.
Creating register for signal `\AecGmemLsu.\data_8' using process `\AecGmemLsu.$proc$rtl/sv/generated/eval_core/AecEvalCore.sv:51799$20193'.
  created $adff cell `$procdff$34364' with positive edge clock and positive level reset.
Creating register for signal `\AecGmemLsu.\data_7' using process `\AecGmemLsu.$proc$rtl/sv/generated/eval_core/AecEvalCore.sv:51786$20190'.
  created $adff cell `$procdff$34367' with positive edge clock and positive level reset.
Creating register for signal `\AecGmemLsu.\data_6' using process `\AecGmemLsu.$proc$rtl/sv/generated/eval_core/AecEvalCore.sv:51773$20187'.
  created $adff cell `$procdff$34370' with positive edge clock and positive level reset.
Creating register for signal `\AecGmemLsu.\data_5' using process `\AecGmemLsu.$proc$rtl/sv/generated/eval_core/AecEvalCore.sv:51760$20184'.
  created $adff cell `$procdff$34373' with positive edge clock and positive level reset.
Creating register for signal `\AecGmemLsu.\data_4' using process `\AecGmemLsu.$proc$rtl/sv/generated/eval_core/AecEvalCore.sv:51747$20181'.
  created $adff cell `$procdff$34376' with positive edge clock and positive level reset.
Creating register for signal `\AecGmemLsu.\data_3' using process `\AecGmemLsu.$proc$rtl/sv/generated/eval_core/AecEvalCore.sv:51734$20178'.
  created $adff cell `$procdff$34379' with positive edge clock and positive level reset.
Creating register for signal `\AecGmemLsu.\data_2' using process `\AecGmemLsu.$proc$rtl/sv/generated/eval_core/AecEvalCore.sv:51721$20175'.
  created $adff cell `$procdff$34382' with positive edge clock and positive level reset.
Creating register for signal `\AecGmemLsu.\data_1' using process `\AecGmemLsu.$proc$rtl/sv/generated/eval_core/AecEvalCore.sv:51708$20172'.
  created $adff cell `$procdff$34385' with positive edge clock and positive level reset.
Creating register for signal `\AecGmemLsu.\data_0' using process `\AecGmemLsu.$proc$rtl/sv/generated/eval_core/AecEvalCore.sv:51695$20169'.
  created $adff cell `$procdff$34388' with positive edge clock and positive level reset.
Creating register for signal `\AecGmemLsu.\atomicPendingLanes' using process `\AecGmemLsu.$proc$rtl/sv/generated/eval_core/AecEvalCore.sv:51678$20167'.
  created $adff cell `$procdff$34391' with positive edge clock and positive level reset.
Creating register for signal `\AecGmemLsu.\atomicWrite' using process `\AecGmemLsu.$proc$rtl/sv/generated/eval_core/AecEvalCore.sv:51665$20163'.
  created $adff cell `$procdff$34394' with positive edge clock and positive level reset.
Creating register for signal `\AecGmemLsu.\preflight' using process `\AecGmemLsu.$proc$rtl/sv/generated/eval_core/AecEvalCore.sv:51648$20161'.
  created $adff cell `$procdff$34397' with positive edge clock and positive level reset.
Creating register for signal `\AecGmemLsu.\lineAddress' using process `\AecGmemLsu.$proc$rtl/sv/generated/eval_core/AecEvalCore.sv:51629$20158'.
  created $adff cell `$procdff$34400' with positive edge clock and positive level reset.
Creating register for signal `\AecGmemLsu.\workHighByteMask' using process `\AecGmemLsu.$proc$rtl/sv/generated/eval_core/AecEvalCore.sv:51622$20156'.
  created $adff cell `$procdff$34403' with positive edge clock and positive level reset.
Creating register for signal `\AecGmemLsu.\workLowByteMask' using process `\AecGmemLsu.$proc$rtl/sv/generated/eval_core/AecEvalCore.sv:51615$20154'.
  created $adff cell `$procdff$34406' with positive edge clock and positive level reset.
Creating register for signal `\AecGmemLsu.\workHighData' using process `\AecGmemLsu.$proc$rtl/sv/generated/eval_core/AecEvalCore.sv:51608$20152'.
  created $adff cell `$procdff$34409' with positive edge clock and positive level reset.
Creating register for signal `\AecGmemLsu.\workLowData' using process `\AecGmemLsu.$proc$rtl/sv/generated/eval_core/AecEvalCore.sv:51601$20150'.
  created $adff cell `$procdff$34412' with positive edge clock and positive level reset.
Creating register for signal `\AecGmemLsu.\workWord' using process `\AecGmemLsu.$proc$rtl/sv/generated/eval_core/AecEvalCore.sv:51594$20148'.
  created $adff cell `$procdff$34415' with positive edge clock and positive level reset.
Creating register for signal `\AecGmemLsu.\workIndex' using process `\AecGmemLsu.$proc$rtl/sv/generated/eval_core/AecEvalCore.sv:51587$20146'.
  created $adff cell `$procdff$34418' with positive edge clock and positive level reset.
Creating register for signal `\AecGmemLsu.\workMatch' using process `\AecGmemLsu.$proc$rtl/sv/generated/eval_core/AecEvalCore.sv:51580$20144'.
  created $adff cell `$procdff$34421' with positive edge clock and positive level reset.
Creating register for signal `\AecGmemLsu.\workValid' using process `\AecGmemLsu.$proc$rtl/sv/generated/eval_core/AecEvalCore.sv:51571$20143'.
  created $adff cell `$procdff$34424' with positive edge clock and positive level reset.
Creating register for signal `\AecGmemLsu.\scanIndex' using process `\AecGmemLsu.$proc$rtl/sv/generated/eval_core/AecEvalCore.sv:51558$20140'.
  created $adff cell `$procdff$34427' with positive edge clock and positive level reset.
Creating register for signal `\AecGmemLsu.\scatterParts' using process `\AecGmemLsu.$proc$rtl/sv/generated/eval_core/AecEvalCore.sv:51537$20137'.
  created $adff cell `$procdff$34430' with positive edge clock and positive level reset.
Creating register for signal `\AecGmemLsu.\currentGroup' using process `\AecGmemLsu.$proc$rtl/sv/generated/eval_core/AecEvalCore.sv:51518$20134'.
  created $adff cell `$procdff$34433' with positive edge clock and positive level reset.
Creating register for signal `\AecGmemLsu.\allParts' using process `\AecGmemLsu.$proc$rtl/sv/generated/eval_core/AecEvalCore.sv:51511$20132'.
  created $adff cell `$procdff$34436' with positive edge clock and positive level reset.
Creating register for signal `\AecGmemLsu.\pendingParts' using process `\AecGmemLsu.$proc$rtl/sv/generated/eval_core/AecEvalCore.sv:51492$20128'.
  created $adff cell `$procdff$34439' with positive edge clock and positive level reset.
Creating register for signal `\AecGmemLsu.\captureCompare_31_3' using process `\AecGmemLsu.$proc$rtl/sv/generated/eval_core/AecEvalCore.sv:51485$20126'.
  created $adff cell `$procdff$34442' with positive edge clock and positive level reset.
Creating register for signal `\AecGmemLsu.\captureCompare_31_2' using process `\AecGmemLsu.$proc$rtl/sv/generated/eval_core/AecEvalCore.sv:51478$20124'.
  created $adff cell `$procdff$34445' with positive edge clock and positive level reset.
Creating register for signal `\AecGmemLsu.\captureCompare_31_1' using process `\AecGmemLsu.$proc$rtl/sv/generated/eval_core/AecEvalCore.sv:51471$20122'.
  created $adff cell `$procdff$34448' with positive edge clock and positive level reset.
Creating register for signal `\AecGmemLsu.\captureCompare_31_0' using process `\AecGmemLsu.$proc$rtl/sv/generated/eval_core/AecEvalCore.sv:51464$20120'.
  created $adff cell `$procdff$34451' with positive edge clock and positive level reset.
Creating register for signal `\AecGmemLsu.\captureCompare_30_3' using process `\AecGmemLsu.$proc$rtl/sv/generated/eval_core/AecEvalCore.sv:51457$20118'.
  created $adff cell `$procdff$34454' with positive edge clock and positive level reset.
Creating register for signal `\AecGmemLsu.\captureCompare_30_2' using process `\AecGmemLsu.$proc$rtl/sv/generated/eval_core/AecEvalCore.sv:51450$20116'.
  created $adff cell `$procdff$34457' with positive edge clock and positive level reset.
Creating register for signal `\AecGmemLsu.\captureCompare_30_1' using process `\AecGmemLsu.$proc$rtl/sv/generated/eval_core/AecEvalCore.sv:51443$20114'.
  created $adff cell `$procdff$34460' with positive edge clock and positive level reset.
Creating register for signal `\AecGmemLsu.\captureCompare_30_0' using process `\AecGmemLsu.$proc$rtl/sv/generated/eval_core/AecEvalCore.sv:51436$20112'.
  created $adff cell `$procdff$34463' with positive edge clock and positive level reset.
Creating register for signal `\AecGmemLsu.\captureCompare_29_3' using process `\AecGmemLsu.$proc$rtl/sv/generated/eval_core/AecEvalCore.sv:51429$20110'.
  created $adff cell `$procdff$34466' with positive edge clock and positive level reset.
Creating register for signal `\AecGmemLsu.\captureCompare_29_2' using process `\AecGmemLsu.$proc$rtl/sv/generated/eval_core/AecEvalCore.sv:51422$20108'.
  created $adff cell `$procdff$34469' with positive edge clock and positive level reset.
Creating register for signal `\AecGmemLsu.\captureCompare_29_1' using process `\AecGmemLsu.$proc$rtl/sv/generated/eval_core/AecEvalCore.sv:51415$20106'.
  created $adff cell `$procdff$34472' with positive edge clock and positive level reset.
Creating register for signal `\AecGmemLsu.\captureCompare_29_0' using process `\AecGmemLsu.$proc$rtl/sv/generated/eval_core/AecEvalCore.sv:51408$20104'.
  created $adff cell `$procdff$34475' with positive edge clock and positive level reset.
Creating register for signal `\AecGmemLsu.\captureCompare_28_3' using process `\AecGmemLsu.$proc$rtl/sv/generated/eval_core/AecEvalCore.sv:51401$20102'.
  created $adff cell `$procdff$34478' with positive edge clock and positive level reset.
Creating register for signal `\AecGmemLsu.\captureCompare_28_2' using process `\AecGmemLsu.$proc$rtl/sv/generated/eval_core/AecEvalCore.sv:51394$20100'.
  created $adff cell `$procdff$34481' with positive edge clock and positive level reset.
Creating register for signal `\AecGmemLsu.\captureCompare_28_1' using process `\AecGmemLsu.$proc$rtl/sv/generated/eval_core/AecEvalCore.sv:51387$20098'.
  created $adff cell `$procdff$34484' with positive edge clock and positive level reset.
Creating register for signal `\AecGmemLsu.\captureCompare_28_0' using process `\AecGmemLsu.$proc$rtl/sv/generated/eval_core/AecEvalCore.sv:51380$20096'.
  created $adff cell `$procdff$34487' with positive edge clock and positive level reset.
Creating register for signal `\AecGmemLsu.\captureCompare_27_3' using process `\AecGmemLsu.$proc$rtl/sv/generated/eval_core/AecEvalCore.sv:51373$20094'.
  created $adff cell `$procdff$34490' with positive edge clock and positive level reset.
Creating register for signal `\AecGmemLsu.\captureCompare_27_2' using process `\AecGmemLsu.$proc$rtl/sv/generated/eval_core/AecEvalCore.sv:51366$20092'.
  created $adff cell `$procdff$34493' with positive edge clock and positive level reset.
Creating register for signal `\AecGmemLsu.\captureCompare_27_1' using process `\AecGmemLsu.$proc$rtl/sv/generated/eval_core/AecEvalCore.sv:51359$20090'.
  created $adff cell `$procdff$34496' with positive edge clock and positive level reset.
Creating register for signal `\AecGmemLsu.\captureCompare_27_0' using process `\AecGmemLsu.$proc$rtl/sv/generated/eval_core/AecEvalCore.sv:51352$20088'.
  created $adff cell `$procdff$34499' with positive edge clock and positive level reset.
Creating register for signal `\AecGmemLsu.\captureCompare_26_3' using process `\AecGmemLsu.$proc$rtl/sv/generated/eval_core/AecEvalCore.sv:51345$20086'.
  created $adff cell `$procdff$34502' with positive edge clock and positive level reset.
Creating register for signal `\AecGmemLsu.\captureCompare_26_2' using process `\AecGmemLsu.$proc$rtl/sv/generated/eval_core/AecEvalCore.sv:51338$20084'.
  created $adff cell `$procdff$34505' with positive edge clock and positive level reset.
Creating register for signal `\AecGmemLsu.\captureCompare_26_1' using process `\AecGmemLsu.$proc$rtl/sv/generated/eval_core/AecEvalCore.sv:51331$20082'.
  created $adff cell `$procdff$34508' with positive edge clock and positive level reset.
Creating register for signal `\AecGmemLsu.\captureCompare_26_0' using process `\AecGmemLsu.$proc$rtl/sv/generated/eval_core/AecEvalCore.sv:51324$20080'.
  created $adff cell `$procdff$34511' with positive edge clock and positive level reset.
Creating register for signal `\AecGmemLsu.\captureCompare_25_3' using process `\AecGmemLsu.$proc$rtl/sv/generated/eval_core/AecEvalCore.sv:51317$20078'.
  created $adff cell `$procdff$34514' with positive edge clock and positive level reset.
Creating register for signal `\AecGmemLsu.\captureCompare_25_2' using process `\AecGmemLsu.$proc$rtl/sv/generated/eval_core/AecEvalCore.sv:51310$20076'.
  created $adff cell `$procdff$34517' with positive edge clock and positive level reset.
Creating register for signal `\AecGmemLsu.\captureCompare_25_1' using process `\AecGmemLsu.$proc$rtl/sv/generated/eval_core/AecEvalCore.sv:51303$20074'.
  created $adff cell `$procdff$34520' with positive edge clock and positive level reset.
Creating register for signal `\AecGmemLsu.\captureCompare_25_0' using process `\AecGmemLsu.$proc$rtl/sv/generated/eval_core/AecEvalCore.sv:51296$20072'.
  created $adff cell `$procdff$34523' with positive edge clock and positive level reset.
Creating register for signal `\AecGmemLsu.\captureCompare_24_3' using process `\AecGmemLsu.$proc$rtl/sv/generated/eval_core/AecEvalCore.sv:51289$20070'.
  created $adff cell `$procdff$34526' with positive edge clock and positive level reset.
Creating register for signal `\AecGmemLsu.\captureCompare_24_2' using process `\AecGmemLsu.$proc$rtl/sv/generated/eval_core/AecEvalCore.sv:51282$20068'.
  created $adff cell `$procdff$34529' with positive edge clock and positive level reset.
Creating register for signal `\AecGmemLsu.\captureCompare_24_1' using process `\AecGmemLsu.$proc$rtl/sv/generated/eval_core/AecEvalCore.sv:51275$20066'.
  created $adff cell `$procdff$34532' with positive edge clock and positive level reset.
Creating register for signal `\AecGmemLsu.\captureCompare_24_0' using process `\AecGmemLsu.$proc$rtl/sv/generated/eval_core/AecEvalCore.sv:51268$20064'.
  created $adff cell `$procdff$34535' with positive edge clock and positive level reset.
Creating register for signal `\AecGmemLsu.\captureCompare_23_3' using process `\AecGmemLsu.$proc$rtl/sv/generated/eval_core/AecEvalCore.sv:51261$20062'.
  created $adff cell `$procdff$34538' with positive edge clock and positive level reset.
Creating register for signal `\AecGmemLsu.\captureCompare_23_2' using process `\AecGmemLsu.$proc$rtl/sv/generated/eval_core/AecEvalCore.sv:51254$20060'.
  created $adff cell `$procdff$34541' with positive edge clock and positive level reset.
Creating register for signal `\AecGmemLsu.\captureCompare_23_1' using process `\AecGmemLsu.$proc$rtl/sv/generated/eval_core/AecEvalCore.sv:51247$20058'.
  created $adff cell `$procdff$34544' with positive edge clock and positive level reset.
Creating register for signal `\AecGmemLsu.\captureCompare_23_0' using process `\AecGmemLsu.$proc$rtl/sv/generated/eval_core/AecEvalCore.sv:51240$20056'.
  created $adff cell `$procdff$34547' with positive edge clock and positive level reset.
Creating register for signal `\AecGmemLsu.\captureCompare_22_3' using process `\AecGmemLsu.$proc$rtl/sv/generated/eval_core/AecEvalCore.sv:51233$20054'.
  created $adff cell `$procdff$34550' with positive edge clock and positive level reset.
Creating register for signal `\AecGmemLsu.\captureCompare_22_2' using process `\AecGmemLsu.$proc$rtl/sv/generated/eval_core/AecEvalCore.sv:51226$20052'.
  created $adff cell `$procdff$34553' with positive edge clock and positive level reset.
Creating register for signal `\AecGmemLsu.\captureCompare_22_1' using process `\AecGmemLsu.$proc$rtl/sv/generated/eval_core/AecEvalCore.sv:51219$20050'.
  created $adff cell `$procdff$34556' with positive edge clock and positive level reset.
Creating register for signal `\AecGmemLsu.\captureCompare_22_0' using process `\AecGmemLsu.$proc$rtl/sv/generated/eval_core/AecEvalCore.sv:51212$20048'.
  created $adff cell `$procdff$34559' with positive edge clock and positive level reset.
Creating register for signal `\AecGmemLsu.\captureCompare_21_3' using process `\AecGmemLsu.$proc$rtl/sv/generated/eval_core/AecEvalCore.sv:51205$20046'.
  created $adff cell `$procdff$34562' with positive edge clock and positive level reset.
Creating register for signal `\AecGmemLsu.\captureCompare_21_2' using process `\AecGmemLsu.$proc$rtl/sv/generated/eval_core/AecEvalCore.sv:51198$20044'.
  created $adff cell `$procdff$34565' with positive edge clock and positive level reset.
Creating register for signal `\AecGmemLsu.\captureCompare_21_1' using process `\AecGmemLsu.$proc$rtl/sv/generated/eval_core/AecEvalCore.sv:51191$20042'.
  created $adff cell `$procdff$34568' with positive edge clock and positive level reset.
Creating register for signal `\AecGmemLsu.\captureCompare_21_0' using process `\AecGmemLsu.$proc$rtl/sv/generated/eval_core/AecEvalCore.sv:51184$20040'.
  created $adff cell `$procdff$34571' with positive edge clock and positive level reset.
Creating register for signal `\AecGmemLsu.\captureCompare_20_3' using process `\AecGmemLsu.$proc$rtl/sv/generated/eval_core/AecEvalCore.sv:51177$20038'.
  created $adff cell `$procdff$34574' with positive edge clock and positive level reset.
Creating register for signal `\AecGmemLsu.\captureCompare_20_2' using process `\AecGmemLsu.$proc$rtl/sv/generated/eval_core/AecEvalCore.sv:51170$20036'.
  created $adff cell `$procdff$34577' with positive edge clock and positive level reset.
Creating register for signal `\AecGmemLsu.\captureCompare_20_1' using process `\AecGmemLsu.$proc$rtl/sv/generated/eval_core/AecEvalCore.sv:51163$20034'.
  created $adff cell `$procdff$34580' with positive edge clock and positive level reset.
Creating register for signal `\AecGmemLsu.\captureCompare_20_0' using process `\AecGmemLsu.$proc$rtl/sv/generated/eval_core/AecEvalCore.sv:51156$20032'.
  created $adff cell `$procdff$34583' with positive edge clock and positive level reset.
Creating register for signal `\AecGmemLsu.\captureCompare_19_3' using process `\AecGmemLsu.$proc$rtl/sv/generated/eval_core/AecEvalCore.sv:51149$20030'.
  created $adff cell `$procdff$34586' with positive edge clock and positive level reset.
Creating register for signal `\AecGmemLsu.\captureCompare_19_2' using process `\AecGmemLsu.$proc$rtl/sv/generated/eval_core/AecEvalCore.sv:51142$20028'.
  created $adff cell `$procdff$34589' with positive edge clock and positive level reset.
Creating register for signal `\AecGmemLsu.\captureCompare_19_1' using process `\AecGmemLsu.$proc$rtl/sv/generated/eval_core/AecEvalCore.sv:51135$20026'.
  created $adff cell `$procdff$34592' with positive edge clock and positive level reset.
Creating register for signal `\AecGmemLsu.\captureCompare_19_0' using process `\AecGmemLsu.$proc$rtl/sv/generated/eval_core/AecEvalCore.sv:51128$20024'.
  created $adff cell `$procdff$34595' with positive edge clock and positive level reset.
Creating register for signal `\AecGmemLsu.\captureCompare_18_3' using process `\AecGmemLsu.$proc$rtl/sv/generated/eval_core/AecEvalCore.sv:51121$20022'.
  created $adff cell `$procdff$34598' with positive edge clock and positive level reset.
Creating register for signal `\AecGmemLsu.\captureCompare_18_2' using process `\AecGmemLsu.$proc$rtl/sv/generated/eval_core/AecEvalCore.sv:51114$20020'.
  created $adff cell `$procdff$34601' with positive edge clock and positive level reset.
Creating register for signal `\AecGmemLsu.\captureCompare_18_1' using process `\AecGmemLsu.$proc$rtl/sv/generated/eval_core/AecEvalCore.sv:51107$20018'.
  created $adff cell `$procdff$34604' with positive edge clock and positive level reset.
Creating register for signal `\AecGmemLsu.\captureCompare_18_0' using process `\AecGmemLsu.$proc$rtl/sv/generated/eval_core/AecEvalCore.sv:51100$20016'.
  created $adff cell `$procdff$34607' with positive edge clock and positive level reset.
Creating register for signal `\AecGmemLsu.\captureCompare_17_3' using process `\AecGmemLsu.$proc$rtl/sv/generated/eval_core/AecEvalCore.sv:51093$20014'.
  created $adff cell `$procdff$34610' with positive edge clock and positive level reset.
Creating register for signal `\AecGmemLsu.\captureCompare_17_2' using process `\AecGmemLsu.$proc$rtl/sv/generated/eval_core/AecEvalCore.sv:51086$20012'.
  created $adff cell `$procdff$34613' with positive edge clock and positive level reset.
Creating register for signal `\AecGmemLsu.\captureCompare_17_1' using process `\AecGmemLsu.$proc$rtl/sv/generated/eval_core/AecEvalCore.sv:51079$20010'.
  created $adff cell `$procdff$34616' with positive edge clock and positive level reset.
Creating register for signal `\AecGmemLsu.\captureCompare_17_0' using process `\AecGmemLsu.$proc$rtl/sv/generated/eval_core/AecEvalCore.sv:51072$20008'.
  created $adff cell `$procdff$34619' with positive edge clock and positive level reset.
Creating register for signal `\AecGmemLsu.\captureCompare_16_3' using process `\AecGmemLsu.$proc$rtl/sv/generated/eval_core/AecEvalCore.sv:51065$20006'.
  created $adff cell `$procdff$34622' with positive edge clock and positive level reset.
Creating register for signal `\AecGmemLsu.\captureCompare_16_2' using process `\AecGmemLsu.$proc$rtl/sv/generated/eval_core/AecEvalCore.sv:51058$20004'.
  created $adff cell `$procdff$34625' with positive edge clock and positive level reset.
Creating register for signal `\AecGmemLsu.\captureCompare_16_1' using process `\AecGmemLsu.$proc$rtl/sv/generated/eval_core/AecEvalCore.sv:51051$20002'.
  created $adff cell `$procdff$34628' with positive edge clock and positive level reset.
Creating register for signal `\AecGmemLsu.\captureCompare_16_0' using process `\AecGmemLsu.$proc$rtl/sv/generated/eval_core/AecEvalCore.sv:51044$20000'.
  created $adff cell `$procdff$34631' with positive edge clock and positive level reset.
Creating register for signal `\AecGmemLsu.\captureCompare_15_3' using process `\AecGmemLsu.$proc$rtl/sv/generated/eval_core/AecEvalCore.sv:51037$19998'.
  created $adff cell `$procdff$34634' with positive edge clock and positive level reset.
Creating register for signal `\AecGmemLsu.\captureCompare_15_2' using process `\AecGmemLsu.$proc$rtl/sv/generated/eval_core/AecEvalCore.sv:51030$19996'.
  created $adff cell `$procdff$34637' with positive edge clock and positive level reset.
Creating register for signal `\AecGmemLsu.\captureCompare_15_1' using process `\AecGmemLsu.$proc$rtl/sv/generated/eval_core/AecEvalCore.sv:51023$19994'.
  created $adff cell `$procdff$34640' with positive edge clock and positive level reset.
Creating register for signal `\AecGmemLsu.\captureCompare_15_0' using process `\AecGmemLsu.$proc$rtl/sv/generated/eval_core/AecEvalCore.sv:51016$19992'.
  created $adff cell `$procdff$34643' with positive edge clock and positive level reset.
Creating register for signal `\AecGmemLsu.\captureCompare_14_3' using process `\AecGmemLsu.$proc$rtl/sv/generated/eval_core/AecEvalCore.sv:51009$19990'.
  created $adff cell `$procdff$34646' with positive edge clock and positive level reset.
Creating register for signal `\AecGmemLsu.\captureCompare_14_2' using process `\AecGmemLsu.$proc$rtl/sv/generated/eval_core/AecEvalCore.sv:51002$19988'.
  created $adff cell `$procdff$34649' with positive edge clock and positive level reset.
Creating register for signal `\AecGmemLsu.\captureCompare_14_1' using process `\AecGmemLsu.$proc$rtl/sv/generated/eval_core/AecEvalCore.sv:50995$19986'.
  created $adff cell `$procdff$34652' with positive edge clock and positive level reset.
Creating register for signal `\AecGmemLsu.\captureCompare_14_0' using process `\AecGmemLsu.$proc$rtl/sv/generated/eval_core/AecEvalCore.sv:50988$19984'.
  created $adff cell `$procdff$34655' with positive edge clock and positive level reset.
Creating register for signal `\AecGmemLsu.\captureCompare_13_3' using process `\AecGmemLsu.$proc$rtl/sv/generated/eval_core/AecEvalCore.sv:50981$19982'.
  created $adff cell `$procdff$34658' with positive edge clock and positive level reset.
Creating register for signal `\AecGmemLsu.\captureCompare_13_2' using process `\AecGmemLsu.$proc$rtl/sv/generated/eval_core/AecEvalCore.sv:50974$19980'.
  created $adff cell `$procdff$34661' with positive edge clock and positive level reset.
Creating register for signal `\AecGmemLsu.\captureCompare_13_1' using process `\AecGmemLsu.$proc$rtl/sv/generated/eval_core/AecEvalCore.sv:50967$19978'.
  created $adff cell `$procdff$34664' with positive edge clock and positive level reset.
Creating register for signal `\AecGmemLsu.\captureCompare_13_0' using process `\AecGmemLsu.$proc$rtl/sv/generated/eval_core/AecEvalCore.sv:50960$19976'.
  created $adff cell `$procdff$34667' with positive edge clock and positive level reset.
Creating register for signal `\AecGmemLsu.\captureCompare_12_3' using process `\AecGmemLsu.$proc$rtl/sv/generated/eval_core/AecEvalCore.sv:50953$19974'.
  created $adff cell `$procdff$34670' with positive edge clock and positive level reset.
Creating register for signal `\AecGmemLsu.\captureCompare_12_2' using process `\AecGmemLsu.$proc$rtl/sv/generated/eval_core/AecEvalCore.sv:50946$19972'.
  created $adff cell `$procdff$34673' with positive edge clock and positive level reset.
Creating register for signal `\AecGmemLsu.\captureCompare_12_1' using process `\AecGmemLsu.$proc$rtl/sv/generated/eval_core/AecEvalCore.sv:50939$19970'.
  created $adff cell `$procdff$34676' with positive edge clock and positive level reset.
Creating register for signal `\AecGmemLsu.\captureCompare_12_0' using process `\AecGmemLsu.$proc$rtl/sv/generated/eval_core/AecEvalCore.sv:50932$19968'.
  created $adff cell `$procdff$34679' with positive edge clock and positive level reset.
Creating register for signal `\AecGmemLsu.\captureCompare_11_3' using process `\AecGmemLsu.$proc$rtl/sv/generated/eval_core/AecEvalCore.sv:50925$19966'.
  created $adff cell `$procdff$34682' with positive edge clock and positive level reset.
Creating register for signal `\AecGmemLsu.\captureCompare_11_2' using process `\AecGmemLsu.$proc$rtl/sv/generated/eval_core/AecEvalCore.sv:50918$19964'.
  created $adff cell `$procdff$34685' with positive edge clock and positive level reset.
Creating register for signal `\AecGmemLsu.\captureCompare_11_1' using process `\AecGmemLsu.$proc$rtl/sv/generated/eval_core/AecEvalCore.sv:50911$19962'.
  created $adff cell `$procdff$34688' with positive edge clock and positive level reset.
Creating register for signal `\AecGmemLsu.\captureCompare_11_0' using process `\AecGmemLsu.$proc$rtl/sv/generated/eval_core/AecEvalCore.sv:50904$19960'.
  created $adff cell `$procdff$34691' with positive edge clock and positive level reset.
Creating register for signal `\AecGmemLsu.\captureCompare_10_3' using process `\AecGmemLsu.$proc$rtl/sv/generated/eval_core/AecEvalCore.sv:50897$19958'.
  created $adff cell `$procdff$34694' with positive edge clock and positive level reset.
Creating register for signal `\AecGmemLsu.\captureCompare_10_2' using process `\AecGmemLsu.$proc$rtl/sv/generated/eval_core/AecEvalCore.sv:50890$19956'.
  created $adff cell `$procdff$34697' with positive edge clock and positive level reset.
Creating register for signal `\AecGmemLsu.\captureCompare_10_1' using process `\AecGmemLsu.$proc$rtl/sv/generated/eval_core/AecEvalCore.sv:50883$19954'.
  created $adff cell `$procdff$34700' with positive edge clock and positive level reset.
Creating register for signal `\AecGmemLsu.\captureCompare_10_0' using process `\AecGmemLsu.$proc$rtl/sv/generated/eval_core/AecEvalCore.sv:50876$19952'.
  created $adff cell `$procdff$34703' with positive edge clock and positive level reset.
Creating register for signal `\AecGmemLsu.\captureCompare_9_3' using process `\AecGmemLsu.$proc$rtl/sv/generated/eval_core/AecEvalCore.sv:50869$19950'.
  created $adff cell `$procdff$34706' with positive edge clock and positive level reset.
Creating register for signal `\AecGmemLsu.\captureCompare_9_2' using process `\AecGmemLsu.$proc$rtl/sv/generated/eval_core/AecEvalCore.sv:50862$19948'.
  created $adff cell `$procdff$34709' with positive edge clock and positive level reset.
Creating register for signal `\AecGmemLsu.\captureCompare_9_1' using process `\AecGmemLsu.$proc$rtl/sv/generated/eval_core/AecEvalCore.sv:50855$19946'.
  created $adff cell `$procdff$34712' with positive edge clock and positive level reset.
Creating register for signal `\AecGmemLsu.\captureCompare_9_0' using process `\AecGmemLsu.$proc$rtl/sv/generated/eval_core/AecEvalCore.sv:50848$19944'.
  created $adff cell `$procdff$34715' with positive edge clock and positive level reset.
Creating register for signal `\AecGmemLsu.\captureCompare_8_3' using process `\AecGmemLsu.$proc$rtl/sv/generated/eval_core/AecEvalCore.sv:50841$19942'.
  created $adff cell `$procdff$34718' with positive edge clock and positive level reset.
Creating register for signal `\AecGmemLsu.\captureCompare_8_2' using process `\AecGmemLsu.$proc$rtl/sv/generated/eval_core/AecEvalCore.sv:50834$19940'.
  created $adff cell `$procdff$34721' with positive edge clock and positive level reset.
Creating register for signal `\AecGmemLsu.\captureCompare_8_1' using process `\AecGmemLsu.$proc$rtl/sv/generated/eval_core/AecEvalCore.sv:50827$19938'.
  created $adff cell `$procdff$34724' with positive edge clock and positive level reset.
Creating register for signal `\AecGmemLsu.\captureCompare_8_0' using process `\AecGmemLsu.$proc$rtl/sv/generated/eval_core/AecEvalCore.sv:50820$19936'.
  created $adff cell `$procdff$34727' with positive edge clock and positive level reset.
Creating register for signal `\AecGmemLsu.\captureCompare_7_3' using process `\AecGmemLsu.$proc$rtl/sv/generated/eval_core/AecEvalCore.sv:50813$19934'.
  created $adff cell `$procdff$34730' with positive edge clock and positive level reset.
Creating register for signal `\AecGmemLsu.\captureCompare_7_2' using process `\AecGmemLsu.$proc$rtl/sv/generated/eval_core/AecEvalCore.sv:50806$19932'.
  created $adff cell `$procdff$34733' with positive edge clock and positive level reset.
Creating register for signal `\AecGmemLsu.\captureCompare_7_1' using process `\AecGmemLsu.$proc$rtl/sv/generated/eval_core/AecEvalCore.sv:50799$19930'.
  created $adff cell `$procdff$34736' with positive edge clock and positive level reset.
Creating register for signal `\AecGmemLsu.\captureCompare_7_0' using process `\AecGmemLsu.$proc$rtl/sv/generated/eval_core/AecEvalCore.sv:50792$19928'.
  created $adff cell `$procdff$34739' with positive edge clock and positive level reset.
Creating register for signal `\AecGmemLsu.\captureCompare_6_3' using process `\AecGmemLsu.$proc$rtl/sv/generated/eval_core/AecEvalCore.sv:50785$19926'.
  created $adff cell `$procdff$34742' with positive edge clock and positive level reset.
Creating register for signal `\AecGmemLsu.\captureCompare_6_2' using process `\AecGmemLsu.$proc$rtl/sv/generated/eval_core/AecEvalCore.sv:50778$19924'.
  created $adff cell `$procdff$34745' with positive edge clock and positive level reset.
Creating register for signal `\AecGmemLsu.\captureCompare_6_1' using process `\AecGmemLsu.$proc$rtl/sv/generated/eval_core/AecEvalCore.sv:50771$19922'.
  created $adff cell `$procdff$34748' with positive edge clock and positive level reset.
Creating register for signal `\AecGmemLsu.\captureCompare_6_0' using process `\AecGmemLsu.$proc$rtl/sv/generated/eval_core/AecEvalCore.sv:50764$19920'.
  created $adff cell `$procdff$34751' with positive edge clock and positive level reset.
Creating register for signal `\AecGmemLsu.\captureCompare_5_3' using process `\AecGmemLsu.$proc$rtl/sv/generated/eval_core/AecEvalCore.sv:50757$19918'.
  created $adff cell `$procdff$34754' with positive edge clock and positive level reset.
Creating register for signal `\AecGmemLsu.\captureCompare_5_2' using process `\AecGmemLsu.$proc$rtl/sv/generated/eval_core/AecEvalCore.sv:50750$19916'.
  created $adff cell `$procdff$34757' with positive edge clock and positive level reset.
Creating register for signal `\AecGmemLsu.\captureCompare_5_1' using process `\AecGmemLsu.$proc$rtl/sv/generated/eval_core/AecEvalCore.sv:50743$19914'.
  created $adff cell `$procdff$34760' with positive edge clock and positive level reset.
Creating register for signal `\AecGmemLsu.\captureCompare_5_0' using process `\AecGmemLsu.$proc$rtl/sv/generated/eval_core/AecEvalCore.sv:50736$19912'.
  created $adff cell `$procdff$34763' with positive edge clock and positive level reset.
Creating register for signal `\AecGmemLsu.\captureCompare_4_3' using process `\AecGmemLsu.$proc$rtl/sv/generated/eval_core/AecEvalCore.sv:50729$19910'.
  created $adff cell `$procdff$34766' with positive edge clock and positive level reset.
Creating register for signal `\AecGmemLsu.\captureCompare_4_2' using process `\AecGmemLsu.$proc$rtl/sv/generated/eval_core/AecEvalCore.sv:50722$19908'.
  created $adff cell `$procdff$34769' with positive edge clock and positive level reset.
Creating register for signal `\AecGmemLsu.\captureCompare_4_1' using process `\AecGmemLsu.$proc$rtl/sv/generated/eval_core/AecEvalCore.sv:50715$19906'.
  created $adff cell `$procdff$34772' with positive edge clock and positive level reset.
Creating register for signal `\AecGmemLsu.\captureCompare_4_0' using process `\AecGmemLsu.$proc$rtl/sv/generated/eval_core/AecEvalCore.sv:50708$19904'.
  created $adff cell `$procdff$34775' with positive edge clock and positive level reset.
Creating register for signal `\AecGmemLsu.\captureCompare_3_3' using process `\AecGmemLsu.$proc$rtl/sv/generated/eval_core/AecEvalCore.sv:50701$19902'.
  created $adff cell `$procdff$34778' with positive edge clock and positive level reset.
Creating register for signal `\AecGmemLsu.\captureCompare_3_2' using process `\AecGmemLsu.$proc$rtl/sv/generated/eval_core/AecEvalCore.sv:50694$19900'.
  created $adff cell `$procdff$34781' with positive edge clock and positive level reset.
Creating register for signal `\AecGmemLsu.\captureCompare_3_1' using process `\AecGmemLsu.$proc$rtl/sv/generated/eval_core/AecEvalCore.sv:50687$19898'.
  created $adff cell `$procdff$34784' with positive edge clock and positive level reset.
Creating register for signal `\AecGmemLsu.\captureCompare_3_0' using process `\AecGmemLsu.$proc$rtl/sv/generated/eval_core/AecEvalCore.sv:50680$19896'.
  created $adff cell `$procdff$34787' with positive edge clock and positive level reset.
Creating register for signal `\AecGmemLsu.\captureCompare_2_3' using process `\AecGmemLsu.$proc$rtl/sv/generated/eval_core/AecEvalCore.sv:50673$19894'.
  created $adff cell `$procdff$34790' with positive edge clock and positive level reset.
Creating register for signal `\AecGmemLsu.\captureCompare_2_2' using process `\AecGmemLsu.$proc$rtl/sv/generated/eval_core/AecEvalCore.sv:50666$19892'.
  created $adff cell `$procdff$34793' with positive edge clock and positive level reset.
Creating register for signal `\AecGmemLsu.\captureCompare_2_1' using process `\AecGmemLsu.$proc$rtl/sv/generated/eval_core/AecEvalCore.sv:50659$19890'.
  created $adff cell `$procdff$34796' with positive edge clock and positive level reset.
Creating register for signal `\AecGmemLsu.\captureCompare_2_0' using process `\AecGmemLsu.$proc$rtl/sv/generated/eval_core/AecEvalCore.sv:50652$19888'.
  created $adff cell `$procdff$34799' with positive edge clock and positive level reset.
Creating register for signal `\AecGmemLsu.\captureCompare_1_3' using process `\AecGmemLsu.$proc$rtl/sv/generated/eval_core/AecEvalCore.sv:50645$19886'.
  created $adff cell `$procdff$34802' with positive edge clock and positive level reset.
Creating register for signal `\AecGmemLsu.\captureCompare_1_2' using process `\AecGmemLsu.$proc$rtl/sv/generated/eval_core/AecEvalCore.sv:50638$19884'.
  created $adff cell `$procdff$34805' with positive edge clock and positive level reset.
Creating register for signal `\AecGmemLsu.\captureCompare_1_1' using process `\AecGmemLsu.$proc$rtl/sv/generated/eval_core/AecEvalCore.sv:50631$19882'.
  created $adff cell `$procdff$34808' with positive edge clock and positive level reset.
Creating register for signal `\AecGmemLsu.\captureCompare_1_0' using process `\AecGmemLsu.$proc$rtl/sv/generated/eval_core/AecEvalCore.sv:50624$19880'.
  created $adff cell `$procdff$34811' with positive edge clock and positive level reset.
Creating register for signal `\AecGmemLsu.\captureCompare_0_3' using process `\AecGmemLsu.$proc$rtl/sv/generated/eval_core/AecEvalCore.sv:50617$19878'.
  created $adff cell `$procdff$34814' with positive edge clock and positive level reset.
Creating register for signal `\AecGmemLsu.\captureCompare_0_2' using process `\AecGmemLsu.$proc$rtl/sv/generated/eval_core/AecEvalCore.sv:50610$19876'.
  created $adff cell `$procdff$34817' with positive edge clock and positive level reset.
Creating register for signal `\AecGmemLsu.\captureCompare_0_1' using process `\AecGmemLsu.$proc$rtl/sv/generated/eval_core/AecEvalCore.sv:50603$19874'.
  created $adff cell `$procdff$34820' with positive edge clock and positive level reset.
Creating register for signal `\AecGmemLsu.\captureCompare_0_0' using process `\AecGmemLsu.$proc$rtl/sv/generated/eval_core/AecEvalCore.sv:50596$19872'.
  created $adff cell `$procdff$34823' with positive edge clock and positive level reset.
Creating register for signal `\AecGmemLsu.\captureStore_31_3' using process `\AecGmemLsu.$proc$rtl/sv/generated/eval_core/AecEvalCore.sv:50589$19870'.
  created $adff cell `$procdff$34826' with positive edge clock and positive level reset.
Creating register for signal `\AecGmemLsu.\captureStore_31_2' using process `\AecGmemLsu.$proc$rtl/sv/generated/eval_core/AecEvalCore.sv:50582$19868'.
  created $adff cell `$procdff$34829' with positive edge clock and positive level reset.
Creating register for signal `\AecGmemLsu.\captureStore_31_1' using process `\AecGmemLsu.$proc$rtl/sv/generated/eval_core/AecEvalCore.sv:50575$19866'.
  created $adff cell `$procdff$34832' with positive edge clock and positive level reset.
Creating register for signal `\AecGmemLsu.\captureStore_31_0' using process `\AecGmemLsu.$proc$rtl/sv/generated/eval_core/AecEvalCore.sv:50568$19864'.
  created $adff cell `$procdff$34835' with positive edge clock and positive level reset.
Creating register for signal `\AecGmemLsu.\captureStore_30_3' using process `\AecGmemLsu.$proc$rtl/sv/generated/eval_core/AecEvalCore.sv:50561$19862'.
  created $adff cell `$procdff$34838' with positive edge clock and positive level reset.
Creating register for signal `\AecGmemLsu.\captureStore_30_2' using process `\AecGmemLsu.$proc$rtl/sv/generated/eval_core/AecEvalCore.sv:50554$19860'.
  created $adff cell `$procdff$34841' with positive edge clock and positive level reset.
Creating register for signal `\AecGmemLsu.\captureStore_30_1' using process `\AecGmemLsu.$proc$rtl/sv/generated/eval_core/AecEvalCore.sv:50547$19858'.
  created $adff cell `$procdff$34844' with positive edge clock and positive level reset.
Creating register for signal `\AecGmemLsu.\captureStore_30_0' using process `\AecGmemLsu.$proc$rtl/sv/generated/eval_core/AecEvalCore.sv:50540$19856'.
  created $adff cell `$procdff$34847' with positive edge clock and positive level reset.
Creating register for signal `\AecGmemLsu.\captureStore_29_3' using process `\AecGmemLsu.$proc$rtl/sv/generated/eval_core/AecEvalCore.sv:50533$19854'.
  created $adff cell `$procdff$34850' with positive edge clock and positive level reset.
Creating register for signal `\AecGmemLsu.\captureStore_29_2' using process `\AecGmemLsu.$proc$rtl/sv/generated/eval_core/AecEvalCore.sv:50526$19852'.
  created $adff cell `$procdff$34853' with positive edge clock and positive level reset.
Creating register for signal `\AecGmemLsu.\captureStore_29_1' using process `\AecGmemLsu.$proc$rtl/sv/generated/eval_core/AecEvalCore.sv:50519$19850'.
  created $adff cell `$procdff$34856' with positive edge clock and positive level reset.
Creating register for signal `\AecGmemLsu.\captureStore_29_0' using process `\AecGmemLsu.$proc$rtl/sv/generated/eval_core/AecEvalCore.sv:50512$19848'.
  created $adff cell `$procdff$34859' with positive edge clock and positive level reset.
Creating register for signal `\AecGmemLsu.\captureStore_28_3' using process `\AecGmemLsu.$proc$rtl/sv/generated/eval_core/AecEvalCore.sv:50505$19846'.
  created $adff cell `$procdff$34862' with positive edge clock and positive level reset.
Creating register for signal `\AecGmemLsu.\captureStore_28_2' using process `\AecGmemLsu.$proc$rtl/sv/generated/eval_core/AecEvalCore.sv:50498$19844'.
  created $adff cell `$procdff$34865' with positive edge clock and positive level reset.
Creating register for signal `\AecGmemLsu.\captureStore_28_1' using process `\AecGmemLsu.$proc$rtl/sv/generated/eval_core/AecEvalCore.sv:50491$19842'.
  created $adff cell `$procdff$34868' with positive edge clock and positive level reset.
Creating register for signal `\AecGmemLsu.\captureStore_28_0' using process `\AecGmemLsu.$proc$rtl/sv/generated/eval_core/AecEvalCore.sv:50484$19840'.
  created $adff cell `$procdff$34871' with positive edge clock and positive level reset.
Creating register for signal `\AecGmemLsu.\captureStore_27_3' using process `\AecGmemLsu.$proc$rtl/sv/generated/eval_core/AecEvalCore.sv:50477$19838'.
  created $adff cell `$procdff$34874' with positive edge clock and positive level reset.
Creating register for signal `\AecGmemLsu.\captureStore_27_2' using process `\AecGmemLsu.$proc$rtl/sv/generated/eval_core/AecEvalCore.sv:50470$19836'.
  created $adff cell `$procdff$34877' with positive edge clock and positive level reset.
Creating register for signal `\AecGmemLsu.\captureStore_27_1' using process `\AecGmemLsu.$proc$rtl/sv/generated/eval_core/AecEvalCore.sv:50463$19834'.
  created $adff cell `$procdff$34880' with positive edge clock and positive level reset.
Creating register for signal `\AecGmemLsu.\captureStore_27_0' using process `\AecGmemLsu.$proc$rtl/sv/generated/eval_core/AecEvalCore.sv:50456$19832'.
  created $adff cell `$procdff$34883' with positive edge clock and positive level reset.
Creating register for signal `\AecGmemLsu.\captureStore_26_3' using process `\AecGmemLsu.$proc$rtl/sv/generated/eval_core/AecEvalCore.sv:50449$19830'.
  created $adff cell `$procdff$34886' with positive edge clock and positive level reset.
Creating register for signal `\AecGmemLsu.\captureStore_26_2' using process `\AecGmemLsu.$proc$rtl/sv/generated/eval_core/AecEvalCore.sv:50442$19828'.
  created $adff cell `$procdff$34889' with positive edge clock and positive level reset.
Creating register for signal `\AecGmemLsu.\captureStore_26_1' using process `\AecGmemLsu.$proc$rtl/sv/generated/eval_core/AecEvalCore.sv:50435$19826'.
  created $adff cell `$procdff$34892' with positive edge clock and positive level reset.
Creating register for signal `\AecGmemLsu.\captureStore_26_0' using process `\AecGmemLsu.$proc$rtl/sv/generated/eval_core/AecEvalCore.sv:50428$19824'.
  created $adff cell `$procdff$34895' with positive edge clock and positive level reset.
Creating register for signal `\AecGmemLsu.\captureStore_25_3' using process `\AecGmemLsu.$proc$rtl/sv/generated/eval_core/AecEvalCore.sv:50421$19822'.
  created $adff cell `$procdff$34898' with positive edge clock and positive level reset.
Creating register for signal `\AecGmemLsu.\captureStore_25_2' using process `\AecGmemLsu.$proc$rtl/sv/generated/eval_core/AecEvalCore.sv:50414$19820'.
  created $adff cell `$procdff$34901' with positive edge clock and positive level reset.
Creating register for signal `\AecGmemLsu.\captureStore_25_1' using process `\AecGmemLsu.$proc$rtl/sv/generated/eval_core/AecEvalCore.sv:50407$19818'.
  created $adff cell `$procdff$34904' with positive edge clock and positive level reset.
Creating register for signal `\AecGmemLsu.\captureStore_25_0' using process `\AecGmemLsu.$proc$rtl/sv/generated/eval_core/AecEvalCore.sv:50400$19816'.
  created $adff cell `$procdff$34907' with positive edge clock and positive level reset.
Creating register for signal `\AecGmemLsu.\captureStore_24_3' using process `\AecGmemLsu.$proc$rtl/sv/generated/eval_core/AecEvalCore.sv:50393$19814'.
  created $adff cell `$procdff$34910' with positive edge clock and positive level reset.
Creating register for signal `\AecGmemLsu.\captureStore_24_2' using process `\AecGmemLsu.$proc$rtl/sv/generated/eval_core/AecEvalCore.sv:50386$19812'.
  created $adff cell `$procdff$34913' with positive edge clock and positive level reset.
Creating register for signal `\AecGmemLsu.\captureStore_24_1' using process `\AecGmemLsu.$proc$rtl/sv/generated/eval_core/AecEvalCore.sv:50379$19810'.
  created $adff cell `$procdff$34916' with positive edge clock and positive level reset.
Creating register for signal `\AecGmemLsu.\captureStore_24_0' using process `\AecGmemLsu.$proc$rtl/sv/generated/eval_core/AecEvalCore.sv:50372$19808'.
  created $adff cell `$procdff$34919' with positive edge clock and positive level reset.
Creating register for signal `\AecGmemLsu.\captureStore_23_3' using process `\AecGmemLsu.$proc$rtl/sv/generated/eval_core/AecEvalCore.sv:50365$19806'.
  created $adff cell `$procdff$34922' with positive edge clock and positive level reset.
Creating register for signal `\AecGmemLsu.\captureStore_23_2' using process `\AecGmemLsu.$proc$rtl/sv/generated/eval_core/AecEvalCore.sv:50358$19804'.
  created $adff cell `$procdff$34925' with positive edge clock and positive level reset.
Creating register for signal `\AecGmemLsu.\captureStore_23_1' using process `\AecGmemLsu.$proc$rtl/sv/generated/eval_core/AecEvalCore.sv:50351$19802'.
  created $adff cell `$procdff$34928' with positive edge clock and positive level reset.
Creating register for signal `\AecGmemLsu.\captureStore_23_0' using process `\AecGmemLsu.$proc$rtl/sv/generated/eval_core/AecEvalCore.sv:50344$19800'.
  created $adff cell `$procdff$34931' with positive edge clock and positive level reset.
Creating register for signal `\AecGmemLsu.\captureStore_22_3' using process `\AecGmemLsu.$proc$rtl/sv/generated/eval_core/AecEvalCore.sv:50337$19798'.
  created $adff cell `$procdff$34934' with positive edge clock and positive level reset.
Creating register for signal `\AecGmemLsu.\captureStore_22_2' using process `\AecGmemLsu.$proc$rtl/sv/generated/eval_core/AecEvalCore.sv:50330$19796'.
  created $adff cell `$procdff$34937' with positive edge clock and positive level reset.
Creating register for signal `\AecGmemLsu.\captureStore_22_1' using process `\AecGmemLsu.$proc$rtl/sv/generated/eval_core/AecEvalCore.sv:50323$19794'.
  created $adff cell `$procdff$34940' with positive edge clock and positive level reset.
Creating register for signal `\AecGmemLsu.\captureStore_22_0' using process `\AecGmemLsu.$proc$rtl/sv/generated/eval_core/AecEvalCore.sv:50316$19792'.
  created $adff cell `$procdff$34943' with positive edge clock and positive level reset.
Creating register for signal `\AecGmemLsu.\captureStore_21_3' using process `\AecGmemLsu.$proc$rtl/sv/generated/eval_core/AecEvalCore.sv:50309$19790'.
  created $adff cell `$procdff$34946' with positive edge clock and positive level reset.
Creating register for signal `\AecGmemLsu.\captureStore_21_2' using process `\AecGmemLsu.$proc$rtl/sv/generated/eval_core/AecEvalCore.sv:50302$19788'.
  created $adff cell `$procdff$34949' with positive edge clock and positive level reset.
Creating register for signal `\AecGmemLsu.\captureStore_21_1' using process `\AecGmemLsu.$proc$rtl/sv/generated/eval_core/AecEvalCore.sv:50295$19786'.
  created $adff cell `$procdff$34952' with positive edge clock and positive level reset.
Creating register for signal `\AecGmemLsu.\captureStore_21_0' using process `\AecGmemLsu.$proc$rtl/sv/generated/eval_core/AecEvalCore.sv:50288$19784'.
  created $adff cell `$procdff$34955' with positive edge clock and positive level reset.
Creating register for signal `\AecGmemLsu.\captureStore_20_3' using process `\AecGmemLsu.$proc$rtl/sv/generated/eval_core/AecEvalCore.sv:50281$19782'.
  created $adff cell `$procdff$34958' with positive edge clock and positive level reset.
Creating register for signal `\AecGmemLsu.\captureStore_20_2' using process `\AecGmemLsu.$proc$rtl/sv/generated/eval_core/AecEvalCore.sv:50274$19780'.
  created $adff cell `$procdff$34961' with positive edge clock and positive level reset.
Creating register for signal `\AecGmemLsu.\captureStore_20_1' using process `\AecGmemLsu.$proc$rtl/sv/generated/eval_core/AecEvalCore.sv:50267$19778'.
  created $adff cell `$procdff$34964' with positive edge clock and positive level reset.
Creating register for signal `\AecGmemLsu.\captureStore_20_0' using process `\AecGmemLsu.$proc$rtl/sv/generated/eval_core/AecEvalCore.sv:50260$19776'.
  created $adff cell `$procdff$34967' with positive edge clock and positive level reset.
Creating register for signal `\AecGmemLsu.\captureStore_19_3' using process `\AecGmemLsu.$proc$rtl/sv/generated/eval_core/AecEvalCore.sv:50253$19774'.
  created $adff cell `$procdff$34970' with positive edge clock and positive level reset.
Creating register for signal `\AecGmemLsu.\captureStore_19_2' using process `\AecGmemLsu.$proc$rtl/sv/generated/eval_core/AecEvalCore.sv:50246$19772'.
  created $adff cell `$procdff$34973' with positive edge clock and positive level reset.
Creating register for signal `\AecGmemLsu.\captureStore_19_1' using process `\AecGmemLsu.$proc$rtl/sv/generated/eval_core/AecEvalCore.sv:50239$19770'.
  created $adff cell `$procdff$34976' with positive edge clock and positive level reset.
Creating register for signal `\AecGmemLsu.\captureStore_19_0' using process `\AecGmemLsu.$proc$rtl/sv/generated/eval_core/AecEvalCore.sv:50232$19768'.
  created $adff cell `$procdff$34979' with positive edge clock and positive level reset.
Creating register for signal `\AecGmemLsu.\captureStore_18_3' using process `\AecGmemLsu.$proc$rtl/sv/generated/eval_core/AecEvalCore.sv:50225$19766'.
  created $adff cell `$procdff$34982' with positive edge clock and positive level reset.
Creating register for signal `\AecGmemLsu.\captureStore_18_2' using process `\AecGmemLsu.$proc$rtl/sv/generated/eval_core/AecEvalCore.sv:50218$19764'.
  created $adff cell `$procdff$34985' with positive edge clock and positive level reset.
Creating register for signal `\AecGmemLsu.\captureStore_18_1' using process `\AecGmemLsu.$proc$rtl/sv/generated/eval_core/AecEvalCore.sv:50211$19762'.
  created $adff cell `$procdff$34988' with positive edge clock and positive level reset.
Creating register for signal `\AecGmemLsu.\captureStore_18_0' using process `\AecGmemLsu.$proc$rtl/sv/generated/eval_core/AecEvalCore.sv:50204$19760'.
  created $adff cell `$procdff$34991' with positive edge clock and positive level reset.
Creating register for signal `\AecGmemLsu.\captureStore_17_3' using process `\AecGmemLsu.$proc$rtl/sv/generated/eval_core/AecEvalCore.sv:50197$19758'.
  created $adff cell `$procdff$34994' with positive edge clock and positive level reset.
Creating register for signal `\AecGmemLsu.\captureStore_17_2' using process `\AecGmemLsu.$proc$rtl/sv/generated/eval_core/AecEvalCore.sv:50190$19756'.
  created $adff cell `$procdff$34997' with positive edge clock and positive level reset.
Creating register for signal `\AecGmemLsu.\captureStore_17_1' using process `\AecGmemLsu.$proc$rtl/sv/generated/eval_core/AecEvalCore.sv:50183$19754'.
  created $adff cell `$procdff$35000' with positive edge clock and positive level reset.
Creating register for signal `\AecGmemLsu.\captureStore_17_0' using process `\AecGmemLsu.$proc$rtl/sv/generated/eval_core/AecEvalCore.sv:50176$19752'.
  created $adff cell `$procdff$35003' with positive edge clock and positive level reset.
Creating register for signal `\AecGmemLsu.\captureStore_16_3' using process `\AecGmemLsu.$proc$rtl/sv/generated/eval_core/AecEvalCore.sv:50169$19750'.
  created $adff cell `$procdff$35006' with positive edge clock and positive level reset.
Creating register for signal `\AecGmemLsu.\captureStore_16_2' using process `\AecGmemLsu.$proc$rtl/sv/generated/eval_core/AecEvalCore.sv:50162$19748'.
  created $adff cell `$procdff$35009' with positive edge clock and positive level reset.
Creating register for signal `\AecGmemLsu.\captureStore_16_1' using process `\AecGmemLsu.$proc$rtl/sv/generated/eval_core/AecEvalCore.sv:50155$19746'.
  created $adff cell `$procdff$35012' with positive edge clock and positive level reset.
Creating register for signal `\AecGmemLsu.\captureStore_16_0' using process `\AecGmemLsu.$proc$rtl/sv/generated/eval_core/AecEvalCore.sv:50148$19744'.
  created $adff cell `$procdff$35015' with positive edge clock and positive level reset.
Creating register for signal `\AecGmemLsu.\captureStore_15_3' using process `\AecGmemLsu.$proc$rtl/sv/generated/eval_core/AecEvalCore.sv:50141$19742'.
  created $adff cell `$procdff$35018' with positive edge clock and positive level reset.
Creating register for signal `\AecGmemLsu.\captureStore_15_2' using process `\AecGmemLsu.$proc$rtl/sv/generated/eval_core/AecEvalCore.sv:50134$19740'.
  created $adff cell `$procdff$35021' with positive edge clock and positive level reset.
Creating register for signal `\AecGmemLsu.\captureStore_15_1' using process `\AecGmemLsu.$proc$rtl/sv/generated/eval_core/AecEvalCore.sv:50127$19738'.
  created $adff cell `$procdff$35024' with positive edge clock and positive level reset.
Creating register for signal `\AecGmemLsu.\captureStore_15_0' using process `\AecGmemLsu.$proc$rtl/sv/generated/eval_core/AecEvalCore.sv:50120$19736'.
  created $adff cell `$procdff$35027' with positive edge clock and positive level reset.
Creating register for signal `\AecGmemLsu.\captureStore_14_3' using process `\AecGmemLsu.$proc$rtl/sv/generated/eval_core/AecEvalCore.sv:50113$19734'.
  created $adff cell `$procdff$35030' with positive edge clock and positive level reset.
Creating register for signal `\AecGmemLsu.\captureStore_14_2' using process `\AecGmemLsu.$proc$rtl/sv/generated/eval_core/AecEvalCore.sv:50106$19732'.
  created $adff cell `$procdff$35033' with positive edge clock and positive level reset.
Creating register for signal `\AecGmemLsu.\captureStore_14_1' using process `\AecGmemLsu.$proc$rtl/sv/generated/eval_core/AecEvalCore.sv:50099$19730'.
  created $adff cell `$procdff$35036' with positive edge clock and positive level reset.
Creating register for signal `\AecGmemLsu.\captureStore_14_0' using process `\AecGmemLsu.$proc$rtl/sv/generated/eval_core/AecEvalCore.sv:50092$19728'.
  created $adff cell `$procdff$35039' with positive edge clock and positive level reset.
Creating register for signal `\AecGmemLsu.\captureStore_13_3' using process `\AecGmemLsu.$proc$rtl/sv/generated/eval_core/AecEvalCore.sv:50085$19726'.
  created $adff cell `$procdff$35042' with positive edge clock and positive level reset.
Creating register for signal `\AecGmemLsu.\captureStore_13_2' using process `\AecGmemLsu.$proc$rtl/sv/generated/eval_core/AecEvalCore.sv:50078$19724'.
  created $adff cell `$procdff$35045' with positive edge clock and positive level reset.
Creating register for signal `\AecGmemLsu.\captureStore_13_1' using process `\AecGmemLsu.$proc$rtl/sv/generated/eval_core/AecEvalCore.sv:50071$19722'.
  created $adff cell `$procdff$35048' with positive edge clock and positive level reset.
Creating register for signal `\AecGmemLsu.\captureStore_13_0' using process `\AecGmemLsu.$proc$rtl/sv/generated/eval_core/AecEvalCore.sv:50064$19720'.
  created $adff cell `$procdff$35051' with positive edge clock and positive level reset.
Creating register for signal `\AecGmemLsu.\captureStore_12_3' using process `\AecGmemLsu.$proc$rtl/sv/generated/eval_core/AecEvalCore.sv:50057$19718'.
  created $adff cell `$procdff$35054' with positive edge clock and positive level reset.
Creating register for signal `\AecGmemLsu.\captureStore_12_2' using process `\AecGmemLsu.$proc$rtl/sv/generated/eval_core/AecEvalCore.sv:50050$19716'.
  created $adff cell `$procdff$35057' with positive edge clock and positive level reset.
Creating register for signal `\AecGmemLsu.\captureStore_12_1' using process `\AecGmemLsu.$proc$rtl/sv/generated/eval_core/AecEvalCore.sv:50043$19714'.
  created $adff cell `$procdff$35060' with positive edge clock and positive level reset.
Creating register for signal `\AecGmemLsu.\captureStore_12_0' using process `\AecGmemLsu.$proc$rtl/sv/generated/eval_core/AecEvalCore.sv:50036$19712'.
  created $adff cell `$procdff$35063' with positive edge clock and positive level reset.
Creating register for signal `\AecGmemLsu.\captureStore_11_3' using process `\AecGmemLsu.$proc$rtl/sv/generated/eval_core/AecEvalCore.sv:50029$19710'.
  created $adff cell `$procdff$35066' with positive edge clock and positive level reset.
Creating register for signal `\AecGmemLsu.\captureStore_11_2' using process `\AecGmemLsu.$proc$rtl/sv/generated/eval_core/AecEvalCore.sv:50022$19708'.
  created $adff cell `$procdff$35069' with positive edge clock and positive level reset.
Creating register for signal `\AecGmemLsu.\captureStore_11_1' using process `\AecGmemLsu.$proc$rtl/sv/generated/eval_core/AecEvalCore.sv:50015$19706'.
  created $adff cell `$procdff$35072' with positive edge clock and positive level reset.
Creating register for signal `\AecGmemLsu.\captureStore_11_0' using process `\AecGmemLsu.$proc$rtl/sv/generated/eval_core/AecEvalCore.sv:50008$19704'.
  created $adff cell `$procdff$35075' with positive edge clock and positive level reset.
Creating register for signal `\AecGmemLsu.\captureStore_10_3' using process `\AecGmemLsu.$proc$rtl/sv/generated/eval_core/AecEvalCore.sv:50001$19702'.
  created $adff cell `$procdff$35078' with positive edge clock and positive level reset.
Creating register for signal `\AecGmemLsu.\captureStore_10_2' using process `\AecGmemLsu.$proc$rtl/sv/generated/eval_core/AecEvalCore.sv:49994$19700'.
  created $adff cell `$procdff$35081' with positive edge clock and positive level reset.
Creating register for signal `\AecGmemLsu.\captureStore_10_1' using process `\AecGmemLsu.$proc$rtl/sv/generated/eval_core/AecEvalCore.sv:49987$19698'.
  created $adff cell `$procdff$35084' with positive edge clock and positive level reset.
Creating register for signal `\AecGmemLsu.\captureStore_10_0' using process `\AecGmemLsu.$proc$rtl/sv/generated/eval_core/AecEvalCore.sv:49980$19696'.
  created $adff cell `$procdff$35087' with positive edge clock and positive level reset.
Creating register for signal `\AecGmemLsu.\captureStore_9_3' using process `\AecGmemLsu.$proc$rtl/sv/generated/eval_core/AecEvalCore.sv:49973$19694'.
  created $adff cell `$procdff$35090' with positive edge clock and positive level reset.
Creating register for signal `\AecGmemLsu.\captureStore_9_2' using process `\AecGmemLsu.$proc$rtl/sv/generated/eval_core/AecEvalCore.sv:49966$19692'.
  created $adff cell `$procdff$35093' with positive edge clock and positive level reset.
Creating register for signal `\AecGmemLsu.\captureStore_9_1' using process `\AecGmemLsu.$proc$rtl/sv/generated/eval_core/AecEvalCore.sv:49959$19690'.
  created $adff cell `$procdff$35096' with positive edge clock and positive level reset.
Creating register for signal `\AecGmemLsu.\captureStore_9_0' using process `\AecGmemLsu.$proc$rtl/sv/generated/eval_core/AecEvalCore.sv:49952$19688'.
  created $adff cell `$procdff$35099' with positive edge clock and positive level reset.
Creating register for signal `\AecGmemLsu.\captureStore_8_3' using process `\AecGmemLsu.$proc$rtl/sv/generated/eval_core/AecEvalCore.sv:49945$19686'.
  created $adff cell `$procdff$35102' with positive edge clock and positive level reset.
Creating register for signal `\AecGmemLsu.\captureStore_8_2' using process `\AecGmemLsu.$proc$rtl/sv/generated/eval_core/AecEvalCore.sv:49938$19684'.
  created $adff cell `$procdff$35105' with positive edge clock and positive level reset.
Creating register for signal `\AecGmemLsu.\captureStore_8_1' using process `\AecGmemLsu.$proc$rtl/sv/generated/eval_core/AecEvalCore.sv:49931$19682'.
  created $adff cell `$procdff$35108' with positive edge clock and positive level reset.
Creating register for signal `\AecGmemLsu.\captureStore_8_0' using process `\AecGmemLsu.$proc$rtl/sv/generated/eval_core/AecEvalCore.sv:49924$19680'.
  created $adff cell `$procdff$35111' with positive edge clock and positive level reset.
Creating register for signal `\AecGmemLsu.\captureStore_7_3' using process `\AecGmemLsu.$proc$rtl/sv/generated/eval_core/AecEvalCore.sv:49917$19678'.
  created $adff cell `$procdff$35114' with positive edge clock and positive level reset.
Creating register for signal `\AecGmemLsu.\captureStore_7_2' using process `\AecGmemLsu.$proc$rtl/sv/generated/eval_core/AecEvalCore.sv:49910$19676'.
  created $adff cell `$procdff$35117' with positive edge clock and positive level reset.
Creating register for signal `\AecGmemLsu.\captureStore_7_1' using process `\AecGmemLsu.$proc$rtl/sv/generated/eval_core/AecEvalCore.sv:49903$19674'.
  created $adff cell `$procdff$35120' with positive edge clock and positive level reset.
Creating register for signal `\AecGmemLsu.\captureStore_7_0' using process `\AecGmemLsu.$proc$rtl/sv/generated/eval_core/AecEvalCore.sv:49896$19672'.
  created $adff cell `$procdff$35123' with positive edge clock and positive level reset.
Creating register for signal `\AecGmemLsu.\captureStore_6_3' using process `\AecGmemLsu.$proc$rtl/sv/generated/eval_core/AecEvalCore.sv:49889$19670'.
  created $adff cell `$procdff$35126' with positive edge clock and positive level reset.
Creating register for signal `\AecGmemLsu.\captureStore_6_2' using process `\AecGmemLsu.$proc$rtl/sv/generated/eval_core/AecEvalCore.sv:49882$19668'.
  created $adff cell `$procdff$35129' with positive edge clock and positive level reset.
Creating register for signal `\AecGmemLsu.\captureStore_6_1' using process `\AecGmemLsu.$proc$rtl/sv/generated/eval_core/AecEvalCore.sv:49875$19666'.
  created $adff cell `$procdff$35132' with positive edge clock and positive level reset.
Creating register for signal `\AecGmemLsu.\captureStore_6_0' using process `\AecGmemLsu.$proc$rtl/sv/generated/eval_core/AecEvalCore.sv:49868$19664'.
  created $adff cell `$procdff$35135' with positive edge clock and positive level reset.
Creating register for signal `\AecGmemLsu.\captureStore_5_3' using process `\AecGmemLsu.$proc$rtl/sv/generated/eval_core/AecEvalCore.sv:49861$19662'.
  created $adff cell `$procdff$35138' with positive edge clock and positive level reset.
Creating register for signal `\AecGmemLsu.\captureStore_5_2' using process `\AecGmemLsu.$proc$rtl/sv/generated/eval_core/AecEvalCore.sv:49854$19660'.
  created $adff cell `$procdff$35141' with positive edge clock and positive level reset.
Creating register for signal `\AecGmemLsu.\captureStore_5_1' using process `\AecGmemLsu.$proc$rtl/sv/generated/eval_core/AecEvalCore.sv:49847$19658'.
  created $adff cell `$procdff$35144' with positive edge clock and positive level reset.
Creating register for signal `\AecGmemLsu.\captureStore_5_0' using process `\AecGmemLsu.$proc$rtl/sv/generated/eval_core/AecEvalCore.sv:49840$19656'.
  created $adff cell `$procdff$35147' with positive edge clock and positive level reset.
Creating register for signal `\AecGmemLsu.\captureStore_4_3' using process `\AecGmemLsu.$proc$rtl/sv/generated/eval_core/AecEvalCore.sv:49833$19654'.
  created $adff cell `$procdff$35150' with positive edge clock and positive level reset.
Creating register for signal `\AecGmemLsu.\captureStore_4_2' using process `\AecGmemLsu.$proc$rtl/sv/generated/eval_core/AecEvalCore.sv:49826$19652'.
  created $adff cell `$procdff$35153' with positive edge clock and positive level reset.
Creating register for signal `\AecGmemLsu.\captureStore_4_1' using process `\AecGmemLsu.$proc$rtl/sv/generated/eval_core/AecEvalCore.sv:49819$19650'.
  created $adff cell `$procdff$35156' with positive edge clock and positive level reset.
Creating register for signal `\AecGmemLsu.\captureStore_4_0' using process `\AecGmemLsu.$proc$rtl/sv/generated/eval_core/AecEvalCore.sv:49812$19648'.
  created $adff cell `$procdff$35159' with positive edge clock and positive level reset.
Creating register for signal `\AecGmemLsu.\captureStore_3_3' using process `\AecGmemLsu.$proc$rtl/sv/generated/eval_core/AecEvalCore.sv:49805$19646'.
  created $adff cell `$procdff$35162' with positive edge clock and positive level reset.
Creating register for signal `\AecGmemLsu.\captureStore_3_2' using process `\AecGmemLsu.$proc$rtl/sv/generated/eval_core/AecEvalCore.sv:49798$19644'.
  created $adff cell `$procdff$35165' with positive edge clock and positive level reset.
Creating register for signal `\AecGmemLsu.\captureStore_3_1' using process `\AecGmemLsu.$proc$rtl/sv/generated/eval_core/AecEvalCore.sv:49791$19642'.
  created $adff cell `$procdff$35168' with positive edge clock and positive level reset.
Creating register for signal `\AecGmemLsu.\captureStore_3_0' using process `\AecGmemLsu.$proc$rtl/sv/generated/eval_core/AecEvalCore.sv:49784$19640'.
  created $adff cell `$procdff$35171' with positive edge clock and positive level reset.
Creating register for signal `\AecGmemLsu.\captureStore_2_3' using process `\AecGmemLsu.$proc$rtl/sv/generated/eval_core/AecEvalCore.sv:49777$19638'.
  created $adff cell `$procdff$35174' with positive edge clock and positive level reset.
Creating register for signal `\AecGmemLsu.\captureStore_2_2' using process `\AecGmemLsu.$proc$rtl/sv/generated/eval_core/AecEvalCore.sv:49770$19636'.
  created $adff cell `$procdff$35177' with positive edge clock and positive level reset.
Creating register for signal `\AecGmemLsu.\captureStore_2_1' using process `\AecGmemLsu.$proc$rtl/sv/generated/eval_core/AecEvalCore.sv:49763$19634'.
  created $adff cell `$procdff$35180' with positive edge clock and positive level reset.
Creating register for signal `\AecGmemLsu.\captureStore_2_0' using process `\AecGmemLsu.$proc$rtl/sv/generated/eval_core/AecEvalCore.sv:49756$19632'.
  created $adff cell `$procdff$35183' with positive edge clock and positive level reset.
Creating register for signal `\AecGmemLsu.\captureStore_1_3' using process `\AecGmemLsu.$proc$rtl/sv/generated/eval_core/AecEvalCore.sv:49749$19630'.
  created $adff cell `$procdff$35186' with positive edge clock and positive level reset.
Creating register for signal `\AecGmemLsu.\captureStore_1_2' using process `\AecGmemLsu.$proc$rtl/sv/generated/eval_core/AecEvalCore.sv:49742$19628'.
  created $adff cell `$procdff$35189' with positive edge clock and positive level reset.
Creating register for signal `\AecGmemLsu.\captureStore_1_1' using process `\AecGmemLsu.$proc$rtl/sv/generated/eval_core/AecEvalCore.sv:49735$19626'.
  created $adff cell `$procdff$35192' with positive edge clock and positive level reset.
Creating register for signal `\AecGmemLsu.\captureStore_1_0' using process `\AecGmemLsu.$proc$rtl/sv/generated/eval_core/AecEvalCore.sv:49728$19624'.
  created $adff cell `$procdff$35195' with positive edge clock and positive level reset.
Creating register for signal `\AecGmemLsu.\captureStore_0_3' using process `\AecGmemLsu.$proc$rtl/sv/generated/eval_core/AecEvalCore.sv:49721$19622'.
  created $adff cell `$procdff$35198' with positive edge clock and positive level reset.
Creating register for signal `\AecGmemLsu.\captureStore_0_2' using process `\AecGmemLsu.$proc$rtl/sv/generated/eval_core/AecEvalCore.sv:49714$19620'.
  created $adff cell `$procdff$35201' with positive edge clock and positive level reset.
Creating register for signal `\AecGmemLsu.\captureStore_0_1' using process `\AecGmemLsu.$proc$rtl/sv/generated/eval_core/AecEvalCore.sv:49707$19618'.
  created $adff cell `$procdff$35204' with positive edge clock and positive level reset.
Creating register for signal `\AecGmemLsu.\captureStore_0_0' using process `\AecGmemLsu.$proc$rtl/sv/generated/eval_core/AecEvalCore.sv:49700$19616'.
  created $adff cell `$procdff$35207' with positive edge clock and positive level reset.
Creating register for signal `\AecGmemLsu.\captureAddress_31_3' using process `\AecGmemLsu.$proc$rtl/sv/generated/eval_core/AecEvalCore.sv:49693$19614'.
  created $adff cell `$procdff$35210' with positive edge clock and positive level reset.
Creating register for signal `\AecGmemLsu.\captureAddress_31_2' using process `\AecGmemLsu.$proc$rtl/sv/generated/eval_core/AecEvalCore.sv:49686$19612'.
  created $adff cell `$procdff$35213' with positive edge clock and positive level reset.
Creating register for signal `\AecGmemLsu.\captureAddress_31_1' using process `\AecGmemLsu.$proc$rtl/sv/generated/eval_core/AecEvalCore.sv:49679$19610'.
  created $adff cell `$procdff$35216' with positive edge clock and positive level reset.
Creating register for signal `\AecGmemLsu.\captureAddress_31_0' using process `\AecGmemLsu.$proc$rtl/sv/generated/eval_core/AecEvalCore.sv:49672$19608'.
  created $adff cell `$procdff$35219' with positive edge clock and positive level reset.
Creating register for signal `\AecGmemLsu.\captureAddress_30_3' using process `\AecGmemLsu.$proc$rtl/sv/generated/eval_core/AecEvalCore.sv:49665$19606'.
  created $adff cell `$procdff$35222' with positive edge clock and positive level reset.
Creating register for signal `\AecGmemLsu.\captureAddress_30_2' using process `\AecGmemLsu.$proc$rtl/sv/generated/eval_core/AecEvalCore.sv:49658$19604'.
  created $adff cell `$procdff$35225' with positive edge clock and positive level reset.
Creating register for signal `\AecGmemLsu.\captureAddress_30_1' using process `\AecGmemLsu.$proc$rtl/sv/generated/eval_core/AecEvalCore.sv:49651$19602'.
  created $adff cell `$procdff$35228' with positive edge clock and positive level reset.
Creating register for signal `\AecGmemLsu.\captureAddress_30_0' using process `\AecGmemLsu.$proc$rtl/sv/generated/eval_core/AecEvalCore.sv:49644$19600'.
  created $adff cell `$procdff$35231' with positive edge clock and positive level reset.
Creating register for signal `\AecGmemLsu.\captureAddress_29_3' using process `\AecGmemLsu.$proc$rtl/sv/generated/eval_core/AecEvalCore.sv:49637$19598'.
  created $adff cell `$procdff$35234' with positive edge clock and positive level reset.
Creating register for signal `\AecGmemLsu.\captureAddress_29_2' using process `\AecGmemLsu.$proc$rtl/sv/generated/eval_core/AecEvalCore.sv:49630$19596'.
  created $adff cell `$procdff$35237' with positive edge clock and positive level reset.
Creating register for signal `\AecGmemLsu.\captureAddress_29_1' using process `\AecGmemLsu.$proc$rtl/sv/generated/eval_core/AecEvalCore.sv:49623$19594'.
  created $adff cell `$procdff$35240' with positive edge clock and positive level reset.
Creating register for signal `\AecGmemLsu.\captureAddress_29_0' using process `\AecGmemLsu.$proc$rtl/sv/generated/eval_core/AecEvalCore.sv:49616$19592'.
  created $adff cell `$procdff$35243' with positive edge clock and positive level reset.
Creating register for signal `\AecGmemLsu.\captureAddress_28_3' using process `\AecGmemLsu.$proc$rtl/sv/generated/eval_core/AecEvalCore.sv:49609$19590'.
  created $adff cell `$procdff$35246' with positive edge clock and positive level reset.
Creating register for signal `\AecGmemLsu.\captureAddress_28_2' using process `\AecGmemLsu.$proc$rtl/sv/generated/eval_core/AecEvalCore.sv:49602$19588'.
  created $adff cell `$procdff$35249' with positive edge clock and positive level reset.
Creating register for signal `\AecGmemLsu.\captureAddress_28_1' using process `\AecGmemLsu.$proc$rtl/sv/generated/eval_core/AecEvalCore.sv:49595$19586'.
  created $adff cell `$procdff$35252' with positive edge clock and positive level reset.
Creating register for signal `\AecGmemLsu.\captureAddress_28_0' using process `\AecGmemLsu.$proc$rtl/sv/generated/eval_core/AecEvalCore.sv:49588$19584'.
  created $adff cell `$procdff$35255' with positive edge clock and positive level reset.
Creating register for signal `\AecGmemLsu.\captureAddress_27_3' using process `\AecGmemLsu.$proc$rtl/sv/generated/eval_core/AecEvalCore.sv:49581$19582'.
  created $adff cell `$procdff$35258' with positive edge clock and positive level reset.
Creating register for signal `\AecGmemLsu.\captureAddress_27_2' using process `\AecGmemLsu.$proc$rtl/sv/generated/eval_core/AecEvalCore.sv:49574$19580'.
  created $adff cell `$procdff$35261' with positive edge clock and positive level reset.
Creating register for signal `\AecGmemLsu.\captureAddress_27_1' using process `\AecGmemLsu.$proc$rtl/sv/generated/eval_core/AecEvalCore.sv:49567$19578'.
  created $adff cell `$procdff$35264' with positive edge clock and positive level reset.
Creating register for signal `\AecGmemLsu.\captureAddress_27_0' using process `\AecGmemLsu.$proc$rtl/sv/generated/eval_core/AecEvalCore.sv:49560$19576'.
  created $adff cell `$procdff$35267' with positive edge clock and positive level reset.
Creating register for signal `\AecGmemLsu.\captureAddress_26_3' using process `\AecGmemLsu.$proc$rtl/sv/generated/eval_core/AecEvalCore.sv:49553$19574'.
  created $adff cell `$procdff$35270' with positive edge clock and positive level reset.
Creating register for signal `\AecGmemLsu.\captureAddress_26_2' using process `\AecGmemLsu.$proc$rtl/sv/generated/eval_core/AecEvalCore.sv:49546$19572'.
  created $adff cell `$procdff$35273' with positive edge clock and positive level reset.
Creating register for signal `\AecGmemLsu.\captureAddress_26_1' using process `\AecGmemLsu.$proc$rtl/sv/generated/eval_core/AecEvalCore.sv:49539$19570'.
  created $adff cell `$procdff$35276' with positive edge clock and positive level reset.
Creating register for signal `\AecGmemLsu.\captureAddress_26_0' using process `\AecGmemLsu.$proc$rtl/sv/generated/eval_core/AecEvalCore.sv:49532$19568'.
  created $adff cell `$procdff$35279' with positive edge clock and positive level reset.
Creating register for signal `\AecGmemLsu.\captureAddress_25_3' using process `\AecGmemLsu.$proc$rtl/sv/generated/eval_core/AecEvalCore.sv:49525$19566'.
  created $adff cell `$procdff$35282' with positive edge clock and positive level reset.
Creating register for signal `\AecGmemLsu.\captureAddress_25_2' using process `\AecGmemLsu.$proc$rtl/sv/generated/eval_core/AecEvalCore.sv:49518$19564'.
  created $adff cell `$procdff$35285' with positive edge clock and positive level reset.
Creating register for signal `\AecGmemLsu.\captureAddress_25_1' using process `\AecGmemLsu.$proc$rtl/sv/generated/eval_core/AecEvalCore.sv:49511$19562'.
  created $adff cell `$procdff$35288' with positive edge clock and positive level reset.
Creating register for signal `\AecGmemLsu.\captureAddress_25_0' using process `\AecGmemLsu.$proc$rtl/sv/generated/eval_core/AecEvalCore.sv:49504$19560'.
  created $adff cell `$procdff$35291' with positive edge clock and positive level reset.
Creating register for signal `\AecGmemLsu.\captureAddress_24_3' using process `\AecGmemLsu.$proc$rtl/sv/generated/eval_core/AecEvalCore.sv:49497$19558'.
  created $adff cell `$procdff$35294' with positive edge clock and positive level reset.
Creating register for signal `\AecGmemLsu.\captureAddress_24_2' using process `\AecGmemLsu.$proc$rtl/sv/generated/eval_core/AecEvalCore.sv:49490$19556'.
  created $adff cell `$procdff$35297' with positive edge clock and positive level reset.
Creating register for signal `\AecGmemLsu.\captureAddress_24_1' using process `\AecGmemLsu.$proc$rtl/sv/generated/eval_core/AecEvalCore.sv:49483$19554'.
  created $adff cell `$procdff$35300' with positive edge clock and positive level reset.
Creating register for signal `\AecGmemLsu.\captureAddress_24_0' using process `\AecGmemLsu.$proc$rtl/sv/generated/eval_core/AecEvalCore.sv:49476$19552'.
  created $adff cell `$procdff$35303' with positive edge clock and positive level reset.
Creating register for signal `\AecGmemLsu.\captureAddress_23_3' using process `\AecGmemLsu.$proc$rtl/sv/generated/eval_core/AecEvalCore.sv:49469$19550'.
  created $adff cell `$procdff$35306' with positive edge clock and positive level reset.
Creating register for signal `\AecGmemLsu.\captureAddress_23_2' using process `\AecGmemLsu.$proc$rtl/sv/generated/eval_core/AecEvalCore.sv:49462$19548'.
  created $adff cell `$procdff$35309' with positive edge clock and positive level reset.
Creating register for signal `\AecGmemLsu.\captureAddress_23_1' using process `\AecGmemLsu.$proc$rtl/sv/generated/eval_core/AecEvalCore.sv:49455$19546'.
  created $adff cell `$procdff$35312' with positive edge clock and positive level reset.
Creating register for signal `\AecGmemLsu.\captureAddress_23_0' using process `\AecGmemLsu.$proc$rtl/sv/generated/eval_core/AecEvalCore.sv:49448$19544'.
  created $adff cell `$procdff$35315' with positive edge clock and positive level reset.
Creating register for signal `\AecGmemLsu.\captureAddress_22_3' using process `\AecGmemLsu.$proc$rtl/sv/generated/eval_core/AecEvalCore.sv:49441$19542'.
  created $adff cell `$procdff$35318' with positive edge clock and positive level reset.
Creating register for signal `\AecGmemLsu.\captureAddress_22_2' using process `\AecGmemLsu.$proc$rtl/sv/generated/eval_core/AecEvalCore.sv:49434$19540'.
  created $adff cell `$procdff$35321' with positive edge clock and positive level reset.
Creating register for signal `\AecGmemLsu.\captureAddress_22_1' using process `\AecGmemLsu.$proc$rtl/sv/generated/eval_core/AecEvalCore.sv:49427$19538'.
  created $adff cell `$procdff$35324' with positive edge clock and positive level reset.
Creating register for signal `\AecGmemLsu.\captureAddress_22_0' using process `\AecGmemLsu.$proc$rtl/sv/generated/eval_core/AecEvalCore.sv:49420$19536'.
  created $adff cell `$procdff$35327' with positive edge clock and positive level reset.
Creating register for signal `\AecGmemLsu.\captureAddress_21_3' using process `\AecGmemLsu.$proc$rtl/sv/generated/eval_core/AecEvalCore.sv:49413$19534'.
  created $adff cell `$procdff$35330' with positive edge clock and positive level reset.
Creating register for signal `\AecGmemLsu.\captureAddress_21_2' using process `\AecGmemLsu.$proc$rtl/sv/generated/eval_core/AecEvalCore.sv:49406$19532'.
  created $adff cell `$procdff$35333' with positive edge clock and positive level reset.
Creating register for signal `\AecGmemLsu.\captureAddress_21_1' using process `\AecGmemLsu.$proc$rtl/sv/generated/eval_core/AecEvalCore.sv:49399$19530'.
  created $adff cell `$procdff$35336' with positive edge clock and positive level reset.
Creating register for signal `\AecGmemLsu.\captureAddress_21_0' using process `\AecGmemLsu.$proc$rtl/sv/generated/eval_core/AecEvalCore.sv:49392$19528'.
  created $adff cell `$procdff$35339' with positive edge clock and positive level reset.
Creating register for signal `\AecGmemLsu.\captureAddress_20_3' using process `\AecGmemLsu.$proc$rtl/sv/generated/eval_core/AecEvalCore.sv:49385$19526'.
  created $adff cell `$procdff$35342' with positive edge clock and positive level reset.
Creating register for signal `\AecGmemLsu.\captureAddress_20_2' using process `\AecGmemLsu.$proc$rtl/sv/generated/eval_core/AecEvalCore.sv:49378$19524'.
  created $adff cell `$procdff$35345' with positive edge clock and positive level reset.
Creating register for signal `\AecGmemLsu.\captureAddress_20_1' using process `\AecGmemLsu.$proc$rtl/sv/generated/eval_core/AecEvalCore.sv:49371$19522'.
  created $adff cell `$procdff$35348' with positive edge clock and positive level reset.
Creating register for signal `\AecGmemLsu.\captureAddress_20_0' using process `\AecGmemLsu.$proc$rtl/sv/generated/eval_core/AecEvalCore.sv:49364$19520'.
  created $adff cell `$procdff$35351' with positive edge clock and positive level reset.
Creating register for signal `\AecGmemLsu.\captureAddress_19_3' using process `\AecGmemLsu.$proc$rtl/sv/generated/eval_core/AecEvalCore.sv:49357$19518'.
  created $adff cell `$procdff$35354' with positive edge clock and positive level reset.
Creating register for signal `\AecGmemLsu.\captureAddress_19_2' using process `\AecGmemLsu.$proc$rtl/sv/generated/eval_core/AecEvalCore.sv:49350$19516'.
  created $adff cell `$procdff$35357' with positive edge clock and positive level reset.
Creating register for signal `\AecGmemLsu.\captureAddress_19_1' using process `\AecGmemLsu.$proc$rtl/sv/generated/eval_core/AecEvalCore.sv:49343$19514'.
  created $adff cell `$procdff$35360' with positive edge clock and positive level reset.
Creating register for signal `\AecGmemLsu.\captureAddress_19_0' using process `\AecGmemLsu.$proc$rtl/sv/generated/eval_core/AecEvalCore.sv:49336$19512'.
  created $adff cell `$procdff$35363' with positive edge clock and positive level reset.
Creating register for signal `\AecGmemLsu.\captureAddress_18_3' using process `\AecGmemLsu.$proc$rtl/sv/generated/eval_core/AecEvalCore.sv:49329$19510'.
  created $adff cell `$procdff$35366' with positive edge clock and positive level reset.
Creating register for signal `\AecGmemLsu.\captureAddress_18_2' using process `\AecGmemLsu.$proc$rtl/sv/generated/eval_core/AecEvalCore.sv:49322$19508'.
  created $adff cell `$procdff$35369' with positive edge clock and positive level reset.
Creating register for signal `\AecGmemLsu.\captureAddress_18_1' using process `\AecGmemLsu.$proc$rtl/sv/generated/eval_core/AecEvalCore.sv:49315$19506'.
  created $adff cell `$procdff$35372' with positive edge clock and positive level reset.
Creating register for signal `\AecGmemLsu.\captureAddress_18_0' using process `\AecGmemLsu.$proc$rtl/sv/generated/eval_core/AecEvalCore.sv:49308$19504'.
  created $adff cell `$procdff$35375' with positive edge clock and positive level reset.
Creating register for signal `\AecGmemLsu.\captureAddress_17_3' using process `\AecGmemLsu.$proc$rtl/sv/generated/eval_core/AecEvalCore.sv:49301$19502'.
  created $adff cell `$procdff$35378' with positive edge clock and positive level reset.
Creating register for signal `\AecGmemLsu.\captureAddress_17_2' using process `\AecGmemLsu.$proc$rtl/sv/generated/eval_core/AecEvalCore.sv:49294$19500'.
  created $adff cell `$procdff$35381' with positive edge clock and positive level reset.
Creating register for signal `\AecGmemLsu.\captureAddress_17_1' using process `\AecGmemLsu.$proc$rtl/sv/generated/eval_core/AecEvalCore.sv:49287$19498'.
  created $adff cell `$procdff$35384' with positive edge clock and positive level reset.
Creating register for signal `\AecGmemLsu.\captureAddress_17_0' using process `\AecGmemLsu.$proc$rtl/sv/generated/eval_core/AecEvalCore.sv:49280$19496'.
  created $adff cell `$procdff$35387' with positive edge clock and positive level reset.
Creating register for signal `\AecGmemLsu.\captureAddress_16_3' using process `\AecGmemLsu.$proc$rtl/sv/generated/eval_core/AecEvalCore.sv:49273$19494'.
  created $adff cell `$procdff$35390' with positive edge clock and positive level reset.
Creating register for signal `\AecGmemLsu.\captureAddress_16_2' using process `\AecGmemLsu.$proc$rtl/sv/generated/eval_core/AecEvalCore.sv:49266$19492'.
  created $adff cell `$procdff$35393' with positive edge clock and positive level reset.
Creating register for signal `\AecGmemLsu.\captureAddress_16_1' using process `\AecGmemLsu.$proc$rtl/sv/generated/eval_core/AecEvalCore.sv:49259$19490'.
  created $adff cell `$procdff$35396' with positive edge clock and positive level reset.
Creating register for signal `\AecGmemLsu.\captureAddress_16_0' using process `\AecGmemLsu.$proc$rtl/sv/generated/eval_core/AecEvalCore.sv:49252$19488'.
  created $adff cell `$procdff$35399' with positive edge clock and positive level reset.
Creating register for signal `\AecGmemLsu.\captureAddress_15_3' using process `\AecGmemLsu.$proc$rtl/sv/generated/eval_core/AecEvalCore.sv:49245$19486'.
  created $adff cell `$procdff$35402' with positive edge clock and positive level reset.
Creating register for signal `\AecGmemLsu.\captureAddress_15_2' using process `\AecGmemLsu.$proc$rtl/sv/generated/eval_core/AecEvalCore.sv:49238$19484'.
  created $adff cell `$procdff$35405' with positive edge clock and positive level reset.
Creating register for signal `\AecGmemLsu.\captureAddress_15_1' using process `\AecGmemLsu.$proc$rtl/sv/generated/eval_core/AecEvalCore.sv:49231$19482'.
  created $adff cell `$procdff$35408' with positive edge clock and positive level reset.
Creating register for signal `\AecGmemLsu.\captureAddress_15_0' using process `\AecGmemLsu.$proc$rtl/sv/generated/eval_core/AecEvalCore.sv:49224$19480'.
  created $adff cell `$procdff$35411' with positive edge clock and positive level reset.
Creating register for signal `\AecGmemLsu.\captureAddress_14_3' using process `\AecGmemLsu.$proc$rtl/sv/generated/eval_core/AecEvalCore.sv:49217$19478'.
  created $adff cell `$procdff$35414' with positive edge clock and positive level reset.
Creating register for signal `\AecGmemLsu.\captureAddress_14_2' using process `\AecGmemLsu.$proc$rtl/sv/generated/eval_core/AecEvalCore.sv:49210$19476'.
  created $adff cell `$procdff$35417' with positive edge clock and positive level reset.
Creating register for signal `\AecGmemLsu.\captureAddress_14_1' using process `\AecGmemLsu.$proc$rtl/sv/generated/eval_core/AecEvalCore.sv:49203$19474'.
  created $adff cell `$procdff$35420' with positive edge clock and positive level reset.
Creating register for signal `\AecGmemLsu.\captureAddress_14_0' using process `\AecGmemLsu.$proc$rtl/sv/generated/eval_core/AecEvalCore.sv:49196$19472'.
  created $adff cell `$procdff$35423' with positive edge clock and positive level reset.
Creating register for signal `\AecGmemLsu.\captureAddress_13_3' using process `\AecGmemLsu.$proc$rtl/sv/generated/eval_core/AecEvalCore.sv:49189$19470'.
  created $adff cell `$procdff$35426' with positive edge clock and positive level reset.
Creating register for signal `\AecGmemLsu.\captureAddress_13_2' using process `\AecGmemLsu.$proc$rtl/sv/generated/eval_core/AecEvalCore.sv:49182$19468'.
  created $adff cell `$procdff$35429' with positive edge clock and positive level reset.
Creating register for signal `\AecGmemLsu.\captureAddress_13_1' using process `\AecGmemLsu.$proc$rtl/sv/generated/eval_core/AecEvalCore.sv:49175$19466'.
  created $adff cell `$procdff$35432' with positive edge clock and positive level reset.
Creating register for signal `\AecGmemLsu.\captureAddress_13_0' using process `\AecGmemLsu.$proc$rtl/sv/generated/eval_core/AecEvalCore.sv:49168$19464'.
  created $adff cell `$procdff$35435' with positive edge clock and positive level reset.
Creating register for signal `\AecGmemLsu.\captureAddress_12_3' using process `\AecGmemLsu.$proc$rtl/sv/generated/eval_core/AecEvalCore.sv:49161$19462'.
  created $adff cell `$procdff$35438' with positive edge clock and positive level reset.
Creating register for signal `\AecGmemLsu.\captureAddress_12_2' using process `\AecGmemLsu.$proc$rtl/sv/generated/eval_core/AecEvalCore.sv:49154$19460'.
  created $adff cell `$procdff$35441' with positive edge clock and positive level reset.
Creating register for signal `\AecGmemLsu.\captureAddress_12_1' using process `\AecGmemLsu.$proc$rtl/sv/generated/eval_core/AecEvalCore.sv:49147$19458'.
  created $adff cell `$procdff$35444' with positive edge clock and positive level reset.
Creating register for signal `\AecGmemLsu.\captureAddress_12_0' using process `\AecGmemLsu.$proc$rtl/sv/generated/eval_core/AecEvalCore.sv:49140$19456'.
  created $adff cell `$procdff$35447' with positive edge clock and positive level reset.
Creating register for signal `\AecGmemLsu.\captureAddress_11_3' using process `\AecGmemLsu.$proc$rtl/sv/generated/eval_core/AecEvalCore.sv:49133$19454'.
  created $adff cell `$procdff$35450' with positive edge clock and positive level reset.
Creating register for signal `\AecGmemLsu.\captureAddress_11_2' using process `\AecGmemLsu.$proc$rtl/sv/generated/eval_core/AecEvalCore.sv:49126$19452'.
  created $adff cell `$procdff$35453' with positive edge clock and positive level reset.
Creating register for signal `\AecGmemLsu.\captureAddress_11_1' using process `\AecGmemLsu.$proc$rtl/sv/generated/eval_core/AecEvalCore.sv:49119$19450'.
  created $adff cell `$procdff$35456' with positive edge clock and positive level reset.
Creating register for signal `\AecGmemLsu.\captureAddress_11_0' using process `\AecGmemLsu.$proc$rtl/sv/generated/eval_core/AecEvalCore.sv:49112$19448'.
  created $adff cell `$procdff$35459' with positive edge clock and positive level reset.
Creating register for signal `\AecGmemLsu.\captureAddress_10_3' using process `\AecGmemLsu.$proc$rtl/sv/generated/eval_core/AecEvalCore.sv:49105$19446'.
  created $adff cell `$procdff$35462' with positive edge clock and positive level reset.
Creating register for signal `\AecGmemLsu.\captureAddress_10_2' using process `\AecGmemLsu.$proc$rtl/sv/generated/eval_core/AecEvalCore.sv:49098$19444'.
  created $adff cell `$procdff$35465' with positive edge clock and positive level reset.
Creating register for signal `\AecGmemLsu.\captureAddress_10_1' using process `\AecGmemLsu.$proc$rtl/sv/generated/eval_core/AecEvalCore.sv:49091$19442'.
  created $adff cell `$procdff$35468' with positive edge clock and positive level reset.
Creating register for signal `\AecGmemLsu.\captureAddress_10_0' using process `\AecGmemLsu.$proc$rtl/sv/generated/eval_core/AecEvalCore.sv:49084$19440'.
  created $adff cell `$procdff$35471' with positive edge clock and positive level reset.
Creating register for signal `\AecGmemLsu.\captureAddress_9_3' using process `\AecGmemLsu.$proc$rtl/sv/generated/eval_core/AecEvalCore.sv:49077$19438'.
  created $adff cell `$procdff$35474' with positive edge clock and positive level reset.
Creating register for signal `\AecGmemLsu.\captureAddress_9_2' using process `\AecGmemLsu.$proc$rtl/sv/generated/eval_core/AecEvalCore.sv:49070$19436'.
  created $adff cell `$procdff$35477' with positive edge clock and positive level reset.
Creating register for signal `\AecGmemLsu.\captureAddress_9_1' using process `\AecGmemLsu.$proc$rtl/sv/generated/eval_core/AecEvalCore.sv:49063$19434'.
  created $adff cell `$procdff$35480' with positive edge clock and positive level reset.
Creating register for signal `\AecGmemLsu.\captureAddress_9_0' using process `\AecGmemLsu.$proc$rtl/sv/generated/eval_core/AecEvalCore.sv:49056$19432'.
  created $adff cell `$procdff$35483' with positive edge clock and positive level reset.
Creating register for signal `\AecGmemLsu.\captureAddress_8_3' using process `\AecGmemLsu.$proc$rtl/sv/generated/eval_core/AecEvalCore.sv:49049$19430'.
  created $adff cell `$procdff$35486' with positive edge clock and positive level reset.
Creating register for signal `\AecGmemLsu.\captureAddress_8_2' using process `\AecGmemLsu.$proc$rtl/sv/generated/eval_core/AecEvalCore.sv:49042$19428'.
  created $adff cell `$procdff$35489' with positive edge clock and positive level reset.
Creating register for signal `\AecGmemLsu.\captureAddress_8_1' using process `\AecGmemLsu.$proc$rtl/sv/generated/eval_core/AecEvalCore.sv:49035$19426'.
  created $adff cell `$procdff$35492' with positive edge clock and positive level reset.
Creating register for signal `\AecGmemLsu.\captureAddress_8_0' using process `\AecGmemLsu.$proc$rtl/sv/generated/eval_core/AecEvalCore.sv:49028$19424'.
  created $adff cell `$procdff$35495' with positive edge clock and positive level reset.
Creating register for signal `\AecGmemLsu.\captureAddress_7_3' using process `\AecGmemLsu.$proc$rtl/sv/generated/eval_core/AecEvalCore.sv:49021$19422'.
  created $adff cell `$procdff$35498' with positive edge clock and positive level reset.
Creating register for signal `\AecGmemLsu.\captureAddress_7_2' using process `\AecGmemLsu.$proc$rtl/sv/generated/eval_core/AecEvalCore.sv:49014$19420'.
  created $adff cell `$procdff$35501' with positive edge clock and positive level reset.
Creating register for signal `\AecGmemLsu.\captureAddress_7_1' using process `\AecGmemLsu.$proc$rtl/sv/generated/eval_core/AecEvalCore.sv:49007$19418'.
  created $adff cell `$procdff$35504' with positive edge clock and positive level reset.
Creating register for signal `\AecGmemLsu.\captureAddress_7_0' using process `\AecGmemLsu.$proc$rtl/sv/generated/eval_core/AecEvalCore.sv:49000$19416'.
  created $adff cell `$procdff$35507' with positive edge clock and positive level reset.
Creating register for signal `\AecGmemLsu.\captureAddress_6_3' using process `\AecGmemLsu.$proc$rtl/sv/generated/eval_core/AecEvalCore.sv:48993$19414'.
  created $adff cell `$procdff$35510' with positive edge clock and positive level reset.
Creating register for signal `\AecGmemLsu.\captureAddress_6_2' using process `\AecGmemLsu.$proc$rtl/sv/generated/eval_core/AecEvalCore.sv:48986$19412'.
  created $adff cell `$procdff$35513' with positive edge clock and positive level reset.
Creating register for signal `\AecGmemLsu.\captureAddress_6_1' using process `\AecGmemLsu.$proc$rtl/sv/generated/eval_core/AecEvalCore.sv:48979$19410'.
  created $adff cell `$procdff$35516' with positive edge clock and positive level reset.
Creating register for signal `\AecGmemLsu.\captureAddress_6_0' using process `\AecGmemLsu.$proc$rtl/sv/generated/eval_core/AecEvalCore.sv:48972$19408'.
  created $adff cell `$procdff$35519' with positive edge clock and positive level reset.
Creating register for signal `\AecGmemLsu.\captureAddress_5_3' using process `\AecGmemLsu.$proc$rtl/sv/generated/eval_core/AecEvalCore.sv:48965$19406'.
  created $adff cell `$procdff$35522' with positive edge clock and positive level reset.
Creating register for signal `\AecGmemLsu.\captureAddress_5_2' using process `\AecGmemLsu.$proc$rtl/sv/generated/eval_core/AecEvalCore.sv:48958$19404'.
  created $adff cell `$procdff$35525' with positive edge clock and positive level reset.
Creating register for signal `\AecGmemLsu.\captureAddress_5_1' using process `\AecGmemLsu.$proc$rtl/sv/generated/eval_core/AecEvalCore.sv:48951$19402'.
  created $adff cell `$procdff$35528' with positive edge clock and positive level reset.
Creating register for signal `\AecGmemLsu.\captureAddress_5_0' using process `\AecGmemLsu.$proc$rtl/sv/generated/eval_core/AecEvalCore.sv:48944$19400'.
  created $adff cell `$procdff$35531' with positive edge clock and positive level reset.
Creating register for signal `\AecGmemLsu.\captureAddress_4_3' using process `\AecGmemLsu.$proc$rtl/sv/generated/eval_core/AecEvalCore.sv:48937$19398'.
  created $adff cell `$procdff$35534' with positive edge clock and positive level reset.
Creating register for signal `\AecGmemLsu.\captureAddress_4_2' using process `\AecGmemLsu.$proc$rtl/sv/generated/eval_core/AecEvalCore.sv:48930$19396'.
  created $adff cell `$procdff$35537' with positive edge clock and positive level reset.
Creating register for signal `\AecGmemLsu.\captureAddress_4_1' using process `\AecGmemLsu.$proc$rtl/sv/generated/eval_core/AecEvalCore.sv:48923$19394'.
  created $adff cell `$procdff$35540' with positive edge clock and positive level reset.
Creating register for signal `\AecGmemLsu.\captureAddress_4_0' using process `\AecGmemLsu.$proc$rtl/sv/generated/eval_core/AecEvalCore.sv:48916$19392'.
  created $adff cell `$procdff$35543' with positive edge clock and positive level reset.
Creating register for signal `\AecGmemLsu.\captureAddress_3_3' using process `\AecGmemLsu.$proc$rtl/sv/generated/eval_core/AecEvalCore.sv:48909$19390'.
  created $adff cell `$procdff$35546' with positive edge clock and positive level reset.
Creating register for signal `\AecGmemLsu.\captureAddress_3_2' using process `\AecGmemLsu.$proc$rtl/sv/generated/eval_core/AecEvalCore.sv:48902$19388'.
  created $adff cell `$procdff$35549' with positive edge clock and positive level reset.
Creating register for signal `\AecGmemLsu.\captureAddress_3_1' using process `\AecGmemLsu.$proc$rtl/sv/generated/eval_core/AecEvalCore.sv:48895$19386'.
  created $adff cell `$procdff$35552' with positive edge clock and positive level reset.
Creating register for signal `\AecGmemLsu.\captureAddress_3_0' using process `\AecGmemLsu.$proc$rtl/sv/generated/eval_core/AecEvalCore.sv:48888$19384'.
  created $adff cell `$procdff$35555' with positive edge clock and positive level reset.
Creating register for signal `\AecGmemLsu.\captureAddress_2_3' using process `\AecGmemLsu.$proc$rtl/sv/generated/eval_core/AecEvalCore.sv:48881$19382'.
  created $adff cell `$procdff$35558' with positive edge clock and positive level reset.
Creating register for signal `\AecGmemLsu.\captureAddress_2_2' using process `\AecGmemLsu.$proc$rtl/sv/generated/eval_core/AecEvalCore.sv:48874$19380'.
  created $adff cell `$procdff$35561' with positive edge clock and positive level reset.
Creating register for signal `\AecGmemLsu.\captureAddress_2_1' using process `\AecGmemLsu.$proc$rtl/sv/generated/eval_core/AecEvalCore.sv:48867$19378'.
  created $adff cell `$procdff$35564' with positive edge clock and positive level reset.
Creating register for signal `\AecGmemLsu.\captureAddress_2_0' using process `\AecGmemLsu.$proc$rtl/sv/generated/eval_core/AecEvalCore.sv:48860$19376'.
  created $adff cell `$procdff$35567' with positive edge clock and positive level reset.
Creating register for signal `\AecGmemLsu.\captureAddress_1_3' using process `\AecGmemLsu.$proc$rtl/sv/generated/eval_core/AecEvalCore.sv:48853$19374'.
  created $adff cell `$procdff$35570' with positive edge clock and positive level reset.
Creating register for signal `\AecGmemLsu.\captureAddress_1_2' using process `\AecGmemLsu.$proc$rtl/sv/generated/eval_core/AecEvalCore.sv:48846$19372'.
  created $adff cell `$procdff$35573' with positive edge clock and positive level reset.
Creating register for signal `\AecGmemLsu.\captureAddress_1_1' using process `\AecGmemLsu.$proc$rtl/sv/generated/eval_core/AecEvalCore.sv:48839$19370'.
  created $adff cell `$procdff$35576' with positive edge clock and positive level reset.
Creating register for signal `\AecGmemLsu.\captureAddress_1_0' using process `\AecGmemLsu.$proc$rtl/sv/generated/eval_core/AecEvalCore.sv:48832$19368'.
  created $adff cell `$procdff$35579' with positive edge clock and positive level reset.
Creating register for signal `\AecGmemLsu.\captureAddress_0_3' using process `\AecGmemLsu.$proc$rtl/sv/generated/eval_core/AecEvalCore.sv:48825$19366'.
  created $adff cell `$procdff$35582' with positive edge clock and positive level reset.
Creating register for signal `\AecGmemLsu.\captureAddress_0_2' using process `\AecGmemLsu.$proc$rtl/sv/generated/eval_core/AecEvalCore.sv:48818$19364'.
  created $adff cell `$procdff$35585' with positive edge clock and positive level reset.
Creating register for signal `\AecGmemLsu.\captureAddress_0_1' using process `\AecGmemLsu.$proc$rtl/sv/generated/eval_core/AecEvalCore.sv:48811$19362'.
  created $adff cell `$procdff$35588' with positive edge clock and positive level reset.
Creating register for signal `\AecGmemLsu.\captureAddress_0_0' using process `\AecGmemLsu.$proc$rtl/sv/generated/eval_core/AecEvalCore.sv:48804$19360'.
  created $adff cell `$procdff$35591' with positive edge clock and positive level reset.
Creating register for signal `\AecGmemLsu.\state' using process `\AecGmemLsu.$proc$rtl/sv/generated/eval_core/AecEvalCore.sv:48785$19356'.
  created $adff cell `$procdff$35594' with positive edge clock and positive level reset.
Creating register for signal `\AecGmemLsu.\held_space' using process `\AecGmemLsu.$proc$rtl/sv/generated/eval_core/AecEvalCore.sv:47200$19317'.
  created $dff cell `$procdff$35595' with positive edge clock.
Creating register for signal `\AecGmemLsu.\held_load' using process `\AecGmemLsu.$proc$rtl/sv/generated/eval_core/AecEvalCore.sv:47200$19317'.
  created $dff cell `$procdff$35596' with positive edge clock.
Creating register for signal `\AecGmemLsu.\held_width64' using process `\AecGmemLsu.$proc$rtl/sv/generated/eval_core/AecEvalCore.sv:47200$19317'.
  created $dff cell `$procdff$35597' with positive edge clock.
Creating register for signal `\AecGmemLsu.\held_atomic' using process `\AecGmemLsu.$proc$rtl/sv/generated/eval_core/AecEvalCore.sv:47200$19317'.
  created $dff cell `$procdff$35598' with positive edge clock.
Creating register for signal `\AecGmemLsu.\held_atomicOp' using process `\AecGmemLsu.$proc$rtl/sv/generated/eval_core/AecEvalCore.sv:47200$19317'.
  created $dff cell `$procdff$35599' with positive edge clock.
Creating register for signal `\AecGmemLsu.\held_signed' using process `\AecGmemLsu.$proc$rtl/sv/generated/eval_core/AecEvalCore.sv:47200$19317'.
  created $dff cell `$procdff$35600' with positive edge clock.
Creating register for signal `\AecGmemLsu.\inputShadow_space' using process `\AecGmemLsu.$proc$rtl/sv/generated/eval_core/AecEvalCore.sv:47200$19317'.
  created $dff cell `$procdff$35601' with positive edge clock.
Creating register for signal `\AecGmemLsu.\inputShadow_ctaThreadBase' using process `\AecGmemLsu.$proc$rtl/sv/generated/eval_core/AecEvalCore.sv:47200$19317'.
  created $dff cell `$procdff$35602' with positive edge clock.
Creating register for signal `\AecGmemLsu.\inputShadow_warp' using process `\AecGmemLsu.$proc$rtl/sv/generated/eval_core/AecEvalCore.sv:47200$19317'.
  created $dff cell `$procdff$35603' with positive edge clock.
Creating register for signal `\AecGmemLsu.\inputShadow_load' using process `\AecGmemLsu.$proc$rtl/sv/generated/eval_core/AecEvalCore.sv:47200$19317'.
  created $dff cell `$procdff$35604' with positive edge clock.
Creating register for signal `\AecGmemLsu.\inputShadow_width64' using process `\AecGmemLsu.$proc$rtl/sv/generated/eval_core/AecEvalCore.sv:47200$19317'.
  created $dff cell `$procdff$35605' with positive edge clock.
Creating register for signal `\AecGmemLsu.\inputShadow_mask' using process `\AecGmemLsu.$proc$rtl/sv/generated/eval_core/AecEvalCore.sv:47200$19317'.
  created $dff cell `$procdff$35606' with positive edge clock.
Creating register for signal `\AecGmemLsu.\inputShadow_address_0' using process `\AecGmemLsu.$proc$rtl/sv/generated/eval_core/AecEvalCore.sv:47200$19317'.
  created $dff cell `$procdff$35607' with positive edge clock.
Creating register for signal `\AecGmemLsu.\inputShadow_address_1' using process `\AecGmemLsu.$proc$rtl/sv/generated/eval_core/AecEvalCore.sv:47200$19317'.
  created $dff cell `$procdff$35608' with positive edge clock.
Creating register for signal `\AecGmemLsu.\inputShadow_address_2' using process `\AecGmemLsu.$proc$rtl/sv/generated/eval_core/AecEvalCore.sv:47200$19317'.
  created $dff cell `$procdff$35609' with positive edge clock.
Creating register for signal `\AecGmemLsu.\inputShadow_address_3' using process `\AecGmemLsu.$proc$rtl/sv/generated/eval_core/AecEvalCore.sv:47200$19317'.
  created $dff cell `$procdff$35610' with positive edge clock.
Creating register for signal `\AecGmemLsu.\inputShadow_address_4' using process `\AecGmemLsu.$proc$rtl/sv/generated/eval_core/AecEvalCore.sv:47200$19317'.
  created $dff cell `$procdff$35611' with positive edge clock.
Creating register for signal `\AecGmemLsu.\inputShadow_address_5' using process `\AecGmemLsu.$proc$rtl/sv/generated/eval_core/AecEvalCore.sv:47200$19317'.
  created $dff cell `$procdff$35612' with positive edge clock.
Creating register for signal `\AecGmemLsu.\inputShadow_address_6' using process `\AecGmemLsu.$proc$rtl/sv/generated/eval_core/AecEvalCore.sv:47200$19317'.
  created $dff cell `$procdff$35613' with positive edge clock.
Creating register for signal `\AecGmemLsu.\inputShadow_address_7' using process `\AecGmemLsu.$proc$rtl/sv/generated/eval_core/AecEvalCore.sv:47200$19317'.
  created $dff cell `$procdff$35614' with positive edge clock.
Creating register for signal `\AecGmemLsu.\inputShadow_address_8' using process `\AecGmemLsu.$proc$rtl/sv/generated/eval_core/AecEvalCore.sv:47200$19317'.
  created $dff cell `$procdff$35615' with positive edge clock.
Creating register for signal `\AecGmemLsu.\inputShadow_address_9' using process `\AecGmemLsu.$proc$rtl/sv/generated/eval_core/AecEvalCore.sv:47200$19317'.
  created $dff cell `$procdff$35616' with positive edge clock.
Creating register for signal `\AecGmemLsu.\inputShadow_address_10' using process `\AecGmemLsu.$proc$rtl/sv/generated/eval_core/AecEvalCore.sv:47200$19317'.
  created $dff cell `$procdff$35617' with positive edge clock.
Creating register for signal `\AecGmemLsu.\inputShadow_address_11' using process `\AecGmemLsu.$proc$rtl/sv/generated/eval_core/AecEvalCore.sv:47200$19317'.
  created $dff cell `$procdff$35618' with positive edge clock.
Creating register for signal `\AecGmemLsu.\inputShadow_address_12' using process `\AecGmemLsu.$proc$rtl/sv/generated/eval_core/AecEvalCore.sv:47200$19317'.
  created $dff cell `$procdff$35619' with positive edge clock.
Creating register for signal `\AecGmemLsu.\inputShadow_address_13' using process `\AecGmemLsu.$proc$rtl/sv/generated/eval_core/AecEvalCore.sv:47200$19317'.
  created $dff cell `$procdff$35620' with positive edge clock.
Creating register for signal `\AecGmemLsu.\inputShadow_address_14' using process `\AecGmemLsu.$proc$rtl/sv/generated/eval_core/AecEvalCore.sv:47200$19317'.
  created $dff cell `$procdff$35621' with positive edge clock.
Creating register for signal `\AecGmemLsu.\inputShadow_address_15' using process `\AecGmemLsu.$proc$rtl/sv/generated/eval_core/AecEvalCore.sv:47200$19317'.
  created $dff cell `$procdff$35622' with positive edge clock.
Creating register for signal `\AecGmemLsu.\inputShadow_address_16' using process `\AecGmemLsu.$proc$rtl/sv/generated/eval_core/AecEvalCore.sv:47200$19317'.
  created $dff cell `$procdff$35623' with positive edge clock.
Creating register for signal `\AecGmemLsu.\inputShadow_address_17' using process `\AecGmemLsu.$proc$rtl/sv/generated/eval_core/AecEvalCore.sv:47200$19317'.
  created $dff cell `$procdff$35624' with positive edge clock.
Creating register for signal `\AecGmemLsu.\inputShadow_address_18' using process `\AecGmemLsu.$proc$rtl/sv/generated/eval_core/AecEvalCore.sv:47200$19317'.
  created $dff cell `$procdff$35625' with positive edge clock.
Creating register for signal `\AecGmemLsu.\inputShadow_address_19' using process `\AecGmemLsu.$proc$rtl/sv/generated/eval_core/AecEvalCore.sv:47200$19317'.
  created $dff cell `$procdff$35626' with positive edge clock.
Creating register for signal `\AecGmemLsu.\inputShadow_address_20' using process `\AecGmemLsu.$proc$rtl/sv/generated/eval_core/AecEvalCore.sv:47200$19317'.
  created $dff cell `$procdff$35627' with positive edge clock.
Creating register for signal `\AecGmemLsu.\inputShadow_address_21' using process `\AecGmemLsu.$proc$rtl/sv/generated/eval_core/AecEvalCore.sv:47200$19317'.
  created $dff cell `$procdff$35628' with positive edge clock.
Creating register for signal `\AecGmemLsu.\inputShadow_address_22' using process `\AecGmemLsu.$proc$rtl/sv/generated/eval_core/AecEvalCore.sv:47200$19317'.
  created $dff cell `$procdff$35629' with positive edge clock.
Creating register for signal `\AecGmemLsu.\inputShadow_address_23' using process `\AecGmemLsu.$proc$rtl/sv/generated/eval_core/AecEvalCore.sv:47200$19317'.
  created $dff cell `$procdff$35630' with positive edge clock.
Creating register for signal `\AecGmemLsu.\inputShadow_address_24' using process `\AecGmemLsu.$proc$rtl/sv/generated/eval_core/AecEvalCore.sv:47200$19317'.
  created $dff cell `$procdff$35631' with positive edge clock.
Creating register for signal `\AecGmemLsu.\inputShadow_address_25' using process `\AecGmemLsu.$proc$rtl/sv/generated/eval_core/AecEvalCore.sv:47200$19317'.
  created $dff cell `$procdff$35632' with positive edge clock.
Creating register for signal `\AecGmemLsu.\inputShadow_address_26' using process `\AecGmemLsu.$proc$rtl/sv/generated/eval_core/AecEvalCore.sv:47200$19317'.
  created $dff cell `$procdff$35633' with positive edge clock.
Creating register for signal `\AecGmemLsu.\inputShadow_address_27' using process `\AecGmemLsu.$proc$rtl/sv/generated/eval_core/AecEvalCore.sv:47200$19317'.
  created $dff cell `$procdff$35634' with positive edge clock.
Creating register for signal `\AecGmemLsu.\inputShadow_address_28' using process `\AecGmemLsu.$proc$rtl/sv/generated/eval_core/AecEvalCore.sv:47200$19317'.
  created $dff cell `$procdff$35635' with positive edge clock.
Creating register for signal `\AecGmemLsu.\inputShadow_address_29' using process `\AecGmemLsu.$proc$rtl/sv/generated/eval_core/AecEvalCore.sv:47200$19317'.
  created $dff cell `$procdff$35636' with positive edge clock.
Creating register for signal `\AecGmemLsu.\inputShadow_address_30' using process `\AecGmemLsu.$proc$rtl/sv/generated/eval_core/AecEvalCore.sv:47200$19317'.
  created $dff cell `$procdff$35637' with positive edge clock.
Creating register for signal `\AecGmemLsu.\inputShadow_address_31' using process `\AecGmemLsu.$proc$rtl/sv/generated/eval_core/AecEvalCore.sv:47200$19317'.
  created $dff cell `$procdff$35638' with positive edge clock.
Creating register for signal `\AecGmemLsu.\inputShadow_storeData_0' using process `\AecGmemLsu.$proc$rtl/sv/generated/eval_core/AecEvalCore.sv:47200$19317'.
  created $dff cell `$procdff$35639' with positive edge clock.
Creating register for signal `\AecGmemLsu.\inputShadow_storeData_1' using process `\AecGmemLsu.$proc$rtl/sv/generated/eval_core/AecEvalCore.sv:47200$19317'.
  created $dff cell `$procdff$35640' with positive edge clock.
Creating register for signal `\AecGmemLsu.\inputShadow_storeData_2' using process `\AecGmemLsu.$proc$rtl/sv/generated/eval_core/AecEvalCore.sv:47200$19317'.
  created $dff cell `$procdff$35641' with positive edge clock.
Creating register for signal `\AecGmemLsu.\inputShadow_storeData_3' using process `\AecGmemLsu.$proc$rtl/sv/generated/eval_core/AecEvalCore.sv:47200$19317'.
  created $dff cell `$procdff$35642' with positive edge clock.
Creating register for signal `\AecGmemLsu.\inputShadow_storeData_4' using process `\AecGmemLsu.$proc$rtl/sv/generated/eval_core/AecEvalCore.sv:47200$19317'.
  created $dff cell `$procdff$35643' with positive edge clock.
Creating register for signal `\AecGmemLsu.\inputShadow_storeData_5' using process `\AecGmemLsu.$proc$rtl/sv/generated/eval_core/AecEvalCore.sv:47200$19317'.
  created $dff cell `$procdff$35644' with positive edge clock.
Creating register for signal `\AecGmemLsu.\inputShadow_storeData_6' using process `\AecGmemLsu.$proc$rtl/sv/generated/eval_core/AecEvalCore.sv:47200$19317'.
  created $dff cell `$procdff$35645' with positive edge clock.
Creating register for signal `\AecGmemLsu.\inputShadow_storeData_7' using process `\AecGmemLsu.$proc$rtl/sv/generated/eval_core/AecEvalCore.sv:47200$19317'.
  created $dff cell `$procdff$35646' with positive edge clock.
Creating register for signal `\AecGmemLsu.\inputShadow_storeData_8' using process `\AecGmemLsu.$proc$rtl/sv/generated/eval_core/AecEvalCore.sv:47200$19317'.
  created $dff cell `$procdff$35647' with positive edge clock.
Creating register for signal `\AecGmemLsu.\inputShadow_storeData_9' using process `\AecGmemLsu.$proc$rtl/sv/generated/eval_core/AecEvalCore.sv:47200$19317'.
  created $dff cell `$procdff$35648' with positive edge clock.
Creating register for signal `\AecGmemLsu.\inputShadow_storeData_10' using process `\AecGmemLsu.$proc$rtl/sv/generated/eval_core/AecEvalCore.sv:47200$19317'.
  created $dff cell `$procdff$35649' with positive edge clock.
Creating register for signal `\AecGmemLsu.\inputShadow_storeData_11' using process `\AecGmemLsu.$proc$rtl/sv/generated/eval_core/AecEvalCore.sv:47200$19317'.
  created $dff cell `$procdff$35650' with positive edge clock.
Creating register for signal `\AecGmemLsu.\inputShadow_storeData_12' using process `\AecGmemLsu.$proc$rtl/sv/generated/eval_core/AecEvalCore.sv:47200$19317'.
  created $dff cell `$procdff$35651' with positive edge clock.
Creating register for signal `\AecGmemLsu.\inputShadow_storeData_13' using process `\AecGmemLsu.$proc$rtl/sv/generated/eval_core/AecEvalCore.sv:47200$19317'.
  created $dff cell `$procdff$35652' with positive edge clock.
Creating register for signal `\AecGmemLsu.\inputShadow_storeData_14' using process `\AecGmemLsu.$proc$rtl/sv/generated/eval_core/AecEvalCore.sv:47200$19317'.
  created $dff cell `$procdff$35653' with positive edge clock.
Creating register for signal `\AecGmemLsu.\inputShadow_storeData_15' using process `\AecGmemLsu.$proc$rtl/sv/generated/eval_core/AecEvalCore.sv:47200$19317'.
  created $dff cell `$procdff$35654' with positive edge clock.
Creating register for signal `\AecGmemLsu.\inputShadow_storeData_16' using process `\AecGmemLsu.$proc$rtl/sv/generated/eval_core/AecEvalCore.sv:47200$19317'.
  created $dff cell `$procdff$35655' with positive edge clock.
Creating register for signal `\AecGmemLsu.\inputShadow_storeData_17' using process `\AecGmemLsu.$proc$rtl/sv/generated/eval_core/AecEvalCore.sv:47200$19317'.
  created $dff cell `$procdff$35656' with positive edge clock.
Creating register for signal `\AecGmemLsu.\inputShadow_storeData_18' using process `\AecGmemLsu.$proc$rtl/sv/generated/eval_core/AecEvalCore.sv:47200$19317'.
  created $dff cell `$procdff$35657' with positive edge clock.
Creating register for signal `\AecGmemLsu.\inputShadow_storeData_19' using process `\AecGmemLsu.$proc$rtl/sv/generated/eval_core/AecEvalCore.sv:47200$19317'.
  created $dff cell `$procdff$35658' with positive edge clock.
Creating register for signal `\AecGmemLsu.\inputShadow_storeData_20' using process `\AecGmemLsu.$proc$rtl/sv/generated/eval_core/AecEvalCore.sv:47200$19317'.
  created $dff cell `$procdff$35659' with positive edge clock.
Creating register for signal `\AecGmemLsu.\inputShadow_storeData_21' using process `\AecGmemLsu.$proc$rtl/sv/generated/eval_core/AecEvalCore.sv:47200$19317'.
  created $dff cell `$procdff$35660' with positive edge clock.
Creating register for signal `\AecGmemLsu.\inputShadow_storeData_22' using process `\AecGmemLsu.$proc$rtl/sv/generated/eval_core/AecEvalCore.sv:47200$19317'.
  created $dff cell `$procdff$35661' with positive edge clock.
Creating register for signal `\AecGmemLsu.\inputShadow_storeData_23' using process `\AecGmemLsu.$proc$rtl/sv/generated/eval_core/AecEvalCore.sv:47200$19317'.
  created $dff cell `$procdff$35662' with positive edge clock.
Creating register for signal `\AecGmemLsu.\inputShadow_storeData_24' using process `\AecGmemLsu.$proc$rtl/sv/generated/eval_core/AecEvalCore.sv:47200$19317'.
  created $dff cell `$procdff$35663' with positive edge clock.
Creating register for signal `\AecGmemLsu.\inputShadow_storeData_25' using process `\AecGmemLsu.$proc$rtl/sv/generated/eval_core/AecEvalCore.sv:47200$19317'.
  created $dff cell `$procdff$35664' with positive edge clock.
Creating register for signal `\AecGmemLsu.\inputShadow_storeData_26' using process `\AecGmemLsu.$proc$rtl/sv/generated/eval_core/AecEvalCore.sv:47200$19317'.
  created $dff cell `$procdff$35665' with positive edge clock.
Creating register for signal `\AecGmemLsu.\inputShadow_storeData_27' using process `\AecGmemLsu.$proc$rtl/sv/generated/eval_core/AecEvalCore.sv:47200$19317'.
  created $dff cell `$procdff$35666' with positive edge clock.
Creating register for signal `\AecGmemLsu.\inputShadow_storeData_28' using process `\AecGmemLsu.$proc$rtl/sv/generated/eval_core/AecEvalCore.sv:47200$19317'.
  created $dff cell `$procdff$35667' with positive edge clock.
Creating register for signal `\AecGmemLsu.\inputShadow_storeData_29' using process `\AecGmemLsu.$proc$rtl/sv/generated/eval_core/AecEvalCore.sv:47200$19317'.
  created $dff cell `$procdff$35668' with positive edge clock.
Creating register for signal `\AecGmemLsu.\inputShadow_storeData_30' using process `\AecGmemLsu.$proc$rtl/sv/generated/eval_core/AecEvalCore.sv:47200$19317'.
  created $dff cell `$procdff$35669' with positive edge clock.
Creating register for signal `\AecGmemLsu.\inputShadow_storeData_31' using process `\AecGmemLsu.$proc$rtl/sv/generated/eval_core/AecEvalCore.sv:47200$19317'.
  created $dff cell `$procdff$35670' with positive edge clock.
Creating register for signal `\AecGmemLsu.\inputShadow_atomic' using process `\AecGmemLsu.$proc$rtl/sv/generated/eval_core/AecEvalCore.sv:47200$19317'.
  created $dff cell `$procdff$35671' with positive edge clock.
Creating register for signal `\AecGmemLsu.\inputShadow_atomicOp' using process `\AecGmemLsu.$proc$rtl/sv/generated/eval_core/AecEvalCore.sv:47200$19317'.
  created $dff cell `$procdff$35672' with positive edge clock.
Creating register for signal `\AecGmemLsu.\inputShadow_signed' using process `\AecGmemLsu.$proc$rtl/sv/generated/eval_core/AecEvalCore.sv:47200$19317'.
  created $dff cell `$procdff$35673' with positive edge clock.
Creating register for signal `\AecGmemLsu.\inputShadow_compareData_0' using process `\AecGmemLsu.$proc$rtl/sv/generated/eval_core/AecEvalCore.sv:47200$19317'.
  created $dff cell `$procdff$35674' with positive edge clock.
Creating register for signal `\AecGmemLsu.\inputShadow_compareData_1' using process `\AecGmemLsu.$proc$rtl/sv/generated/eval_core/AecEvalCore.sv:47200$19317'.
  created $dff cell `$procdff$35675' with positive edge clock.
Creating register for signal `\AecGmemLsu.\inputShadow_compareData_2' using process `\AecGmemLsu.$proc$rtl/sv/generated/eval_core/AecEvalCore.sv:47200$19317'.
  created $dff cell `$procdff$35676' with positive edge clock.
Creating register for signal `\AecGmemLsu.\inputShadow_compareData_3' using process `\AecGmemLsu.$proc$rtl/sv/generated/eval_core/AecEvalCore.sv:47200$19317'.
  created $dff cell `$procdff$35677' with positive edge clock.
Creating register for signal `\AecGmemLsu.\inputShadow_compareData_4' using process `\AecGmemLsu.$proc$rtl/sv/generated/eval_core/AecEvalCore.sv:47200$19317'.
  created $dff cell `$procdff$35678' with positive edge clock.
Creating register for signal `\AecGmemLsu.\inputShadow_compareData_5' using process `\AecGmemLsu.$proc$rtl/sv/generated/eval_core/AecEvalCore.sv:47200$19317'.
  created $dff cell `$procdff$35679' with positive edge clock.
Creating register for signal `\AecGmemLsu.\inputShadow_compareData_6' using process `\AecGmemLsu.$proc$rtl/sv/generated/eval_core/AecEvalCore.sv:47200$19317'.
  created $dff cell `$procdff$35680' with positive edge clock.
Creating register for signal `\AecGmemLsu.\inputShadow_compareData_7' using process `\AecGmemLsu.$proc$rtl/sv/generated/eval_core/AecEvalCore.sv:47200$19317'.
  created $dff cell `$procdff$35681' with positive edge clock.
Creating register for signal `\AecGmemLsu.\inputShadow_compareData_8' using process `\AecGmemLsu.$proc$rtl/sv/generated/eval_core/AecEvalCore.sv:47200$19317'.
  created $dff cell `$procdff$35682' with positive edge clock.
Creating register for signal `\AecGmemLsu.\inputShadow_compareData_9' using process `\AecGmemLsu.$proc$rtl/sv/generated/eval_core/AecEvalCore.sv:47200$19317'.
  created $dff cell `$procdff$35683' with positive edge clock.
Creating register for signal `\AecGmemLsu.\inputShadow_compareData_10' using process `\AecGmemLsu.$proc$rtl/sv/generated/eval_core/AecEvalCore.sv:47200$19317'.
  created $dff cell `$procdff$35684' with positive edge clock.
Creating register for signal `\AecGmemLsu.\inputShadow_compareData_11' using process `\AecGmemLsu.$proc$rtl/sv/generated/eval_core/AecEvalCore.sv:47200$19317'.
  created $dff cell `$procdff$35685' with positive edge clock.
Creating register for signal `\AecGmemLsu.\inputShadow_compareData_12' using process `\AecGmemLsu.$proc$rtl/sv/generated/eval_core/AecEvalCore.sv:47200$19317'.
  created $dff cell `$procdff$35686' with positive edge clock.
Creating register for signal `\AecGmemLsu.\inputShadow_compareData_13' using process `\AecGmemLsu.$proc$rtl/sv/generated/eval_core/AecEvalCore.sv:47200$19317'.
  created $dff cell `$procdff$35687' with positive edge clock.
Creating register for signal `\AecGmemLsu.\inputShadow_compareData_14' using process `\AecGmemLsu.$proc$rtl/sv/generated/eval_core/AecEvalCore.sv:47200$19317'.
  created $dff cell `$procdff$35688' with positive edge clock.
Creating register for signal `\AecGmemLsu.\inputShadow_compareData_15' using process `\AecGmemLsu.$proc$rtl/sv/generated/eval_core/AecEvalCore.sv:47200$19317'.
  created $dff cell `$procdff$35689' with positive edge clock.
Creating register for signal `\AecGmemLsu.\inputShadow_compareData_16' using process `\AecGmemLsu.$proc$rtl/sv/generated/eval_core/AecEvalCore.sv:47200$19317'.
  created $dff cell `$procdff$35690' with positive edge clock.
Creating register for signal `\AecGmemLsu.\inputShadow_compareData_17' using process `\AecGmemLsu.$proc$rtl/sv/generated/eval_core/AecEvalCore.sv:47200$19317'.
  created $dff cell `$procdff$35691' with positive edge clock.
Creating register for signal `\AecGmemLsu.\inputShadow_compareData_18' using process `\AecGmemLsu.$proc$rtl/sv/generated/eval_core/AecEvalCore.sv:47200$19317'.
  created $dff cell `$procdff$35692' with positive edge clock.
Creating register for signal `\AecGmemLsu.\inputShadow_compareData_19' using process `\AecGmemLsu.$proc$rtl/sv/generated/eval_core/AecEvalCore.sv:47200$19317'.
  created $dff cell `$procdff$35693' with positive edge clock.
Creating register for signal `\AecGmemLsu.\inputShadow_compareData_20' using process `\AecGmemLsu.$proc$rtl/sv/generated/eval_core/AecEvalCore.sv:47200$19317'.
  created $dff cell `$procdff$35694' with positive edge clock.
Creating register for signal `\AecGmemLsu.\inputShadow_compareData_21' using process `\AecGmemLsu.$proc$rtl/sv/generated/eval_core/AecEvalCore.sv:47200$19317'.
  created $dff cell `$procdff$35695' with positive edge clock.
Creating register for signal `\AecGmemLsu.\inputShadow_compareData_22' using process `\AecGmemLsu.$proc$rtl/sv/generated/eval_core/AecEvalCore.sv:47200$19317'.
  created $dff cell `$procdff$35696' with positive edge clock.
Creating register for signal `\AecGmemLsu.\inputShadow_compareData_23' using process `\AecGmemLsu.$proc$rtl/sv/generated/eval_core/AecEvalCore.sv:47200$19317'.
  created $dff cell `$procdff$35697' with positive edge clock.
Creating register for signal `\AecGmemLsu.\inputShadow_compareData_24' using process `\AecGmemLsu.$proc$rtl/sv/generated/eval_core/AecEvalCore.sv:47200$19317'.
  created $dff cell `$procdff$35698' with positive edge clock.
Creating register for signal `\AecGmemLsu.\inputShadow_compareData_25' using process `\AecGmemLsu.$proc$rtl/sv/generated/eval_core/AecEvalCore.sv:47200$19317'.
  created $dff cell `$procdff$35699' with positive edge clock.
Creating register for signal `\AecGmemLsu.\inputShadow_compareData_26' using process `\AecGmemLsu.$proc$rtl/sv/generated/eval_core/AecEvalCore.sv:47200$19317'.
  created $dff cell `$procdff$35700' with positive edge clock.
Creating register for signal `\AecGmemLsu.\inputShadow_compareData_27' using process `\AecGmemLsu.$proc$rtl/sv/generated/eval_core/AecEvalCore.sv:47200$19317'.
  created $dff cell `$procdff$35701' with positive edge clock.
Creating register for signal `\AecGmemLsu.\inputShadow_compareData_28' using process `\AecGmemLsu.$proc$rtl/sv/generated/eval_core/AecEvalCore.sv:47200$19317'.
  created $dff cell `$procdff$35702' with positive edge clock.
Creating register for signal `\AecGmemLsu.\inputShadow_compareData_29' using process `\AecGmemLsu.$proc$rtl/sv/generated/eval_core/AecEvalCore.sv:47200$19317'.
  created $dff cell `$procdff$35703' with positive edge clock.
Creating register for signal `\AecGmemLsu.\inputShadow_compareData_30' using process `\AecGmemLsu.$proc$rtl/sv/generated/eval_core/AecEvalCore.sv:47200$19317'.
  created $dff cell `$procdff$35704' with positive edge clock.
Creating register for signal `\AecGmemLsu.\inputShadow_compareData_31' using process `\AecGmemLsu.$proc$rtl/sv/generated/eval_core/AecEvalCore.sv:47200$19317'.
  created $dff cell `$procdff$35705' with positive edge clock.
Creating register for signal `\AecGmemLsu.\heldAddressBytes_0_0' using process `\AecGmemLsu.$proc$rtl/sv/generated/eval_core/AecEvalCore.sv:47200$19317'.
  created $dff cell `$procdff$35706' with positive edge clock.
Creating register for signal `\AecGmemLsu.\heldAddressBytes_0_1' using process `\AecGmemLsu.$proc$rtl/sv/generated/eval_core/AecEvalCore.sv:47200$19317'.
  created $dff cell `$procdff$35707' with positive edge clock.
Creating register for signal `\AecGmemLsu.\heldAddressBytes_0_2' using process `\AecGmemLsu.$proc$rtl/sv/generated/eval_core/AecEvalCore.sv:47200$19317'.
  created $dff cell `$procdff$35708' with positive edge clock.
Creating register for signal `\AecGmemLsu.\heldAddressBytes_0_3' using process `\AecGmemLsu.$proc$rtl/sv/generated/eval_core/AecEvalCore.sv:47200$19317'.
  created $dff cell `$procdff$35709' with positive edge clock.
Creating register for signal `\AecGmemLsu.\heldAddressBytes_1_0' using process `\AecGmemLsu.$proc$rtl/sv/generated/eval_core/AecEvalCore.sv:47200$19317'.
  created $dff cell `$procdff$35710' with positive edge clock.
Creating register for signal `\AecGmemLsu.\heldAddressBytes_1_1' using process `\AecGmemLsu.$proc$rtl/sv/generated/eval_core/AecEvalCore.sv:47200$19317'.
  created $dff cell `$procdff$35711' with positive edge clock.
Creating register for signal `\AecGmemLsu.\heldAddressBytes_1_2' using process `\AecGmemLsu.$proc$rtl/sv/generated/eval_core/AecEvalCore.sv:47200$19317'.
  created $dff cell `$procdff$35712' with positive edge clock.
Creating register for signal `\AecGmemLsu.\heldAddressBytes_1_3' using process `\AecGmemLsu.$proc$rtl/sv/generated/eval_core/AecEvalCore.sv:47200$19317'.
  created $dff cell `$procdff$35713' with positive edge clock.
Creating register for signal `\AecGmemLsu.\heldAddressBytes_2_0' using process `\AecGmemLsu.$proc$rtl/sv/generated/eval_core/AecEvalCore.sv:47200$19317'.
  created $dff cell `$procdff$35714' with positive edge clock.
Creating register for signal `\AecGmemLsu.\heldAddressBytes_2_1' using process `\AecGmemLsu.$proc$rtl/sv/generated/eval_core/AecEvalCore.sv:47200$19317'.
  created $dff cell `$procdff$35715' with positive edge clock.
Creating register for signal `\AecGmemLsu.\heldAddressBytes_2_2' using process `\AecGmemLsu.$proc$rtl/sv/generated/eval_core/AecEvalCore.sv:47200$19317'.
  created $dff cell `$procdff$35716' with positive edge clock.
Creating register for signal `\AecGmemLsu.\heldAddressBytes_2_3' using process `\AecGmemLsu.$proc$rtl/sv/generated/eval_core/AecEvalCore.sv:47200$19317'.
  created $dff cell `$procdff$35717' with positive edge clock.
Creating register for signal `\AecGmemLsu.\heldAddressBytes_3_0' using process `\AecGmemLsu.$proc$rtl/sv/generated/eval_core/AecEvalCore.sv:47200$19317'.
  created $dff cell `$procdff$35718' with positive edge clock.
Creating register for signal `\AecGmemLsu.\heldAddressBytes_3_1' using process `\AecGmemLsu.$proc$rtl/sv/generated/eval_core/AecEvalCore.sv:47200$19317'.
  created $dff cell `$procdff$35719' with positive edge clock.
Creating register for signal `\AecGmemLsu.\heldAddressBytes_3_2' using process `\AecGmemLsu.$proc$rtl/sv/generated/eval_core/AecEvalCore.sv:47200$19317'.
  created $dff cell `$procdff$35720' with positive edge clock.
Creating register for signal `\AecGmemLsu.\heldAddressBytes_3_3' using process `\AecGmemLsu.$proc$rtl/sv/generated/eval_core/AecEvalCore.sv:47200$19317'.
  created $dff cell `$procdff$35721' with positive edge clock.
Creating register for signal `\AecGmemLsu.\heldAddressBytes_4_0' using process `\AecGmemLsu.$proc$rtl/sv/generated/eval_core/AecEvalCore.sv:47200$19317'.
  created $dff cell `$procdff$35722' with positive edge clock.
Creating register for signal `\AecGmemLsu.\heldAddressBytes_4_1' using process `\AecGmemLsu.$proc$rtl/sv/generated/eval_core/AecEvalCore.sv:47200$19317'.
  created $dff cell `$procdff$35723' with positive edge clock.
Creating register for signal `\AecGmemLsu.\heldAddressBytes_4_2' using process `\AecGmemLsu.$proc$rtl/sv/generated/eval_core/AecEvalCore.sv:47200$19317'.
  created $dff cell `$procdff$35724' with positive edge clock.
Creating register for signal `\AecGmemLsu.\heldAddressBytes_4_3' using process `\AecGmemLsu.$proc$rtl/sv/generated/eval_core/AecEvalCore.sv:47200$19317'.
  created $dff cell `$procdff$35725' with positive edge clock.
Creating register for signal `\AecGmemLsu.\heldAddressBytes_5_0' using process `\AecGmemLsu.$proc$rtl/sv/generated/eval_core/AecEvalCore.sv:47200$19317'.
  created $dff cell `$procdff$35726' with positive edge clock.
Creating register for signal `\AecGmemLsu.\heldAddressBytes_5_1' using process `\AecGmemLsu.$proc$rtl/sv/generated/eval_core/AecEvalCore.sv:47200$19317'.
  created $dff cell `$procdff$35727' with positive edge clock.
Creating register for signal `\AecGmemLsu.\heldAddressBytes_5_2' using process `\AecGmemLsu.$proc$rtl/sv/generated/eval_core/AecEvalCore.sv:47200$19317'.
  created $dff cell `$procdff$35728' with positive edge clock.
Creating register for signal `\AecGmemLsu.\heldAddressBytes_5_3' using process `\AecGmemLsu.$proc$rtl/sv/generated/eval_core/AecEvalCore.sv:47200$19317'.
  created $dff cell `$procdff$35729' with positive edge clock.
Creating register for signal `\AecGmemLsu.\heldAddressBytes_6_0' using process `\AecGmemLsu.$proc$rtl/sv/generated/eval_core/AecEvalCore.sv:47200$19317'.
  created $dff cell `$procdff$35730' with positive edge clock.
Creating register for signal `\AecGmemLsu.\heldAddressBytes_6_1' using process `\AecGmemLsu.$proc$rtl/sv/generated/eval_core/AecEvalCore.sv:47200$19317'.
  created $dff cell `$procdff$35731' with positive edge clock.
Creating register for signal `\AecGmemLsu.\heldAddressBytes_6_2' using process `\AecGmemLsu.$proc$rtl/sv/generated/eval_core/AecEvalCore.sv:47200$19317'.
  created $dff cell `$procdff$35732' with positive edge clock.
Creating register for signal `\AecGmemLsu.\heldAddressBytes_6_3' using process `\AecGmemLsu.$proc$rtl/sv/generated/eval_core/AecEvalCore.sv:47200$19317'.
  created $dff cell `$procdff$35733' with positive edge clock.
Creating register for signal `\AecGmemLsu.\heldAddressBytes_7_0' using process `\AecGmemLsu.$proc$rtl/sv/generated/eval_core/AecEvalCore.sv:47200$19317'.
  created $dff cell `$procdff$35734' with positive edge clock.
Creating register for signal `\AecGmemLsu.\heldAddressBytes_7_1' using process `\AecGmemLsu.$proc$rtl/sv/generated/eval_core/AecEvalCore.sv:47200$19317'.
  created $dff cell `$procdff$35735' with positive edge clock.
Creating register for signal `\AecGmemLsu.\heldAddressBytes_7_2' using process `\AecGmemLsu.$proc$rtl/sv/generated/eval_core/AecEvalCore.sv:47200$19317'.
  created $dff cell `$procdff$35736' with positive edge clock.
Creating register for signal `\AecGmemLsu.\heldAddressBytes_7_3' using process `\AecGmemLsu.$proc$rtl/sv/generated/eval_core/AecEvalCore.sv:47200$19317'.
  created $dff cell `$procdff$35737' with positive edge clock.
Creating register for signal `\AecGmemLsu.\heldAddressBytes_8_0' using process `\AecGmemLsu.$proc$rtl/sv/generated/eval_core/AecEvalCore.sv:47200$19317'.
  created $dff cell `$procdff$35738' with positive edge clock.
Creating register for signal `\AecGmemLsu.\heldAddressBytes_8_1' using process `\AecGmemLsu.$proc$rtl/sv/generated/eval_core/AecEvalCore.sv:47200$19317'.
  created $dff cell `$procdff$35739' with positive edge clock.
Creating register for signal `\AecGmemLsu.\heldAddressBytes_8_2' using process `\AecGmemLsu.$proc$rtl/sv/generated/eval_core/AecEvalCore.sv:47200$19317'.
  created $dff cell `$procdff$35740' with positive edge clock.
Creating register for signal `\AecGmemLsu.\heldAddressBytes_8_3' using process `\AecGmemLsu.$proc$rtl/sv/generated/eval_core/AecEvalCore.sv:47200$19317'.
  created $dff cell `$procdff$35741' with positive edge clock.
Creating register for signal `\AecGmemLsu.\heldAddressBytes_9_0' using process `\AecGmemLsu.$proc$rtl/sv/generated/eval_core/AecEvalCore.sv:47200$19317'.
  created $dff cell `$procdff$35742' with positive edge clock.
Creating register for signal `\AecGmemLsu.\heldAddressBytes_9_1' using process `\AecGmemLsu.$proc$rtl/sv/generated/eval_core/AecEvalCore.sv:47200$19317'.
  created $dff cell `$procdff$35743' with positive edge clock.
Creating register for signal `\AecGmemLsu.\heldAddressBytes_9_2' using process `\AecGmemLsu.$proc$rtl/sv/generated/eval_core/AecEvalCore.sv:47200$19317'.
  created $dff cell `$procdff$35744' with positive edge clock.
Creating register for signal `\AecGmemLsu.\heldAddressBytes_9_3' using process `\AecGmemLsu.$proc$rtl/sv/generated/eval_core/AecEvalCore.sv:47200$19317'.
  created $dff cell `$procdff$35745' with positive edge clock.
Creating register for signal `\AecGmemLsu.\heldAddressBytes_10_0' using process `\AecGmemLsu.$proc$rtl/sv/generated/eval_core/AecEvalCore.sv:47200$19317'.
  created $dff cell `$procdff$35746' with positive edge clock.
Creating register for signal `\AecGmemLsu.\heldAddressBytes_10_1' using process `\AecGmemLsu.$proc$rtl/sv/generated/eval_core/AecEvalCore.sv:47200$19317'.
  created $dff cell `$procdff$35747' with positive edge clock.
Creating register for signal `\AecGmemLsu.\heldAddressBytes_10_2' using process `\AecGmemLsu.$proc$rtl/sv/generated/eval_core/AecEvalCore.sv:47200$19317'.
  created $dff cell `$procdff$35748' with positive edge clock.
Creating register for signal `\AecGmemLsu.\heldAddressBytes_10_3' using process `\AecGmemLsu.$proc$rtl/sv/generated/eval_core/AecEvalCore.sv:47200$19317'.
  created $dff cell `$procdff$35749' with positive edge clock.
Creating register for signal `\AecGmemLsu.\heldAddressBytes_11_0' using process `\AecGmemLsu.$proc$rtl/sv/generated/eval_core/AecEvalCore.sv:47200$19317'.
  created $dff cell `$procdff$35750' with positive edge clock.
Creating register for signal `\AecGmemLsu.\heldAddressBytes_11_1' using process `\AecGmemLsu.$proc$rtl/sv/generated/eval_core/AecEvalCore.sv:47200$19317'.
  created $dff cell `$procdff$35751' with positive edge clock.
Creating register for signal `\AecGmemLsu.\heldAddressBytes_11_2' using process `\AecGmemLsu.$proc$rtl/sv/generated/eval_core/AecEvalCore.sv:47200$19317'.
  created $dff cell `$procdff$35752' with positive edge clock.
Creating register for signal `\AecGmemLsu.\heldAddressBytes_11_3' using process `\AecGmemLsu.$proc$rtl/sv/generated/eval_core/AecEvalCore.sv:47200$19317'.
  created $dff cell `$procdff$35753' with positive edge clock.
Creating register for signal `\AecGmemLsu.\heldAddressBytes_12_0' using process `\AecGmemLsu.$proc$rtl/sv/generated/eval_core/AecEvalCore.sv:47200$19317'.
  created $dff cell `$procdff$35754' with positive edge clock.
Creating register for signal `\AecGmemLsu.\heldAddressBytes_12_1' using process `\AecGmemLsu.$proc$rtl/sv/generated/eval_core/AecEvalCore.sv:47200$19317'.
  created $dff cell `$procdff$35755' with positive edge clock.
Creating register for signal `\AecGmemLsu.\heldAddressBytes_12_2' using process `\AecGmemLsu.$proc$rtl/sv/generated/eval_core/AecEvalCore.sv:47200$19317'.
  created $dff cell `$procdff$35756' with positive edge clock.
Creating register for signal `\AecGmemLsu.\heldAddressBytes_12_3' using process `\AecGmemLsu.$proc$rtl/sv/generated/eval_core/AecEvalCore.sv:47200$19317'.
  created $dff cell `$procdff$35757' with positive edge clock.
Creating register for signal `\AecGmemLsu.\heldAddressBytes_13_0' using process `\AecGmemLsu.$proc$rtl/sv/generated/eval_core/AecEvalCore.sv:47200$19317'.
  created $dff cell `$procdff$35758' with positive edge clock.
Creating register for signal `\AecGmemLsu.\heldAddressBytes_13_1' using process `\AecGmemLsu.$proc$rtl/sv/generated/eval_core/AecEvalCore.sv:47200$19317'.
  created $dff cell `$procdff$35759' with positive edge clock.
Creating register for signal `\AecGmemLsu.\heldAddressBytes_13_2' using process `\AecGmemLsu.$proc$rtl/sv/generated/eval_core/AecEvalCore.sv:47200$19317'.
  created $dff cell `$procdff$35760' with positive edge clock.
Creating register for signal `\AecGmemLsu.\heldAddressBytes_13_3' using process `\AecGmemLsu.$proc$rtl/sv/generated/eval_core/AecEvalCore.sv:47200$19317'.
  created $dff cell `$procdff$35761' with positive edge clock.
Creating register for signal `\AecGmemLsu.\heldAddressBytes_14_0' using process `\AecGmemLsu.$proc$rtl/sv/generated/eval_core/AecEvalCore.sv:47200$19317'.
  created $dff cell `$procdff$35762' with positive edge clock.
Creating register for signal `\AecGmemLsu.\heldAddressBytes_14_1' using process `\AecGmemLsu.$proc$rtl/sv/generated/eval_core/AecEvalCore.sv:47200$19317'.
  created $dff cell `$procdff$35763' with positive edge clock.
Creating register for signal `\AecGmemLsu.\heldAddressBytes_14_2' using process `\AecGmemLsu.$proc$rtl/sv/generated/eval_core/AecEvalCore.sv:47200$19317'.
  created $dff cell `$procdff$35764' with positive edge clock.
Creating register for signal `\AecGmemLsu.\heldAddressBytes_14_3' using process `\AecGmemLsu.$proc$rtl/sv/generated/eval_core/AecEvalCore.sv:47200$19317'.
  created $dff cell `$procdff$35765' with positive edge clock.
Creating register for signal `\AecGmemLsu.\heldAddressBytes_15_0' using process `\AecGmemLsu.$proc$rtl/sv/generated/eval_core/AecEvalCore.sv:47200$19317'.
  created $dff cell `$procdff$35766' with positive edge clock.
Creating register for signal `\AecGmemLsu.\heldAddressBytes_15_1' using process `\AecGmemLsu.$proc$rtl/sv/generated/eval_core/AecEvalCore.sv:47200$19317'.
  created $dff cell `$procdff$35767' with positive edge clock.
Creating register for signal `\AecGmemLsu.\heldAddressBytes_15_2' using process `\AecGmemLsu.$proc$rtl/sv/generated/eval_core/AecEvalCore.sv:47200$19317'.
  created $dff cell `$procdff$35768' with positive edge clock.
Creating register for signal `\AecGmemLsu.\heldAddressBytes_15_3' using process `\AecGmemLsu.$proc$rtl/sv/generated/eval_core/AecEvalCore.sv:47200$19317'.
  created $dff cell `$procdff$35769' with positive edge clock.
Creating register for signal `\AecGmemLsu.\heldAddressBytes_16_0' using process `\AecGmemLsu.$proc$rtl/sv/generated/eval_core/AecEvalCore.sv:47200$19317'.
  created $dff cell `$procdff$35770' with positive edge clock.
Creating register for signal `\AecGmemLsu.\heldAddressBytes_16_1' using process `\AecGmemLsu.$proc$rtl/sv/generated/eval_core/AecEvalCore.sv:47200$19317'.
  created $dff cell `$procdff$35771' with positive edge clock.
Creating register for signal `\AecGmemLsu.\heldAddressBytes_16_2' using process `\AecGmemLsu.$proc$rtl/sv/generated/eval_core/AecEvalCore.sv:47200$19317'.
  created $dff cell `$procdff$35772' with positive edge clock.
Creating register for signal `\AecGmemLsu.\heldAddressBytes_16_3' using process `\AecGmemLsu.$proc$rtl/sv/generated/eval_core/AecEvalCore.sv:47200$19317'.
  created $dff cell `$procdff$35773' with positive edge clock.
Creating register for signal `\AecGmemLsu.\heldAddressBytes_17_0' using process `\AecGmemLsu.$proc$rtl/sv/generated/eval_core/AecEvalCore.sv:47200$19317'.
  created $dff cell `$procdff$35774' with positive edge clock.
Creating register for signal `\AecGmemLsu.\heldAddressBytes_17_1' using process `\AecGmemLsu.$proc$rtl/sv/generated/eval_core/AecEvalCore.sv:47200$19317'.
  created $dff cell `$procdff$35775' with positive edge clock.
Creating register for signal `\AecGmemLsu.\heldAddressBytes_17_2' using process `\AecGmemLsu.$proc$rtl/sv/generated/eval_core/AecEvalCore.sv:47200$19317'.
  created $dff cell `$procdff$35776' with positive edge clock.
Creating register for signal `\AecGmemLsu.\heldAddressBytes_17_3' using process `\AecGmemLsu.$proc$rtl/sv/generated/eval_core/AecEvalCore.sv:47200$19317'.
  created $dff cell `$procdff$35777' with positive edge clock.
Creating register for signal `\AecGmemLsu.\heldAddressBytes_18_0' using process `\AecGmemLsu.$proc$rtl/sv/generated/eval_core/AecEvalCore.sv:47200$19317'.
  created $dff cell `$procdff$35778' with positive edge clock.
Creating register for signal `\AecGmemLsu.\heldAddressBytes_18_1' using process `\AecGmemLsu.$proc$rtl/sv/generated/eval_core/AecEvalCore.sv:47200$19317'.
  created $dff cell `$procdff$35779' with positive edge clock.
Creating register for signal `\AecGmemLsu.\heldAddressBytes_18_2' using process `\AecGmemLsu.$proc$rtl/sv/generated/eval_core/AecEvalCore.sv:47200$19317'.
  created $dff cell `$procdff$35780' with positive edge clock.
Creating register for signal `\AecGmemLsu.\heldAddressBytes_18_3' using process `\AecGmemLsu.$proc$rtl/sv/generated/eval_core/AecEvalCore.sv:47200$19317'.
  created $dff cell `$procdff$35781' with positive edge clock.
Creating register for signal `\AecGmemLsu.\heldAddressBytes_19_0' using process `\AecGmemLsu.$proc$rtl/sv/generated/eval_core/AecEvalCore.sv:47200$19317'.
  created $dff cell `$procdff$35782' with positive edge clock.
Creating register for signal `\AecGmemLsu.\heldAddressBytes_19_1' using process `\AecGmemLsu.$proc$rtl/sv/generated/eval_core/AecEvalCore.sv:47200$19317'.
  created $dff cell `$procdff$35783' with positive edge clock.
Creating register for signal `\AecGmemLsu.\heldAddressBytes_19_2' using process `\AecGmemLsu.$proc$rtl/sv/generated/eval_core/AecEvalCore.sv:47200$19317'.
  created $dff cell `$procdff$35784' with positive edge clock.
Creating register for signal `\AecGmemLsu.\heldAddressBytes_19_3' using process `\AecGmemLsu.$proc$rtl/sv/generated/eval_core/AecEvalCore.sv:47200$19317'.
  created $dff cell `$procdff$35785' with positive edge clock.
Creating register for signal `\AecGmemLsu.\heldAddressBytes_20_0' using process `\AecGmemLsu.$proc$rtl/sv/generated/eval_core/AecEvalCore.sv:47200$19317'.
  created $dff cell `$procdff$35786' with positive edge clock.
Creating register for signal `\AecGmemLsu.\heldAddressBytes_20_1' using process `\AecGmemLsu.$proc$rtl/sv/generated/eval_core/AecEvalCore.sv:47200$19317'.
  created $dff cell `$procdff$35787' with positive edge clock.
Creating register for signal `\AecGmemLsu.\heldAddressBytes_20_2' using process `\AecGmemLsu.$proc$rtl/sv/generated/eval_core/AecEvalCore.sv:47200$19317'.
  created $dff cell `$procdff$35788' with positive edge clock.
Creating register for signal `\AecGmemLsu.\heldAddressBytes_20_3' using process `\AecGmemLsu.$proc$rtl/sv/generated/eval_core/AecEvalCore.sv:47200$19317'.
  created $dff cell `$procdff$35789' with positive edge clock.
Creating register for signal `\AecGmemLsu.\heldAddressBytes_21_0' using process `\AecGmemLsu.$proc$rtl/sv/generated/eval_core/AecEvalCore.sv:47200$19317'.
  created $dff cell `$procdff$35790' with positive edge clock.
Creating register for signal `\AecGmemLsu.\heldAddressBytes_21_1' using process `\AecGmemLsu.$proc$rtl/sv/generated/eval_core/AecEvalCore.sv:47200$19317'.
  created $dff cell `$procdff$35791' with positive edge clock.
Creating register for signal `\AecGmemLsu.\heldAddressBytes_21_2' using process `\AecGmemLsu.$proc$rtl/sv/generated/eval_core/AecEvalCore.sv:47200$19317'.
  created $dff cell `$procdff$35792' with positive edge clock.
Creating register for signal `\AecGmemLsu.\heldAddressBytes_21_3' using process `\AecGmemLsu.$proc$rtl/sv/generated/eval_core/AecEvalCore.sv:47200$19317'.
  created $dff cell `$procdff$35793' with positive edge clock.
Creating register for signal `\AecGmemLsu.\heldAddressBytes_22_0' using process `\AecGmemLsu.$proc$rtl/sv/generated/eval_core/AecEvalCore.sv:47200$19317'.
  created $dff cell `$procdff$35794' with positive edge clock.
Creating register for signal `\AecGmemLsu.\heldAddressBytes_22_1' using process `\AecGmemLsu.$proc$rtl/sv/generated/eval_core/AecEvalCore.sv:47200$19317'.
  created $dff cell `$procdff$35795' with positive edge clock.
Creating register for signal `\AecGmemLsu.\heldAddressBytes_22_2' using process `\AecGmemLsu.$proc$rtl/sv/generated/eval_core/AecEvalCore.sv:47200$19317'.
  created $dff cell `$procdff$35796' with positive edge clock.
Creating register for signal `\AecGmemLsu.\heldAddressBytes_22_3' using process `\AecGmemLsu.$proc$rtl/sv/generated/eval_core/AecEvalCore.sv:47200$19317'.
  created $dff cell `$procdff$35797' with positive edge clock.
Creating register for signal `\AecGmemLsu.\heldAddressBytes_23_0' using process `\AecGmemLsu.$proc$rtl/sv/generated/eval_core/AecEvalCore.sv:47200$19317'.
  created $dff cell `$procdff$35798' with positive edge clock.
Creating register for signal `\AecGmemLsu.\heldAddressBytes_23_1' using process `\AecGmemLsu.$proc$rtl/sv/generated/eval_core/AecEvalCore.sv:47200$19317'.
  created $dff cell `$procdff$35799' with positive edge clock.
Creating register for signal `\AecGmemLsu.\heldAddressBytes_23_2' using process `\AecGmemLsu.$proc$rtl/sv/generated/eval_core/AecEvalCore.sv:47200$19317'.
  created $dff cell `$procdff$35800' with positive edge clock.
Creating register for signal `\AecGmemLsu.\heldAddressBytes_23_3' using process `\AecGmemLsu.$proc$rtl/sv/generated/eval_core/AecEvalCore.sv:47200$19317'.
  created $dff cell `$procdff$35801' with positive edge clock.
Creating register for signal `\AecGmemLsu.\heldAddressBytes_24_0' using process `\AecGmemLsu.$proc$rtl/sv/generated/eval_core/AecEvalCore.sv:47200$19317'.
  created $dff cell `$procdff$35802' with positive edge clock.
Creating register for signal `\AecGmemLsu.\heldAddressBytes_24_1' using process `\AecGmemLsu.$proc$rtl/sv/generated/eval_core/AecEvalCore.sv:47200$19317'.
  created $dff cell `$procdff$35803' with positive edge clock.
Creating register for signal `\AecGmemLsu.\heldAddressBytes_24_2' using process `\AecGmemLsu.$proc$rtl/sv/generated/eval_core/AecEvalCore.sv:47200$19317'.
  created $dff cell `$procdff$35804' with positive edge clock.
Creating register for signal `\AecGmemLsu.\heldAddressBytes_24_3' using process `\AecGmemLsu.$proc$rtl/sv/generated/eval_core/AecEvalCore.sv:47200$19317'.
  created $dff cell `$procdff$35805' with positive edge clock.
Creating register for signal `\AecGmemLsu.\heldAddressBytes_25_0' using process `\AecGmemLsu.$proc$rtl/sv/generated/eval_core/AecEvalCore.sv:47200$19317'.
  created $dff cell `$procdff$35806' with positive edge clock.
Creating register for signal `\AecGmemLsu.\heldAddressBytes_25_1' using process `\AecGmemLsu.$proc$rtl/sv/generated/eval_core/AecEvalCore.sv:47200$19317'.
  created $dff cell `$procdff$35807' with positive edge clock.
Creating register for signal `\AecGmemLsu.\heldAddressBytes_25_2' using process `\AecGmemLsu.$proc$rtl/sv/generated/eval_core/AecEvalCore.sv:47200$19317'.
  created $dff cell `$procdff$35808' with positive edge clock.
Creating register for signal `\AecGmemLsu.\heldAddressBytes_25_3' using process `\AecGmemLsu.$proc$rtl/sv/generated/eval_core/AecEvalCore.sv:47200$19317'.
  created $dff cell `$procdff$35809' with positive edge clock.
Creating register for signal `\AecGmemLsu.\heldAddressBytes_26_0' using process `\AecGmemLsu.$proc$rtl/sv/generated/eval_core/AecEvalCore.sv:47200$19317'.
  created $dff cell `$procdff$35810' with positive edge clock.
Creating register for signal `\AecGmemLsu.\heldAddressBytes_26_1' using process `\AecGmemLsu.$proc$rtl/sv/generated/eval_core/AecEvalCore.sv:47200$19317'.
  created $dff cell `$procdff$35811' with positive edge clock.
Creating register for signal `\AecGmemLsu.\heldAddressBytes_26_2' using process `\AecGmemLsu.$proc$rtl/sv/generated/eval_core/AecEvalCore.sv:47200$19317'.
  created $dff cell `$procdff$35812' with positive edge clock.
Creating register for signal `\AecGmemLsu.\heldAddressBytes_26_3' using process `\AecGmemLsu.$proc$rtl/sv/generated/eval_core/AecEvalCore.sv:47200$19317'.
  created $dff cell `$procdff$35813' with positive edge clock.
Creating register for signal `\AecGmemLsu.\heldAddressBytes_27_0' using process `\AecGmemLsu.$proc$rtl/sv/generated/eval_core/AecEvalCore.sv:47200$19317'.
  created $dff cell `$procdff$35814' with positive edge clock.
Creating register for signal `\AecGmemLsu.\heldAddressBytes_27_1' using process `\AecGmemLsu.$proc$rtl/sv/generated/eval_core/AecEvalCore.sv:47200$19317'.
  created $dff cell `$procdff$35815' with positive edge clock.
Creating register for signal `\AecGmemLsu.\heldAddressBytes_27_2' using process `\AecGmemLsu.$proc$rtl/sv/generated/eval_core/AecEvalCore.sv:47200$19317'.
  created $dff cell `$procdff$35816' with positive edge clock.
Creating register for signal `\AecGmemLsu.\heldAddressBytes_27_3' using process `\AecGmemLsu.$proc$rtl/sv/generated/eval_core/AecEvalCore.sv:47200$19317'.
  created $dff cell `$procdff$35817' with positive edge clock.
Creating register for signal `\AecGmemLsu.\heldAddressBytes_28_0' using process `\AecGmemLsu.$proc$rtl/sv/generated/eval_core/AecEvalCore.sv:47200$19317'.
  created $dff cell `$procdff$35818' with positive edge clock.
Creating register for signal `\AecGmemLsu.\heldAddressBytes_28_1' using process `\AecGmemLsu.$proc$rtl/sv/generated/eval_core/AecEvalCore.sv:47200$19317'.
  created $dff cell `$procdff$35819' with positive edge clock.
Creating register for signal `\AecGmemLsu.\heldAddressBytes_28_2' using process `\AecGmemLsu.$proc$rtl/sv/generated/eval_core/AecEvalCore.sv:47200$19317'.
  created $dff cell `$procdff$35820' with positive edge clock.
Creating register for signal `\AecGmemLsu.\heldAddressBytes_28_3' using process `\AecGmemLsu.$proc$rtl/sv/generated/eval_core/AecEvalCore.sv:47200$19317'.
  created $dff cell `$procdff$35821' with positive edge clock.
Creating register for signal `\AecGmemLsu.\heldAddressBytes_29_0' using process `\AecGmemLsu.$proc$rtl/sv/generated/eval_core/AecEvalCore.sv:47200$19317'.
  created $dff cell `$procdff$35822' with positive edge clock.
Creating register for signal `\AecGmemLsu.\heldAddressBytes_29_1' using process `\AecGmemLsu.$proc$rtl/sv/generated/eval_core/AecEvalCore.sv:47200$19317'.
  created $dff cell `$procdff$35823' with positive edge clock.
Creating register for signal `\AecGmemLsu.\heldAddressBytes_29_2' using process `\AecGmemLsu.$proc$rtl/sv/generated/eval_core/AecEvalCore.sv:47200$19317'.
  created $dff cell `$procdff$35824' with positive edge clock.
Creating register for signal `\AecGmemLsu.\heldAddressBytes_29_3' using process `\AecGmemLsu.$proc$rtl/sv/generated/eval_core/AecEvalCore.sv:47200$19317'.
  created $dff cell `$procdff$35825' with positive edge clock.
Creating register for signal `\AecGmemLsu.\heldAddressBytes_30_0' using process `\AecGmemLsu.$proc$rtl/sv/generated/eval_core/AecEvalCore.sv:47200$19317'.
  created $dff cell `$procdff$35826' with positive edge clock.
Creating register for signal `\AecGmemLsu.\heldAddressBytes_30_1' using process `\AecGmemLsu.$proc$rtl/sv/generated/eval_core/AecEvalCore.sv:47200$19317'.
  created $dff cell `$procdff$35827' with positive edge clock.
Creating register for signal `\AecGmemLsu.\heldAddressBytes_30_2' using process `\AecGmemLsu.$proc$rtl/sv/generated/eval_core/AecEvalCore.sv:47200$19317'.
  created $dff cell `$procdff$35828' with positive edge clock.
Creating register for signal `\AecGmemLsu.\heldAddressBytes_30_3' using process `\AecGmemLsu.$proc$rtl/sv/generated/eval_core/AecEvalCore.sv:47200$19317'.
  created $dff cell `$procdff$35829' with positive edge clock.
Creating register for signal `\AecGmemLsu.\heldAddressBytes_31_0' using process `\AecGmemLsu.$proc$rtl/sv/generated/eval_core/AecEvalCore.sv:47200$19317'.
  created $dff cell `$procdff$35830' with positive edge clock.
Creating register for signal `\AecGmemLsu.\heldAddressBytes_31_1' using process `\AecGmemLsu.$proc$rtl/sv/generated/eval_core/AecEvalCore.sv:47200$19317'.
  created $dff cell `$procdff$35831' with positive edge clock.
Creating register for signal `\AecGmemLsu.\heldAddressBytes_31_2' using process `\AecGmemLsu.$proc$rtl/sv/generated/eval_core/AecEvalCore.sv:47200$19317'.
  created $dff cell `$procdff$35832' with positive edge clock.
Creating register for signal `\AecGmemLsu.\heldAddressBytes_31_3' using process `\AecGmemLsu.$proc$rtl/sv/generated/eval_core/AecEvalCore.sv:47200$19317'.
  created $dff cell `$procdff$35833' with positive edge clock.
Creating register for signal `\AecGmemLsu.\heldStoreBytes_0_0' using process `\AecGmemLsu.$proc$rtl/sv/generated/eval_core/AecEvalCore.sv:47200$19317'.
  created $dff cell `$procdff$35834' with positive edge clock.
Creating register for signal `\AecGmemLsu.\heldStoreBytes_0_1' using process `\AecGmemLsu.$proc$rtl/sv/generated/eval_core/AecEvalCore.sv:47200$19317'.
  created $dff cell `$procdff$35835' with positive edge clock.
Creating register for signal `\AecGmemLsu.\heldStoreBytes_0_2' using process `\AecGmemLsu.$proc$rtl/sv/generated/eval_core/AecEvalCore.sv:47200$19317'.
  created $dff cell `$procdff$35836' with positive edge clock.
Creating register for signal `\AecGmemLsu.\heldStoreBytes_0_3' using process `\AecGmemLsu.$proc$rtl/sv/generated/eval_core/AecEvalCore.sv:47200$19317'.
  created $dff cell `$procdff$35837' with positive edge clock.
Creating register for signal `\AecGmemLsu.\heldStoreBytes_1_0' using process `\AecGmemLsu.$proc$rtl/sv/generated/eval_core/AecEvalCore.sv:47200$19317'.
  created $dff cell `$procdff$35838' with positive edge clock.
Creating register for signal `\AecGmemLsu.\heldStoreBytes_1_1' using process `\AecGmemLsu.$proc$rtl/sv/generated/eval_core/AecEvalCore.sv:47200$19317'.
  created $dff cell `$procdff$35839' with positive edge clock.
Creating register for signal `\AecGmemLsu.\heldStoreBytes_1_2' using process `\AecGmemLsu.$proc$rtl/sv/generated/eval_core/AecEvalCore.sv:47200$19317'.
  created $dff cell `$procdff$35840' with positive edge clock.
Creating register for signal `\AecGmemLsu.\heldStoreBytes_1_3' using process `\AecGmemLsu.$proc$rtl/sv/generated/eval_core/AecEvalCore.sv:47200$19317'.
  created $dff cell `$procdff$35841' with positive edge clock.
Creating register for signal `\AecGmemLsu.\heldStoreBytes_2_0' using process `\AecGmemLsu.$proc$rtl/sv/generated/eval_core/AecEvalCore.sv:47200$19317'.
  created $dff cell `$procdff$35842' with positive edge clock.
Creating register for signal `\AecGmemLsu.\heldStoreBytes_2_1' using process `\AecGmemLsu.$proc$rtl/sv/generated/eval_core/AecEvalCore.sv:47200$19317'.
  created $dff cell `$procdff$35843' with positive edge clock.
Creating register for signal `\AecGmemLsu.\heldStoreBytes_2_2' using process `\AecGmemLsu.$proc$rtl/sv/generated/eval_core/AecEvalCore.sv:47200$19317'.
  created $dff cell `$procdff$35844' with positive edge clock.
Creating register for signal `\AecGmemLsu.\heldStoreBytes_2_3' using process `\AecGmemLsu.$proc$rtl/sv/generated/eval_core/AecEvalCore.sv:47200$19317'.
  created $dff cell `$procdff$35845' with positive edge clock.
Creating register for signal `\AecGmemLsu.\heldStoreBytes_3_0' using process `\AecGmemLsu.$proc$rtl/sv/generated/eval_core/AecEvalCore.sv:47200$19317'.
  created $dff cell `$procdff$35846' with positive edge clock.
Creating register for signal `\AecGmemLsu.\heldStoreBytes_3_1' using process `\AecGmemLsu.$proc$rtl/sv/generated/eval_core/AecEvalCore.sv:47200$19317'.
  created $dff cell `$procdff$35847' with positive edge clock.
Creating register for signal `\AecGmemLsu.\heldStoreBytes_3_2' using process `\AecGmemLsu.$proc$rtl/sv/generated/eval_core/AecEvalCore.sv:47200$19317'.
  created $dff cell `$procdff$35848' with positive edge clock.
Creating register for signal `\AecGmemLsu.\heldStoreBytes_3_3' using process `\AecGmemLsu.$proc$rtl/sv/generated/eval_core/AecEvalCore.sv:47200$19317'.
  created $dff cell `$procdff$35849' with positive edge clock.
Creating register for signal `\AecGmemLsu.\heldStoreBytes_4_0' using process `\AecGmemLsu.$proc$rtl/sv/generated/eval_core/AecEvalCore.sv:47200$19317'.
  created $dff cell `$procdff$35850' with positive edge clock.
Creating register for signal `\AecGmemLsu.\heldStoreBytes_4_1' using process `\AecGmemLsu.$proc$rtl/sv/generated/eval_core/AecEvalCore.sv:47200$19317'.
  created $dff cell `$procdff$35851' with positive edge clock.
Creating register for signal `\AecGmemLsu.\heldStoreBytes_4_2' using process `\AecGmemLsu.$proc$rtl/sv/generated/eval_core/AecEvalCore.sv:47200$19317'.
  created $dff cell `$procdff$35852' with positive edge clock.
Creating register for signal `\AecGmemLsu.\heldStoreBytes_4_3' using process `\AecGmemLsu.$proc$rtl/sv/generated/eval_core/AecEvalCore.sv:47200$19317'.
  created $dff cell `$procdff$35853' with positive edge clock.
Creating register for signal `\AecGmemLsu.\heldStoreBytes_5_0' using process `\AecGmemLsu.$proc$rtl/sv/generated/eval_core/AecEvalCore.sv:47200$19317'.
  created $dff cell `$procdff$35854' with positive edge clock.
Creating register for signal `\AecGmemLsu.\heldStoreBytes_5_1' using process `\AecGmemLsu.$proc$rtl/sv/generated/eval_core/AecEvalCore.sv:47200$19317'.
  created $dff cell `$procdff$35855' with positive edge clock.
Creating register for signal `\AecGmemLsu.\heldStoreBytes_5_2' using process `\AecGmemLsu.$proc$rtl/sv/generated/eval_core/AecEvalCore.sv:47200$19317'.
  created $dff cell `$procdff$35856' with positive edge clock.
Creating register for signal `\AecGmemLsu.\heldStoreBytes_5_3' using process `\AecGmemLsu.$proc$rtl/sv/generated/eval_core/AecEvalCore.sv:47200$19317'.
  created $dff cell `$procdff$35857' with positive edge clock.
Creating register for signal `\AecGmemLsu.\heldStoreBytes_6_0' using process `\AecGmemLsu.$proc$rtl/sv/generated/eval_core/AecEvalCore.sv:47200$19317'.
  created $dff cell `$procdff$35858' with positive edge clock.
Creating register for signal `\AecGmemLsu.\heldStoreBytes_6_1' using process `\AecGmemLsu.$proc$rtl/sv/generated/eval_core/AecEvalCore.sv:47200$19317'.
  created $dff cell `$procdff$35859' with positive edge clock.
Creating register for signal `\AecGmemLsu.\heldStoreBytes_6_2' using process `\AecGmemLsu.$proc$rtl/sv/generated/eval_core/AecEvalCore.sv:47200$19317'.
  created $dff cell `$procdff$35860' with positive edge clock.
Creating register for signal `\AecGmemLsu.\heldStoreBytes_6_3' using process `\AecGmemLsu.$proc$rtl/sv/generated/eval_core/AecEvalCore.sv:47200$19317'.
  created $dff cell `$procdff$35861' with positive edge clock.
Creating register for signal `\AecGmemLsu.\heldStoreBytes_7_0' using process `\AecGmemLsu.$proc$rtl/sv/generated/eval_core/AecEvalCore.sv:47200$19317'.
  created $dff cell `$procdff$35862' with positive edge clock.
Creating register for signal `\AecGmemLsu.\heldStoreBytes_7_1' using process `\AecGmemLsu.$proc$rtl/sv/generated/eval_core/AecEvalCore.sv:47200$19317'.
  created $dff cell `$procdff$35863' with positive edge clock.
Creating register for signal `\AecGmemLsu.\heldStoreBytes_7_2' using process `\AecGmemLsu.$proc$rtl/sv/generated/eval_core/AecEvalCore.sv:47200$19317'.
  created $dff cell `$procdff$35864' with positive edge clock.
Creating register for signal `\AecGmemLsu.\heldStoreBytes_7_3' using process `\AecGmemLsu.$proc$rtl/sv/generated/eval_core/AecEvalCore.sv:47200$19317'.
  created $dff cell `$procdff$35865' with positive edge clock.
Creating register for signal `\AecGmemLsu.\heldStoreBytes_8_0' using process `\AecGmemLsu.$proc$rtl/sv/generated/eval_core/AecEvalCore.sv:47200$19317'.
  created $dff cell `$procdff$35866' with positive edge clock.
Creating register for signal `\AecGmemLsu.\heldStoreBytes_8_1' using process `\AecGmemLsu.$proc$rtl/sv/generated/eval_core/AecEvalCore.sv:47200$19317'.
  created $dff cell `$procdff$35867' with positive edge clock.
Creating register for signal `\AecGmemLsu.\heldStoreBytes_8_2' using process `\AecGmemLsu.$proc$rtl/sv/generated/eval_core/AecEvalCore.sv:47200$19317'.
  created $dff cell `$procdff$35868' with positive edge clock.
Creating register for signal `\AecGmemLsu.\heldStoreBytes_8_3' using process `\AecGmemLsu.$proc$rtl/sv/generated/eval_core/AecEvalCore.sv:47200$19317'.
  created $dff cell `$procdff$35869' with positive edge clock.
Creating register for signal `\AecGmemLsu.\heldStoreBytes_9_0' using process `\AecGmemLsu.$proc$rtl/sv/generated/eval_core/AecEvalCore.sv:47200$19317'.
  created $dff cell `$procdff$35870' with positive edge clock.
Creating register for signal `\AecGmemLsu.\heldStoreBytes_9_1' using process `\AecGmemLsu.$proc$rtl/sv/generated/eval_core/AecEvalCore.sv:47200$19317'.
  created $dff cell `$procdff$35871' with positive edge clock.
Creating register for signal `\AecGmemLsu.\heldStoreBytes_9_2' using process `\AecGmemLsu.$proc$rtl/sv/generated/eval_core/AecEvalCore.sv:47200$19317'.
  created $dff cell `$procdff$35872' with positive edge clock.
Creating register for signal `\AecGmemLsu.\heldStoreBytes_9_3' using process `\AecGmemLsu.$proc$rtl/sv/generated/eval_core/AecEvalCore.sv:47200$19317'.
  created $dff cell `$procdff$35873' with positive edge clock.
Creating register for signal `\AecGmemLsu.\heldStoreBytes_10_0' using process `\AecGmemLsu.$proc$rtl/sv/generated/eval_core/AecEvalCore.sv:47200$19317'.
  created $dff cell `$procdff$35874' with positive edge clock.
Creating register for signal `\AecGmemLsu.\heldStoreBytes_10_1' using process `\AecGmemLsu.$proc$rtl/sv/generated/eval_core/AecEvalCore.sv:47200$19317'.
  created $dff cell `$procdff$35875' with positive edge clock.
Creating register for signal `\AecGmemLsu.\heldStoreBytes_10_2' using process `\AecGmemLsu.$proc$rtl/sv/generated/eval_core/AecEvalCore.sv:47200$19317'.
  created $dff cell `$procdff$35876' with positive edge clock.
Creating register for signal `\AecGmemLsu.\heldStoreBytes_10_3' using process `\AecGmemLsu.$proc$rtl/sv/generated/eval_core/AecEvalCore.sv:47200$19317'.
  created $dff cell `$procdff$35877' with positive edge clock.
Creating register for signal `\AecGmemLsu.\heldStoreBytes_11_0' using process `\AecGmemLsu.$proc$rtl/sv/generated/eval_core/AecEvalCore.sv:47200$19317'.
  created $dff cell `$procdff$35878' with positive edge clock.
Creating register for signal `\AecGmemLsu.\heldStoreBytes_11_1' using process `\AecGmemLsu.$proc$rtl/sv/generated/eval_core/AecEvalCore.sv:47200$19317'.
  created $dff cell `$procdff$35879' with positive edge clock.
Creating register for signal `\AecGmemLsu.\heldStoreBytes_11_2' using process `\AecGmemLsu.$proc$rtl/sv/generated/eval_core/AecEvalCore.sv:47200$19317'.
  created $dff cell `$procdff$35880' with positive edge clock.
Creating register for signal `\AecGmemLsu.\heldStoreBytes_11_3' using process `\AecGmemLsu.$proc$rtl/sv/generated/eval_core/AecEvalCore.sv:47200$19317'.
  created $dff cell `$procdff$35881' with positive edge clock.
Creating register for signal `\AecGmemLsu.\heldStoreBytes_12_0' using process `\AecGmemLsu.$proc$rtl/sv/generated/eval_core/AecEvalCore.sv:47200$19317'.
  created $dff cell `$procdff$35882' with positive edge clock.
Creating register for signal `\AecGmemLsu.\heldStoreBytes_12_1' using process `\AecGmemLsu.$proc$rtl/sv/generated/eval_core/AecEvalCore.sv:47200$19317'.
  created $dff cell `$procdff$35883' with positive edge clock.
Creating register for signal `\AecGmemLsu.\heldStoreBytes_12_2' using process `\AecGmemLsu.$proc$rtl/sv/generated/eval_core/AecEvalCore.sv:47200$19317'.
  created $dff cell `$procdff$35884' with positive edge clock.
Creating register for signal `\AecGmemLsu.\heldStoreBytes_12_3' using process `\AecGmemLsu.$proc$rtl/sv/generated/eval_core/AecEvalCore.sv:47200$19317'.
  created $dff cell `$procdff$35885' with positive edge clock.
Creating register for signal `\AecGmemLsu.\heldStoreBytes_13_0' using process `\AecGmemLsu.$proc$rtl/sv/generated/eval_core/AecEvalCore.sv:47200$19317'.
  created $dff cell `$procdff$35886' with positive edge clock.
Creating register for signal `\AecGmemLsu.\heldStoreBytes_13_1' using process `\AecGmemLsu.$proc$rtl/sv/generated/eval_core/AecEvalCore.sv:47200$19317'.
  created $dff cell `$procdff$35887' with positive edge clock.
Creating register for signal `\AecGmemLsu.\heldStoreBytes_13_2' using process `\AecGmemLsu.$proc$rtl/sv/generated/eval_core/AecEvalCore.sv:47200$19317'.
  created $dff cell `$procdff$35888' with positive edge clock.
Creating register for signal `\AecGmemLsu.\heldStoreBytes_13_3' using process `\AecGmemLsu.$proc$rtl/sv/generated/eval_core/AecEvalCore.sv:47200$19317'.
  created $dff cell `$procdff$35889' with positive edge clock.
Creating register for signal `\AecGmemLsu.\heldStoreBytes_14_0' using process `\AecGmemLsu.$proc$rtl/sv/generated/eval_core/AecEvalCore.sv:47200$19317'.
  created $dff cell `$procdff$35890' with positive edge clock.
Creating register for signal `\AecGmemLsu.\heldStoreBytes_14_1' using process `\AecGmemLsu.$proc$rtl/sv/generated/eval_core/AecEvalCore.sv:47200$19317'.
  created $dff cell `$procdff$35891' with positive edge clock.
Creating register for signal `\AecGmemLsu.\heldStoreBytes_14_2' using process `\AecGmemLsu.$proc$rtl/sv/generated/eval_core/AecEvalCore.sv:47200$19317'.
  created $dff cell `$procdff$35892' with positive edge clock.
Creating register for signal `\AecGmemLsu.\heldStoreBytes_14_3' using process `\AecGmemLsu.$proc$rtl/sv/generated/eval_core/AecEvalCore.sv:47200$19317'.
  created $dff cell `$procdff$35893' with positive edge clock.
Creating register for signal `\AecGmemLsu.\heldStoreBytes_15_0' using process `\AecGmemLsu.$proc$rtl/sv/generated/eval_core/AecEvalCore.sv:47200$19317'.
  created $dff cell `$procdff$35894' with positive edge clock.
Creating register for signal `\AecGmemLsu.\heldStoreBytes_15_1' using process `\AecGmemLsu.$proc$rtl/sv/generated/eval_core/AecEvalCore.sv:47200$19317'.
  created $dff cell `$procdff$35895' with positive edge clock.
Creating register for signal `\AecGmemLsu.\heldStoreBytes_15_2' using process `\AecGmemLsu.$proc$rtl/sv/generated/eval_core/AecEvalCore.sv:47200$19317'.
  created $dff cell `$procdff$35896' with positive edge clock.
Creating register for signal `\AecGmemLsu.\heldStoreBytes_15_3' using process `\AecGmemLsu.$proc$rtl/sv/generated/eval_core/AecEvalCore.sv:47200$19317'.
  created $dff cell `$procdff$35897' with positive edge clock.
Creating register for signal `\AecGmemLsu.\heldStoreBytes_16_0' using process `\AecGmemLsu.$proc$rtl/sv/generated/eval_core/AecEvalCore.sv:47200$19317'.
  created $dff cell `$procdff$35898' with positive edge clock.
Creating register for signal `\AecGmemLsu.\heldStoreBytes_16_1' using process `\AecGmemLsu.$proc$rtl/sv/generated/eval_core/AecEvalCore.sv:47200$19317'.
  created $dff cell `$procdff$35899' with positive edge clock.
Creating register for signal `\AecGmemLsu.\heldStoreBytes_16_2' using process `\AecGmemLsu.$proc$rtl/sv/generated/eval_core/AecEvalCore.sv:47200$19317'.
  created $dff cell `$procdff$35900' with positive edge clock.
Creating register for signal `\AecGmemLsu.\heldStoreBytes_16_3' using process `\AecGmemLsu.$proc$rtl/sv/generated/eval_core/AecEvalCore.sv:47200$19317'.
  created $dff cell `$procdff$35901' with positive edge clock.
Creating register for signal `\AecGmemLsu.\heldStoreBytes_17_0' using process `\AecGmemLsu.$proc$rtl/sv/generated/eval_core/AecEvalCore.sv:47200$19317'.
  created $dff cell `$procdff$35902' with positive edge clock.
Creating register for signal `\AecGmemLsu.\heldStoreBytes_17_1' using process `\AecGmemLsu.$proc$rtl/sv/generated/eval_core/AecEvalCore.sv:47200$19317'.
  created $dff cell `$procdff$35903' with positive edge clock.
Creating register for signal `\AecGmemLsu.\heldStoreBytes_17_2' using process `\AecGmemLsu.$proc$rtl/sv/generated/eval_core/AecEvalCore.sv:47200$19317'.
  created $dff cell `$procdff$35904' with positive edge clock.
Creating register for signal `\AecGmemLsu.\heldStoreBytes_17_3' using process `\AecGmemLsu.$proc$rtl/sv/generated/eval_core/AecEvalCore.sv:47200$19317'.
  created $dff cell `$procdff$35905' with positive edge clock.
Creating register for signal `\AecGmemLsu.\heldStoreBytes_18_0' using process `\AecGmemLsu.$proc$rtl/sv/generated/eval_core/AecEvalCore.sv:47200$19317'.
  created $dff cell `$procdff$35906' with positive edge clock.
Creating register for signal `\AecGmemLsu.\heldStoreBytes_18_1' using process `\AecGmemLsu.$proc$rtl/sv/generated/eval_core/AecEvalCore.sv:47200$19317'.
  created $dff cell `$procdff$35907' with positive edge clock.
Creating register for signal `\AecGmemLsu.\heldStoreBytes_18_2' using process `\AecGmemLsu.$proc$rtl/sv/generated/eval_core/AecEvalCore.sv:47200$19317'.
  created $dff cell `$procdff$35908' with positive edge clock.
Creating register for signal `\AecGmemLsu.\heldStoreBytes_18_3' using process `\AecGmemLsu.$proc$rtl/sv/generated/eval_core/AecEvalCore.sv:47200$19317'.
  created $dff cell `$procdff$35909' with positive edge clock.
Creating register for signal `\AecGmemLsu.\heldStoreBytes_19_0' using process `\AecGmemLsu.$proc$rtl/sv/generated/eval_core/AecEvalCore.sv:47200$19317'.
  created $dff cell `$procdff$35910' with positive edge clock.
Creating register for signal `\AecGmemLsu.\heldStoreBytes_19_1' using process `\AecGmemLsu.$proc$rtl/sv/generated/eval_core/AecEvalCore.sv:47200$19317'.
  created $dff cell `$procdff$35911' with positive edge clock.
Creating register for signal `\AecGmemLsu.\heldStoreBytes_19_2' using process `\AecGmemLsu.$proc$rtl/sv/generated/eval_core/AecEvalCore.sv:47200$19317'.
  created $dff cell `$procdff$35912' with positive edge clock.
Creating register for signal `\AecGmemLsu.\heldStoreBytes_19_3' using process `\AecGmemLsu.$proc$rtl/sv/generated/eval_core/AecEvalCore.sv:47200$19317'.
  created $dff cell `$procdff$35913' with positive edge clock.
Creating register for signal `\AecGmemLsu.\heldStoreBytes_20_0' using process `\AecGmemLsu.$proc$rtl/sv/generated/eval_core/AecEvalCore.sv:47200$19317'.
  created $dff cell `$procdff$35914' with positive edge clock.
Creating register for signal `\AecGmemLsu.\heldStoreBytes_20_1' using process `\AecGmemLsu.$proc$rtl/sv/generated/eval_core/AecEvalCore.sv:47200$19317'.
  created $dff cell `$procdff$35915' with positive edge clock.
Creating register for signal `\AecGmemLsu.\heldStoreBytes_20_2' using process `\AecGmemLsu.$proc$rtl/sv/generated/eval_core/AecEvalCore.sv:47200$19317'.
  created $dff cell `$procdff$35916' with positive edge clock.
Creating register for signal `\AecGmemLsu.\heldStoreBytes_20_3' using process `\AecGmemLsu.$proc$rtl/sv/generated/eval_core/AecEvalCore.sv:47200$19317'.
  created $dff cell `$procdff$35917' with positive edge clock.
Creating register for signal `\AecGmemLsu.\heldStoreBytes_21_0' using process `\AecGmemLsu.$proc$rtl/sv/generated/eval_core/AecEvalCore.sv:47200$19317'.
  created $dff cell `$procdff$35918' with positive edge clock.
Creating register for signal `\AecGmemLsu.\heldStoreBytes_21_1' using process `\AecGmemLsu.$proc$rtl/sv/generated/eval_core/AecEvalCore.sv:47200$19317'.
  created $dff cell `$procdff$35919' with positive edge clock.
Creating register for signal `\AecGmemLsu.\heldStoreBytes_21_2' using process `\AecGmemLsu.$proc$rtl/sv/generated/eval_core/AecEvalCore.sv:47200$19317'.
  created $dff cell `$procdff$35920' with positive edge clock.
Creating register for signal `\AecGmemLsu.\heldStoreBytes_21_3' using process `\AecGmemLsu.$proc$rtl/sv/generated/eval_core/AecEvalCore.sv:47200$19317'.
  created $dff cell `$procdff$35921' with positive edge clock.
Creating register for signal `\AecGmemLsu.\heldStoreBytes_22_0' using process `\AecGmemLsu.$proc$rtl/sv/generated/eval_core/AecEvalCore.sv:47200$19317'.
  created $dff cell `$procdff$35922' with positive edge clock.
Creating register for signal `\AecGmemLsu.\heldStoreBytes_22_1' using process `\AecGmemLsu.$proc$rtl/sv/generated/eval_core/AecEvalCore.sv:47200$19317'.
  created $dff cell `$procdff$35923' with positive edge clock.
Creating register for signal `\AecGmemLsu.\heldStoreBytes_22_2' using process `\AecGmemLsu.$proc$rtl/sv/generated/eval_core/AecEvalCore.sv:47200$19317'.
  created $dff cell `$procdff$35924' with positive edge clock.
Creating register for signal `\AecGmemLsu.\heldStoreBytes_22_3' using process `\AecGmemLsu.$proc$rtl/sv/generated/eval_core/AecEvalCore.sv:47200$19317'.
  created $dff cell `$procdff$35925' with positive edge clock.
Creating register for signal `\AecGmemLsu.\heldStoreBytes_23_0' using process `\AecGmemLsu.$proc$rtl/sv/generated/eval_core/AecEvalCore.sv:47200$19317'.
  created $dff cell `$procdff$35926' with positive edge clock.
Creating register for signal `\AecGmemLsu.\heldStoreBytes_23_1' using process `\AecGmemLsu.$proc$rtl/sv/generated/eval_core/AecEvalCore.sv:47200$19317'.
  created $dff cell `$procdff$35927' with positive edge clock.
Creating register for signal `\AecGmemLsu.\heldStoreBytes_23_2' using process `\AecGmemLsu.$proc$rtl/sv/generated/eval_core/AecEvalCore.sv:47200$19317'.
  created $dff cell `$procdff$35928' with positive edge clock.
Creating register for signal `\AecGmemLsu.\heldStoreBytes_23_3' using process `\AecGmemLsu.$proc$rtl/sv/generated/eval_core/AecEvalCore.sv:47200$19317'.
  created $dff cell `$procdff$35929' with positive edge clock.
Creating register for signal `\AecGmemLsu.\heldStoreBytes_24_0' using process `\AecGmemLsu.$proc$rtl/sv/generated/eval_core/AecEvalCore.sv:47200$19317'.
  created $dff cell `$procdff$35930' with positive edge clock.
Creating register for signal `\AecGmemLsu.\heldStoreBytes_24_1' using process `\AecGmemLsu.$proc$rtl/sv/generated/eval_core/AecEvalCore.sv:47200$19317'.
  created $dff cell `$procdff$35931' with positive edge clock.
Creating register for signal `\AecGmemLsu.\heldStoreBytes_24_2' using process `\AecGmemLsu.$proc$rtl/sv/generated/eval_core/AecEvalCore.sv:47200$19317'.
  created $dff cell `$procdff$35932' with positive edge clock.
Creating register for signal `\AecGmemLsu.\heldStoreBytes_24_3' using process `\AecGmemLsu.$proc$rtl/sv/generated/eval_core/AecEvalCore.sv:47200$19317'.
  created $dff cell `$procdff$35933' with positive edge clock.
Creating register for signal `\AecGmemLsu.\heldStoreBytes_25_0' using process `\AecGmemLsu.$proc$rtl/sv/generated/eval_core/AecEvalCore.sv:47200$19317'.
  created $dff cell `$procdff$35934' with positive edge clock.
Creating register for signal `\AecGmemLsu.\heldStoreBytes_25_1' using process `\AecGmemLsu.$proc$rtl/sv/generated/eval_core/AecEvalCore.sv:47200$19317'.
  created $dff cell `$procdff$35935' with positive edge clock.
Creating register for signal `\AecGmemLsu.\heldStoreBytes_25_2' using process `\AecGmemLsu.$proc$rtl/sv/generated/eval_core/AecEvalCore.sv:47200$19317'.
  created $dff cell `$procdff$35936' with positive edge clock.
Creating register for signal `\AecGmemLsu.\heldStoreBytes_25_3' using process `\AecGmemLsu.$proc$rtl/sv/generated/eval_core/AecEvalCore.sv:47200$19317'.
  created $dff cell `$procdff$35937' with positive edge clock.
Creating register for signal `\AecGmemLsu.\heldStoreBytes_26_0' using process `\AecGmemLsu.$proc$rtl/sv/generated/eval_core/AecEvalCore.sv:47200$19317'.
  created $dff cell `$procdff$35938' with positive edge clock.
Creating register for signal `\AecGmemLsu.\heldStoreBytes_26_1' using process `\AecGmemLsu.$proc$rtl/sv/generated/eval_core/AecEvalCore.sv:47200$19317'.
  created $dff cell `$procdff$35939' with positive edge clock.
Creating register for signal `\AecGmemLsu.\heldStoreBytes_26_2' using process `\AecGmemLsu.$proc$rtl/sv/generated/eval_core/AecEvalCore.sv:47200$19317'.
  created $dff cell `$procdff$35940' with positive edge clock.
Creating register for signal `\AecGmemLsu.\heldStoreBytes_26_3' using process `\AecGmemLsu.$proc$rtl/sv/generated/eval_core/AecEvalCore.sv:47200$19317'.
  created $dff cell `$procdff$35941' with positive edge clock.
Creating register for signal `\AecGmemLsu.\heldStoreBytes_27_0' using process `\AecGmemLsu.$proc$rtl/sv/generated/eval_core/AecEvalCore.sv:47200$19317'.
  created $dff cell `$procdff$35942' with positive edge clock.
Creating register for signal `\AecGmemLsu.\heldStoreBytes_27_1' using process `\AecGmemLsu.$proc$rtl/sv/generated/eval_core/AecEvalCore.sv:47200$19317'.
  created $dff cell `$procdff$35943' with positive edge clock.
Creating register for signal `\AecGmemLsu.\heldStoreBytes_27_2' using process `\AecGmemLsu.$proc$rtl/sv/generated/eval_core/AecEvalCore.sv:47200$19317'.
  created $dff cell `$procdff$35944' with positive edge clock.
Creating register for signal `\AecGmemLsu.\heldStoreBytes_27_3' using process `\AecGmemLsu.$proc$rtl/sv/generated/eval_core/AecEvalCore.sv:47200$19317'.
  created $dff cell `$procdff$35945' with positive edge clock.
Creating register for signal `\AecGmemLsu.\heldStoreBytes_28_0' using process `\AecGmemLsu.$proc$rtl/sv/generated/eval_core/AecEvalCore.sv:47200$19317'.
  created $dff cell `$procdff$35946' with positive edge clock.
Creating register for signal `\AecGmemLsu.\heldStoreBytes_28_1' using process `\AecGmemLsu.$proc$rtl/sv/generated/eval_core/AecEvalCore.sv:47200$19317'.
  created $dff cell `$procdff$35947' with positive edge clock.
Creating register for signal `\AecGmemLsu.\heldStoreBytes_28_2' using process `\AecGmemLsu.$proc$rtl/sv/generated/eval_core/AecEvalCore.sv:47200$19317'.
  created $dff cell `$procdff$35948' with positive edge clock.
Creating register for signal `\AecGmemLsu.\heldStoreBytes_28_3' using process `\AecGmemLsu.$proc$rtl/sv/generated/eval_core/AecEvalCore.sv:47200$19317'.
  created $dff cell `$procdff$35949' with positive edge clock.
Creating register for signal `\AecGmemLsu.\heldStoreBytes_29_0' using process `\AecGmemLsu.$proc$rtl/sv/generated/eval_core/AecEvalCore.sv:47200$19317'.
  created $dff cell `$procdff$35950' with positive edge clock.
Creating register for signal `\AecGmemLsu.\heldStoreBytes_29_1' using process `\AecGmemLsu.$proc$rtl/sv/generated/eval_core/AecEvalCore.sv:47200$19317'.
  created $dff cell `$procdff$35951' with positive edge clock.
Creating register for signal `\AecGmemLsu.\heldStoreBytes_29_2' using process `\AecGmemLsu.$proc$rtl/sv/generated/eval_core/AecEvalCore.sv:47200$19317'.
  created $dff cell `$procdff$35952' with positive edge clock.
Creating register for signal `\AecGmemLsu.\heldStoreBytes_29_3' using process `\AecGmemLsu.$proc$rtl/sv/generated/eval_core/AecEvalCore.sv:47200$19317'.
  created $dff cell `$procdff$35953' with positive edge clock.
Creating register for signal `\AecGmemLsu.\heldStoreBytes_30_0' using process `\AecGmemLsu.$proc$rtl/sv/generated/eval_core/AecEvalCore.sv:47200$19317'.
  created $dff cell `$procdff$35954' with positive edge clock.
Creating register for signal `\AecGmemLsu.\heldStoreBytes_30_1' using process `\AecGmemLsu.$proc$rtl/sv/generated/eval_core/AecEvalCore.sv:47200$19317'.
  created $dff cell `$procdff$35955' with positive edge clock.
Creating register for signal `\AecGmemLsu.\heldStoreBytes_30_2' using process `\AecGmemLsu.$proc$rtl/sv/generated/eval_core/AecEvalCore.sv:47200$19317'.
  created $dff cell `$procdff$35956' with positive edge clock.
Creating register for signal `\AecGmemLsu.\heldStoreBytes_30_3' using process `\AecGmemLsu.$proc$rtl/sv/generated/eval_core/AecEvalCore.sv:47200$19317'.
  created $dff cell `$procdff$35957' with positive edge clock.
Creating register for signal `\AecGmemLsu.\heldStoreBytes_31_0' using process `\AecGmemLsu.$proc$rtl/sv/generated/eval_core/AecEvalCore.sv:47200$19317'.
  created $dff cell `$procdff$35958' with positive edge clock.
Creating register for signal `\AecGmemLsu.\heldStoreBytes_31_1' using process `\AecGmemLsu.$proc$rtl/sv/generated/eval_core/AecEvalCore.sv:47200$19317'.
  created $dff cell `$procdff$35959' with positive edge clock.
Creating register for signal `\AecGmemLsu.\heldStoreBytes_31_2' using process `\AecGmemLsu.$proc$rtl/sv/generated/eval_core/AecEvalCore.sv:47200$19317'.
  created $dff cell `$procdff$35960' with positive edge clock.
Creating register for signal `\AecGmemLsu.\heldStoreBytes_31_3' using process `\AecGmemLsu.$proc$rtl/sv/generated/eval_core/AecEvalCore.sv:47200$19317'.
  created $dff cell `$procdff$35961' with positive edge clock.
Creating register for signal `\AecGmemLsu.\heldCompareBytes_0_0' using process `\AecGmemLsu.$proc$rtl/sv/generated/eval_core/AecEvalCore.sv:47200$19317'.
  created $dff cell `$procdff$35962' with positive edge clock.
Creating register for signal `\AecGmemLsu.\heldCompareBytes_0_1' using process `\AecGmemLsu.$proc$rtl/sv/generated/eval_core/AecEvalCore.sv:47200$19317'.
  created $dff cell `$procdff$35963' with positive edge clock.
Creating register for signal `\AecGmemLsu.\heldCompareBytes_0_2' using process `\AecGmemLsu.$proc$rtl/sv/generated/eval_core/AecEvalCore.sv:47200$19317'.
  created $dff cell `$procdff$35964' with positive edge clock.
Creating register for signal `\AecGmemLsu.\heldCompareBytes_0_3' using process `\AecGmemLsu.$proc$rtl/sv/generated/eval_core/AecEvalCore.sv:47200$19317'.
  created $dff cell `$procdff$35965' with positive edge clock.
Creating register for signal `\AecGmemLsu.\heldCompareBytes_1_0' using process `\AecGmemLsu.$proc$rtl/sv/generated/eval_core/AecEvalCore.sv:47200$19317'.
  created $dff cell `$procdff$35966' with positive edge clock.
Creating register for signal `\AecGmemLsu.\heldCompareBytes_1_1' using process `\AecGmemLsu.$proc$rtl/sv/generated/eval_core/AecEvalCore.sv:47200$19317'.
  created $dff cell `$procdff$35967' with positive edge clock.
Creating register for signal `\AecGmemLsu.\heldCompareBytes_1_2' using process `\AecGmemLsu.$proc$rtl/sv/generated/eval_core/AecEvalCore.sv:47200$19317'.
  created $dff cell `$procdff$35968' with positive edge clock.
Creating register for signal `\AecGmemLsu.\heldCompareBytes_1_3' using process `\AecGmemLsu.$proc$rtl/sv/generated/eval_core/AecEvalCore.sv:47200$19317'.
  created $dff cell `$procdff$35969' with positive edge clock.
Creating register for signal `\AecGmemLsu.\heldCompareBytes_2_0' using process `\AecGmemLsu.$proc$rtl/sv/generated/eval_core/AecEvalCore.sv:47200$19317'.
  created $dff cell `$procdff$35970' with positive edge clock.
Creating register for signal `\AecGmemLsu.\heldCompareBytes_2_1' using process `\AecGmemLsu.$proc$rtl/sv/generated/eval_core/AecEvalCore.sv:47200$19317'.
  created $dff cell `$procdff$35971' with positive edge clock.
Creating register for signal `\AecGmemLsu.\heldCompareBytes_2_2' using process `\AecGmemLsu.$proc$rtl/sv/generated/eval_core/AecEvalCore.sv:47200$19317'.
  created $dff cell `$procdff$35972' with positive edge clock.
Creating register for signal `\AecGmemLsu.\heldCompareBytes_2_3' using process `\AecGmemLsu.$proc$rtl/sv/generated/eval_core/AecEvalCore.sv:47200$19317'.
  created $dff cell `$procdff$35973' with positive edge clock.
Creating register for signal `\AecGmemLsu.\heldCompareBytes_3_0' using process `\AecGmemLsu.$proc$rtl/sv/generated/eval_core/AecEvalCore.sv:47200$19317'.
  created $dff cell `$procdff$35974' with positive edge clock.
Creating register for signal `\AecGmemLsu.\heldCompareBytes_3_1' using process `\AecGmemLsu.$proc$rtl/sv/generated/eval_core/AecEvalCore.sv:47200$19317'.
  created $dff cell `$procdff$35975' with positive edge clock.
Creating register for signal `\AecGmemLsu.\heldCompareBytes_3_2' using process `\AecGmemLsu.$proc$rtl/sv/generated/eval_core/AecEvalCore.sv:47200$19317'.
  created $dff cell `$procdff$35976' with positive edge clock.
Creating register for signal `\AecGmemLsu.\heldCompareBytes_3_3' using process `\AecGmemLsu.$proc$rtl/sv/generated/eval_core/AecEvalCore.sv:47200$19317'.
  created $dff cell `$procdff$35977' with positive edge clock.
Creating register for signal `\AecGmemLsu.\heldCompareBytes_4_0' using process `\AecGmemLsu.$proc$rtl/sv/generated/eval_core/AecEvalCore.sv:47200$19317'.
  created $dff cell `$procdff$35978' with positive edge clock.
Creating register for signal `\AecGmemLsu.\heldCompareBytes_4_1' using process `\AecGmemLsu.$proc$rtl/sv/generated/eval_core/AecEvalCore.sv:47200$19317'.
  created $dff cell `$procdff$35979' with positive edge clock.
Creating register for signal `\AecGmemLsu.\heldCompareBytes_4_2' using process `\AecGmemLsu.$proc$rtl/sv/generated/eval_core/AecEvalCore.sv:47200$19317'.
  created $dff cell `$procdff$35980' with positive edge clock.
Creating register for signal `\AecGmemLsu.\heldCompareBytes_4_3' using process `\AecGmemLsu.$proc$rtl/sv/generated/eval_core/AecEvalCore.sv:47200$19317'.
  created $dff cell `$procdff$35981' with positive edge clock.
Creating register for signal `\AecGmemLsu.\heldCompareBytes_5_0' using process `\AecGmemLsu.$proc$rtl/sv/generated/eval_core/AecEvalCore.sv:47200$19317'.
  created $dff cell `$procdff$35982' with positive edge clock.
Creating register for signal `\AecGmemLsu.\heldCompareBytes_5_1' using process `\AecGmemLsu.$proc$rtl/sv/generated/eval_core/AecEvalCore.sv:47200$19317'.
  created $dff cell `$procdff$35983' with positive edge clock.
Creating register for signal `\AecGmemLsu.\heldCompareBytes_5_2' using process `\AecGmemLsu.$proc$rtl/sv/generated/eval_core/AecEvalCore.sv:47200$19317'.
  created $dff cell `$procdff$35984' with positive edge clock.
Creating register for signal `\AecGmemLsu.\heldCompareBytes_5_3' using process `\AecGmemLsu.$proc$rtl/sv/generated/eval_core/AecEvalCore.sv:47200$19317'.
  created $dff cell `$procdff$35985' with positive edge clock.
Creating register for signal `\AecGmemLsu.\heldCompareBytes_6_0' using process `\AecGmemLsu.$proc$rtl/sv/generated/eval_core/AecEvalCore.sv:47200$19317'.
  created $dff cell `$procdff$35986' with positive edge clock.
Creating register for signal `\AecGmemLsu.\heldCompareBytes_6_1' using process `\AecGmemLsu.$proc$rtl/sv/generated/eval_core/AecEvalCore.sv:47200$19317'.
  created $dff cell `$procdff$35987' with positive edge clock.
Creating register for signal `\AecGmemLsu.\heldCompareBytes_6_2' using process `\AecGmemLsu.$proc$rtl/sv/generated/eval_core/AecEvalCore.sv:47200$19317'.
  created $dff cell `$procdff$35988' with positive edge clock.
Creating register for signal `\AecGmemLsu.\heldCompareBytes_6_3' using process `\AecGmemLsu.$proc$rtl/sv/generated/eval_core/AecEvalCore.sv:47200$19317'.
  created $dff cell `$procdff$35989' with positive edge clock.
Creating register for signal `\AecGmemLsu.\heldCompareBytes_7_0' using process `\AecGmemLsu.$proc$rtl/sv/generated/eval_core/AecEvalCore.sv:47200$19317'.
  created $dff cell `$procdff$35990' with positive edge clock.
Creating register for signal `\AecGmemLsu.\heldCompareBytes_7_1' using process `\AecGmemLsu.$proc$rtl/sv/generated/eval_core/AecEvalCore.sv:47200$19317'.
  created $dff cell `$procdff$35991' with positive edge clock.
Creating register for signal `\AecGmemLsu.\heldCompareBytes_7_2' using process `\AecGmemLsu.$proc$rtl/sv/generated/eval_core/AecEvalCore.sv:47200$19317'.
  created $dff cell `$procdff$35992' with positive edge clock.
Creating register for signal `\AecGmemLsu.\heldCompareBytes_7_3' using process `\AecGmemLsu.$proc$rtl/sv/generated/eval_core/AecEvalCore.sv:47200$19317'.
  created $dff cell `$procdff$35993' with positive edge clock.
Creating register for signal `\AecGmemLsu.\heldCompareBytes_8_0' using process `\AecGmemLsu.$proc$rtl/sv/generated/eval_core/AecEvalCore.sv:47200$19317'.
  created $dff cell `$procdff$35994' with positive edge clock.
Creating register for signal `\AecGmemLsu.\heldCompareBytes_8_1' using process `\AecGmemLsu.$proc$rtl/sv/generated/eval_core/AecEvalCore.sv:47200$19317'.
  created $dff cell `$procdff$35995' with positive edge clock.
Creating register for signal `\AecGmemLsu.\heldCompareBytes_8_2' using process `\AecGmemLsu.$proc$rtl/sv/generated/eval_core/AecEvalCore.sv:47200$19317'.
  created $dff cell `$procdff$35996' with positive edge clock.
Creating register for signal `\AecGmemLsu.\heldCompareBytes_8_3' using process `\AecGmemLsu.$proc$rtl/sv/generated/eval_core/AecEvalCore.sv:47200$19317'.
  created $dff cell `$procdff$35997' with positive edge clock.
Creating register for signal `\AecGmemLsu.\heldCompareBytes_9_0' using process `\AecGmemLsu.$proc$rtl/sv/generated/eval_core/AecEvalCore.sv:47200$19317'.
  created $dff cell `$procdff$35998' with positive edge clock.
Creating register for signal `\AecGmemLsu.\heldCompareBytes_9_1' using process `\AecGmemLsu.$proc$rtl/sv/generated/eval_core/AecEvalCore.sv:47200$19317'.
  created $dff cell `$procdff$35999' with positive edge clock.
Creating register for signal `\AecGmemLsu.\heldCompareBytes_9_2' using process `\AecGmemLsu.$proc$rtl/sv/generated/eval_core/AecEvalCore.sv:47200$19317'.
  created $dff cell `$procdff$36000' with positive edge clock.
Creating register for signal `\AecGmemLsu.\heldCompareBytes_9_3' using process `\AecGmemLsu.$proc$rtl/sv/generated/eval_core/AecEvalCore.sv:47200$19317'.
  created $dff cell `$procdff$36001' with positive edge clock.
Creating register for signal `\AecGmemLsu.\heldCompareBytes_10_0' using process `\AecGmemLsu.$proc$rtl/sv/generated/eval_core/AecEvalCore.sv:47200$19317'.
  created $dff cell `$procdff$36002' with positive edge clock.
Creating register for signal `\AecGmemLsu.\heldCompareBytes_10_1' using process `\AecGmemLsu.$proc$rtl/sv/generated/eval_core/AecEvalCore.sv:47200$19317'.
  created $dff cell `$procdff$36003' with positive edge clock.
Creating register for signal `\AecGmemLsu.\heldCompareBytes_10_2' using process `\AecGmemLsu.$proc$rtl/sv/generated/eval_core/AecEvalCore.sv:47200$19317'.
  created $dff cell `$procdff$36004' with positive edge clock.
Creating register for signal `\AecGmemLsu.\heldCompareBytes_10_3' using process `\AecGmemLsu.$proc$rtl/sv/generated/eval_core/AecEvalCore.sv:47200$19317'.
  created $dff cell `$procdff$36005' with positive edge clock.
Creating register for signal `\AecGmemLsu.\heldCompareBytes_11_0' using process `\AecGmemLsu.$proc$rtl/sv/generated/eval_core/AecEvalCore.sv:47200$19317'.
  created $dff cell `$procdff$36006' with positive edge clock.
Creating register for signal `\AecGmemLsu.\heldCompareBytes_11_1' using process `\AecGmemLsu.$proc$rtl/sv/generated/eval_core/AecEvalCore.sv:47200$19317'.
  created $dff cell `$procdff$36007' with positive edge clock.
Creating register for signal `\AecGmemLsu.\heldCompareBytes_11_2' using process `\AecGmemLsu.$proc$rtl/sv/generated/eval_core/AecEvalCore.sv:47200$19317'.
  created $dff cell `$procdff$36008' with positive edge clock.
Creating register for signal `\AecGmemLsu.\heldCompareBytes_11_3' using process `\AecGmemLsu.$proc$rtl/sv/generated/eval_core/AecEvalCore.sv:47200$19317'.
  created $dff cell `$procdff$36009' with positive edge clock.
Creating register for signal `\AecGmemLsu.\heldCompareBytes_12_0' using process `\AecGmemLsu.$proc$rtl/sv/generated/eval_core/AecEvalCore.sv:47200$19317'.
  created $dff cell `$procdff$36010' with positive edge clock.
Creating register for signal `\AecGmemLsu.\heldCompareBytes_12_1' using process `\AecGmemLsu.$proc$rtl/sv/generated/eval_core/AecEvalCore.sv:47200$19317'.
  created $dff cell `$procdff$36011' with positive edge clock.
Creating register for signal `\AecGmemLsu.\heldCompareBytes_12_2' using process `\AecGmemLsu.$proc$rtl/sv/generated/eval_core/AecEvalCore.sv:47200$19317'.
  created $dff cell `$procdff$36012' with positive edge clock.
Creating register for signal `\AecGmemLsu.\heldCompareBytes_12_3' using process `\AecGmemLsu.$proc$rtl/sv/generated/eval_core/AecEvalCore.sv:47200$19317'.
  created $dff cell `$procdff$36013' with positive edge clock.
Creating register for signal `\AecGmemLsu.\heldCompareBytes_13_0' using process `\AecGmemLsu.$proc$rtl/sv/generated/eval_core/AecEvalCore.sv:47200$19317'.
  created $dff cell `$procdff$36014' with positive edge clock.
Creating register for signal `\AecGmemLsu.\heldCompareBytes_13_1' using process `\AecGmemLsu.$proc$rtl/sv/generated/eval_core/AecEvalCore.sv:47200$19317'.
  created $dff cell `$procdff$36015' with positive edge clock.
Creating register for signal `\AecGmemLsu.\heldCompareBytes_13_2' using process `\AecGmemLsu.$proc$rtl/sv/generated/eval_core/AecEvalCore.sv:47200$19317'.
  created $dff cell `$procdff$36016' with positive edge clock.
Creating register for signal `\AecGmemLsu.\heldCompareBytes_13_3' using process `\AecGmemLsu.$proc$rtl/sv/generated/eval_core/AecEvalCore.sv:47200$19317'.
  created $dff cell `$procdff$36017' with positive edge clock.
Creating register for signal `\AecGmemLsu.\heldCompareBytes_14_0' using process `\AecGmemLsu.$proc$rtl/sv/generated/eval_core/AecEvalCore.sv:47200$19317'.
  created $dff cell `$procdff$36018' with positive edge clock.
Creating register for signal `\AecGmemLsu.\heldCompareBytes_14_1' using process `\AecGmemLsu.$proc$rtl/sv/generated/eval_core/AecEvalCore.sv:47200$19317'.
  created $dff cell `$procdff$36019' with positive edge clock.
Creating register for signal `\AecGmemLsu.\heldCompareBytes_14_2' using process `\AecGmemLsu.$proc$rtl/sv/generated/eval_core/AecEvalCore.sv:47200$19317'.
  created $dff cell `$procdff$36020' with positive edge clock.
Creating register for signal `\AecGmemLsu.\heldCompareBytes_14_3' using process `\AecGmemLsu.$proc$rtl/sv/generated/eval_core/AecEvalCore.sv:47200$19317'.
  created $dff cell `$procdff$36021' with positive edge clock.
Creating register for signal `\AecGmemLsu.\heldCompareBytes_15_0' using process `\AecGmemLsu.$proc$rtl/sv/generated/eval_core/AecEvalCore.sv:47200$19317'.
  created $dff cell `$procdff$36022' with positive edge clock.
Creating register for signal `\AecGmemLsu.\heldCompareBytes_15_1' using process `\AecGmemLsu.$proc$rtl/sv/generated/eval_core/AecEvalCore.sv:47200$19317'.
  created $dff cell `$procdff$36023' with positive edge clock.
Creating register for signal `\AecGmemLsu.\heldCompareBytes_15_2' using process `\AecGmemLsu.$proc$rtl/sv/generated/eval_core/AecEvalCore.sv:47200$19317'.
  created $dff cell `$procdff$36024' with positive edge clock.
Creating register for signal `\AecGmemLsu.\heldCompareBytes_15_3' using process `\AecGmemLsu.$proc$rtl/sv/generated/eval_core/AecEvalCore.sv:47200$19317'.
  created $dff cell `$procdff$36025' with positive edge clock.
Creating register for signal `\AecGmemLsu.\heldCompareBytes_16_0' using process `\AecGmemLsu.$proc$rtl/sv/generated/eval_core/AecEvalCore.sv:47200$19317'.
  created $dff cell `$procdff$36026' with positive edge clock.
Creating register for signal `\AecGmemLsu.\heldCompareBytes_16_1' using process `\AecGmemLsu.$proc$rtl/sv/generated/eval_core/AecEvalCore.sv:47200$19317'.
  created $dff cell `$procdff$36027' with positive edge clock.
Creating register for signal `\AecGmemLsu.\heldCompareBytes_16_2' using process `\AecGmemLsu.$proc$rtl/sv/generated/eval_core/AecEvalCore.sv:47200$19317'.
  created $dff cell `$procdff$36028' with positive edge clock.
Creating register for signal `\AecGmemLsu.\heldCompareBytes_16_3' using process `\AecGmemLsu.$proc$rtl/sv/generated/eval_core/AecEvalCore.sv:47200$19317'.
  created $dff cell `$procdff$36029' with positive edge clock.
Creating register for signal `\AecGmemLsu.\heldCompareBytes_17_0' using process `\AecGmemLsu.$proc$rtl/sv/generated/eval_core/AecEvalCore.sv:47200$19317'.
  created $dff cell `$procdff$36030' with positive edge clock.
Creating register for signal `\AecGmemLsu.\heldCompareBytes_17_1' using process `\AecGmemLsu.$proc$rtl/sv/generated/eval_core/AecEvalCore.sv:47200$19317'.
  created $dff cell `$procdff$36031' with positive edge clock.
Creating register for signal `\AecGmemLsu.\heldCompareBytes_17_2' using process `\AecGmemLsu.$proc$rtl/sv/generated/eval_core/AecEvalCore.sv:47200$19317'.
  created $dff cell `$procdff$36032' with positive edge clock.
Creating register for signal `\AecGmemLsu.\heldCompareBytes_17_3' using process `\AecGmemLsu.$proc$rtl/sv/generated/eval_core/AecEvalCore.sv:47200$19317'.
  created $dff cell `$procdff$36033' with positive edge clock.
Creating register for signal `\AecGmemLsu.\heldCompareBytes_18_0' using process `\AecGmemLsu.$proc$rtl/sv/generated/eval_core/AecEvalCore.sv:47200$19317'.
  created $dff cell `$procdff$36034' with positive edge clock.
Creating register for signal `\AecGmemLsu.\heldCompareBytes_18_1' using process `\AecGmemLsu.$proc$rtl/sv/generated/eval_core/AecEvalCore.sv:47200$19317'.
  created $dff cell `$procdff$36035' with positive edge clock.
Creating register for signal `\AecGmemLsu.\heldCompareBytes_18_2' using process `\AecGmemLsu.$proc$rtl/sv/generated/eval_core/AecEvalCore.sv:47200$19317'.
  created $dff cell `$procdff$36036' with positive edge clock.
Creating register for signal `\AecGmemLsu.\heldCompareBytes_18_3' using process `\AecGmemLsu.$proc$rtl/sv/generated/eval_core/AecEvalCore.sv:47200$19317'.
  created $dff cell `$procdff$36037' with positive edge clock.
Creating register for signal `\AecGmemLsu.\heldCompareBytes_19_0' using process `\AecGmemLsu.$proc$rtl/sv/generated/eval_core/AecEvalCore.sv:47200$19317'.
  created $dff cell `$procdff$36038' with positive edge clock.
Creating register for signal `\AecGmemLsu.\heldCompareBytes_19_1' using process `\AecGmemLsu.$proc$rtl/sv/generated/eval_core/AecEvalCore.sv:47200$19317'.
  created $dff cell `$procdff$36039' with positive edge clock.
Creating register for signal `\AecGmemLsu.\heldCompareBytes_19_2' using process `\AecGmemLsu.$proc$rtl/sv/generated/eval_core/AecEvalCore.sv:47200$19317'.
  created $dff cell `$procdff$36040' with positive edge clock.
Creating register for signal `\AecGmemLsu.\heldCompareBytes_19_3' using process `\AecGmemLsu.$proc$rtl/sv/generated/eval_core/AecEvalCore.sv:47200$19317'.
  created $dff cell `$procdff$36041' with positive edge clock.
Creating register for signal `\AecGmemLsu.\heldCompareBytes_20_0' using process `\AecGmemLsu.$proc$rtl/sv/generated/eval_core/AecEvalCore.sv:47200$19317'.
  created $dff cell `$procdff$36042' with positive edge clock.
Creating register for signal `\AecGmemLsu.\heldCompareBytes_20_1' using process `\AecGmemLsu.$proc$rtl/sv/generated/eval_core/AecEvalCore.sv:47200$19317'.
  created $dff cell `$procdff$36043' with positive edge clock.
Creating register for signal `\AecGmemLsu.\heldCompareBytes_20_2' using process `\AecGmemLsu.$proc$rtl/sv/generated/eval_core/AecEvalCore.sv:47200$19317'.
  created $dff cell `$procdff$36044' with positive edge clock.
Creating register for signal `\AecGmemLsu.\heldCompareBytes_20_3' using process `\AecGmemLsu.$proc$rtl/sv/generated/eval_core/AecEvalCore.sv:47200$19317'.
  created $dff cell `$procdff$36045' with positive edge clock.
Creating register for signal `\AecGmemLsu.\heldCompareBytes_21_0' using process `\AecGmemLsu.$proc$rtl/sv/generated/eval_core/AecEvalCore.sv:47200$19317'.
  created $dff cell `$procdff$36046' with positive edge clock.
Creating register for signal `\AecGmemLsu.\heldCompareBytes_21_1' using process `\AecGmemLsu.$proc$rtl/sv/generated/eval_core/AecEvalCore.sv:47200$19317'.
  created $dff cell `$procdff$36047' with positive edge clock.
Creating register for signal `\AecGmemLsu.\heldCompareBytes_21_2' using process `\AecGmemLsu.$proc$rtl/sv/generated/eval_core/AecEvalCore.sv:47200$19317'.
  created $dff cell `$procdff$36048' with positive edge clock.
Creating register for signal `\AecGmemLsu.\heldCompareBytes_21_3' using process `\AecGmemLsu.$proc$rtl/sv/generated/eval_core/AecEvalCore.sv:47200$19317'.
  created $dff cell `$procdff$36049' with positive edge clock.
Creating register for signal `\AecGmemLsu.\heldCompareBytes_22_0' using process `\AecGmemLsu.$proc$rtl/sv/generated/eval_core/AecEvalCore.sv:47200$19317'.
  created $dff cell `$procdff$36050' with positive edge clock.
Creating register for signal `\AecGmemLsu.\heldCompareBytes_22_1' using process `\AecGmemLsu.$proc$rtl/sv/generated/eval_core/AecEvalCore.sv:47200$19317'.
  created $dff cell `$procdff$36051' with positive edge clock.
Creating register for signal `\AecGmemLsu.\heldCompareBytes_22_2' using process `\AecGmemLsu.$proc$rtl/sv/generated/eval_core/AecEvalCore.sv:47200$19317'.
  created $dff cell `$procdff$36052' with positive edge clock.
Creating register for signal `\AecGmemLsu.\heldCompareBytes_22_3' using process `\AecGmemLsu.$proc$rtl/sv/generated/eval_core/AecEvalCore.sv:47200$19317'.
  created $dff cell `$procdff$36053' with positive edge clock.
Creating register for signal `\AecGmemLsu.\heldCompareBytes_23_0' using process `\AecGmemLsu.$proc$rtl/sv/generated/eval_core/AecEvalCore.sv:47200$19317'.
  created $dff cell `$procdff$36054' with positive edge clock.
Creating register for signal `\AecGmemLsu.\heldCompareBytes_23_1' using process `\AecGmemLsu.$proc$rtl/sv/generated/eval_core/AecEvalCore.sv:47200$19317'.
  created $dff cell `$procdff$36055' with positive edge clock.
Creating register for signal `\AecGmemLsu.\heldCompareBytes_23_2' using process `\AecGmemLsu.$proc$rtl/sv/generated/eval_core/AecEvalCore.sv:47200$19317'.
  created $dff cell `$procdff$36056' with positive edge clock.
Creating register for signal `\AecGmemLsu.\heldCompareBytes_23_3' using process `\AecGmemLsu.$proc$rtl/sv/generated/eval_core/AecEvalCore.sv:47200$19317'.
  created $dff cell `$procdff$36057' with positive edge clock.
Creating register for signal `\AecGmemLsu.\heldCompareBytes_24_0' using process `\AecGmemLsu.$proc$rtl/sv/generated/eval_core/AecEvalCore.sv:47200$19317'.
  created $dff cell `$procdff$36058' with positive edge clock.
Creating register for signal `\AecGmemLsu.\heldCompareBytes_24_1' using process `\AecGmemLsu.$proc$rtl/sv/generated/eval_core/AecEvalCore.sv:47200$19317'.
  created $dff cell `$procdff$36059' with positive edge clock.
Creating register for signal `\AecGmemLsu.\heldCompareBytes_24_2' using process `\AecGmemLsu.$proc$rtl/sv/generated/eval_core/AecEvalCore.sv:47200$19317'.
  created $dff cell `$procdff$36060' with positive edge clock.
Creating register for signal `\AecGmemLsu.\heldCompareBytes_24_3' using process `\AecGmemLsu.$proc$rtl/sv/generated/eval_core/AecEvalCore.sv:47200$19317'.
  created $dff cell `$procdff$36061' with positive edge clock.
Creating register for signal `\AecGmemLsu.\heldCompareBytes_25_0' using process `\AecGmemLsu.$proc$rtl/sv/generated/eval_core/AecEvalCore.sv:47200$19317'.
  created $dff cell `$procdff$36062' with positive edge clock.
Creating register for signal `\AecGmemLsu.\heldCompareBytes_25_1' using process `\AecGmemLsu.$proc$rtl/sv/generated/eval_core/AecEvalCore.sv:47200$19317'.
  created $dff cell `$procdff$36063' with positive edge clock.
Creating register for signal `\AecGmemLsu.\heldCompareBytes_25_2' using process `\AecGmemLsu.$proc$rtl/sv/generated/eval_core/AecEvalCore.sv:47200$19317'.
  created $dff cell `$procdff$36064' with positive edge clock.
Creating register for signal `\AecGmemLsu.\heldCompareBytes_25_3' using process `\AecGmemLsu.$proc$rtl/sv/generated/eval_core/AecEvalCore.sv:47200$19317'.
  created $dff cell `$procdff$36065' with positive edge clock.
Creating register for signal `\AecGmemLsu.\heldCompareBytes_26_0' using process `\AecGmemLsu.$proc$rtl/sv/generated/eval_core/AecEvalCore.sv:47200$19317'.
  created $dff cell `$procdff$36066' with positive edge clock.
Creating register for signal `\AecGmemLsu.\heldCompareBytes_26_1' using process `\AecGmemLsu.$proc$rtl/sv/generated/eval_core/AecEvalCore.sv:47200$19317'.
  created $dff cell `$procdff$36067' with positive edge clock.
Creating register for signal `\AecGmemLsu.\heldCompareBytes_26_2' using process `\AecGmemLsu.$proc$rtl/sv/generated/eval_core/AecEvalCore.sv:47200$19317'.
  created $dff cell `$procdff$36068' with positive edge clock.
Creating register for signal `\AecGmemLsu.\heldCompareBytes_26_3' using process `\AecGmemLsu.$proc$rtl/sv/generated/eval_core/AecEvalCore.sv:47200$19317'.
  created $dff cell `$procdff$36069' with positive edge clock.
Creating register for signal `\AecGmemLsu.\heldCompareBytes_27_0' using process `\AecGmemLsu.$proc$rtl/sv/generated/eval_core/AecEvalCore.sv:47200$19317'.
  created $dff cell `$procdff$36070' with positive edge clock.
Creating register for signal `\AecGmemLsu.\heldCompareBytes_27_1' using process `\AecGmemLsu.$proc$rtl/sv/generated/eval_core/AecEvalCore.sv:47200$19317'.
  created $dff cell `$procdff$36071' with positive edge clock.
Creating register for signal `\AecGmemLsu.\heldCompareBytes_27_2' using process `\AecGmemLsu.$proc$rtl/sv/generated/eval_core/AecEvalCore.sv:47200$19317'.
  created $dff cell `$procdff$36072' with positive edge clock.
Creating register for signal `\AecGmemLsu.\heldCompareBytes_27_3' using process `\AecGmemLsu.$proc$rtl/sv/generated/eval_core/AecEvalCore.sv:47200$19317'.
  created $dff cell `$procdff$36073' with positive edge clock.
Creating register for signal `\AecGmemLsu.\heldCompareBytes_28_0' using process `\AecGmemLsu.$proc$rtl/sv/generated/eval_core/AecEvalCore.sv:47200$19317'.
  created $dff cell `$procdff$36074' with positive edge clock.
Creating register for signal `\AecGmemLsu.\heldCompareBytes_28_1' using process `\AecGmemLsu.$proc$rtl/sv/generated/eval_core/AecEvalCore.sv:47200$19317'.
  created $dff cell `$procdff$36075' with positive edge clock.
Creating register for signal `\AecGmemLsu.\heldCompareBytes_28_2' using process `\AecGmemLsu.$proc$rtl/sv/generated/eval_core/AecEvalCore.sv:47200$19317'.
  created $dff cell `$procdff$36076' with positive edge clock.
Creating register for signal `\AecGmemLsu.\heldCompareBytes_28_3' using process `\AecGmemLsu.$proc$rtl/sv/generated/eval_core/AecEvalCore.sv:47200$19317'.
  created $dff cell `$procdff$36077' with positive edge clock.
Creating register for signal `\AecGmemLsu.\heldCompareBytes_29_0' using process `\AecGmemLsu.$proc$rtl/sv/generated/eval_core/AecEvalCore.sv:47200$19317'.
  created $dff cell `$procdff$36078' with positive edge clock.
Creating register for signal `\AecGmemLsu.\heldCompareBytes_29_1' using process `\AecGmemLsu.$proc$rtl/sv/generated/eval_core/AecEvalCore.sv:47200$19317'.
  created $dff cell `$procdff$36079' with positive edge clock.
Creating register for signal `\AecGmemLsu.\heldCompareBytes_29_2' using process `\AecGmemLsu.$proc$rtl/sv/generated/eval_core/AecEvalCore.sv:47200$19317'.
  created $dff cell `$procdff$36080' with positive edge clock.
Creating register for signal `\AecGmemLsu.\heldCompareBytes_29_3' using process `\AecGmemLsu.$proc$rtl/sv/generated/eval_core/AecEvalCore.sv:47200$19317'.
  created $dff cell `$procdff$36081' with positive edge clock.
Creating register for signal `\AecGmemLsu.\heldCompareBytes_30_0' using process `\AecGmemLsu.$proc$rtl/sv/generated/eval_core/AecEvalCore.sv:47200$19317'.
  created $dff cell `$procdff$36082' with positive edge clock.
Creating register for signal `\AecGmemLsu.\heldCompareBytes_30_1' using process `\AecGmemLsu.$proc$rtl/sv/generated/eval_core/AecEvalCore.sv:47200$19317'.
  created $dff cell `$procdff$36083' with positive edge clock.
Creating register for signal `\AecGmemLsu.\heldCompareBytes_30_2' using process `\AecGmemLsu.$proc$rtl/sv/generated/eval_core/AecEvalCore.sv:47200$19317'.
  created $dff cell `$procdff$36084' with positive edge clock.
Creating register for signal `\AecGmemLsu.\heldCompareBytes_30_3' using process `\AecGmemLsu.$proc$rtl/sv/generated/eval_core/AecEvalCore.sv:47200$19317'.
  created $dff cell `$procdff$36085' with positive edge clock.
Creating register for signal `\AecGmemLsu.\heldCompareBytes_31_0' using process `\AecGmemLsu.$proc$rtl/sv/generated/eval_core/AecEvalCore.sv:47200$19317'.
  created $dff cell `$procdff$36086' with positive edge clock.
Creating register for signal `\AecGmemLsu.\heldCompareBytes_31_1' using process `\AecGmemLsu.$proc$rtl/sv/generated/eval_core/AecEvalCore.sv:47200$19317'.
  created $dff cell `$procdff$36087' with positive edge clock.
Creating register for signal `\AecGmemLsu.\heldCompareBytes_31_2' using process `\AecGmemLsu.$proc$rtl/sv/generated/eval_core/AecEvalCore.sv:47200$19317'.
  created $dff cell `$procdff$36088' with positive edge clock.
Creating register for signal `\AecGmemLsu.\heldCompareBytes_31_3' using process `\AecGmemLsu.$proc$rtl/sv/generated/eval_core/AecEvalCore.sv:47200$19317'.
  created $dff cell `$procdff$36089' with positive edge clock.
Creating register for signal `\AecGmemLsu.\loadSlotGroup_0' using process `\AecGmemLsu.$proc$rtl/sv/generated/eval_core/AecEvalCore.sv:47200$19317'.
  created $dff cell `$procdff$36090' with positive edge clock.
Creating register for signal `\AecGmemLsu.\loadSlotGroup_1' using process `\AecGmemLsu.$proc$rtl/sv/generated/eval_core/AecEvalCore.sv:47200$19317'.
  created $dff cell `$procdff$36091' with positive edge clock.
Creating register for signal `\AecGmemLsu.\loadSlotGroup_2' using process `\AecGmemLsu.$proc$rtl/sv/generated/eval_core/AecEvalCore.sv:47200$19317'.
  created $dff cell `$procdff$36092' with positive edge clock.
Creating register for signal `\AecGmemLsu.\loadSlotGroup_3' using process `\AecGmemLsu.$proc$rtl/sv/generated/eval_core/AecEvalCore.sv:47200$19317'.
  created $dff cell `$procdff$36093' with positive edge clock.
Creating register for signal `\AecGmemLsu.\loadSlotGroup_4' using process `\AecGmemLsu.$proc$rtl/sv/generated/eval_core/AecEvalCore.sv:47200$19317'.
  created $dff cell `$procdff$36094' with positive edge clock.
Creating register for signal `\AecGmemLsu.\loadSlotGroup_5' using process `\AecGmemLsu.$proc$rtl/sv/generated/eval_core/AecEvalCore.sv:47200$19317'.
  created $dff cell `$procdff$36095' with positive edge clock.
Creating register for signal `\AecGmemLsu.\loadSlotGroup_6' using process `\AecGmemLsu.$proc$rtl/sv/generated/eval_core/AecEvalCore.sv:47200$19317'.
  created $dff cell `$procdff$36096' with positive edge clock.
Creating register for signal `\AecGmemLsu.\loadSlotGroup_7' using process `\AecGmemLsu.$proc$rtl/sv/generated/eval_core/AecEvalCore.sv:47200$19317'.
  created $dff cell `$procdff$36097' with positive edge clock.
Creating register for signal `\AecGmemLsu.\loadSlotGroup_8' using process `\AecGmemLsu.$proc$rtl/sv/generated/eval_core/AecEvalCore.sv:47200$19317'.
  created $dff cell `$procdff$36098' with positive edge clock.
Creating register for signal `\AecGmemLsu.\loadSlotGroup_9' using process `\AecGmemLsu.$proc$rtl/sv/generated/eval_core/AecEvalCore.sv:47200$19317'.
  created $dff cell `$procdff$36099' with positive edge clock.
Creating register for signal `\AecGmemLsu.\loadSlotGroup_10' using process `\AecGmemLsu.$proc$rtl/sv/generated/eval_core/AecEvalCore.sv:47200$19317'.
  created $dff cell `$procdff$36100' with positive edge clock.
Creating register for signal `\AecGmemLsu.\loadSlotGroup_11' using process `\AecGmemLsu.$proc$rtl/sv/generated/eval_core/AecEvalCore.sv:47200$19317'.
  created $dff cell `$procdff$36101' with positive edge clock.
Creating register for signal `\AecGmemLsu.\loadSlotGroup_12' using process `\AecGmemLsu.$proc$rtl/sv/generated/eval_core/AecEvalCore.sv:47200$19317'.
  created $dff cell `$procdff$36102' with positive edge clock.
Creating register for signal `\AecGmemLsu.\loadSlotGroup_13' using process `\AecGmemLsu.$proc$rtl/sv/generated/eval_core/AecEvalCore.sv:47200$19317'.
  created $dff cell `$procdff$36103' with positive edge clock.
Creating register for signal `\AecGmemLsu.\loadSlotGroup_14' using process `\AecGmemLsu.$proc$rtl/sv/generated/eval_core/AecEvalCore.sv:47200$19317'.
  created $dff cell `$procdff$36104' with positive edge clock.
Creating register for signal `\AecGmemLsu.\loadSlotGroup_15' using process `\AecGmemLsu.$proc$rtl/sv/generated/eval_core/AecEvalCore.sv:47200$19317'.
  created $dff cell `$procdff$36105' with positive edge clock.
Creating register for signal `\AecGmemLsu.\loadSlotLine_0' using process `\AecGmemLsu.$proc$rtl/sv/generated/eval_core/AecEvalCore.sv:47200$19317'.
  created $dff cell `$procdff$36106' with positive edge clock.
Creating register for signal `\AecGmemLsu.\loadSlotLine_1' using process `\AecGmemLsu.$proc$rtl/sv/generated/eval_core/AecEvalCore.sv:47200$19317'.
  created $dff cell `$procdff$36107' with positive edge clock.
Creating register for signal `\AecGmemLsu.\loadSlotLine_2' using process `\AecGmemLsu.$proc$rtl/sv/generated/eval_core/AecEvalCore.sv:47200$19317'.
  created $dff cell `$procdff$36108' with positive edge clock.
Creating register for signal `\AecGmemLsu.\loadSlotLine_3' using process `\AecGmemLsu.$proc$rtl/sv/generated/eval_core/AecEvalCore.sv:47200$19317'.
  created $dff cell `$procdff$36109' with positive edge clock.
Creating register for signal `\AecGmemLsu.\loadSlotLine_4' using process `\AecGmemLsu.$proc$rtl/sv/generated/eval_core/AecEvalCore.sv:47200$19317'.
  created $dff cell `$procdff$36110' with positive edge clock.
Creating register for signal `\AecGmemLsu.\loadSlotLine_5' using process `\AecGmemLsu.$proc$rtl/sv/generated/eval_core/AecEvalCore.sv:47200$19317'.
  created $dff cell `$procdff$36111' with positive edge clock.
Creating register for signal `\AecGmemLsu.\loadSlotLine_6' using process `\AecGmemLsu.$proc$rtl/sv/generated/eval_core/AecEvalCore.sv:47200$19317'.
  created $dff cell `$procdff$36112' with positive edge clock.
Creating register for signal `\AecGmemLsu.\loadSlotLine_7' using process `\AecGmemLsu.$proc$rtl/sv/generated/eval_core/AecEvalCore.sv:47200$19317'.
  created $dff cell `$procdff$36113' with positive edge clock.
Creating register for signal `\AecGmemLsu.\loadSlotLine_8' using process `\AecGmemLsu.$proc$rtl/sv/generated/eval_core/AecEvalCore.sv:47200$19317'.
  created $dff cell `$procdff$36114' with positive edge clock.
Creating register for signal `\AecGmemLsu.\loadSlotLine_9' using process `\AecGmemLsu.$proc$rtl/sv/generated/eval_core/AecEvalCore.sv:47200$19317'.
  created $dff cell `$procdff$36115' with positive edge clock.
Creating register for signal `\AecGmemLsu.\loadSlotLine_10' using process `\AecGmemLsu.$proc$rtl/sv/generated/eval_core/AecEvalCore.sv:47200$19317'.
  created $dff cell `$procdff$36116' with positive edge clock.
Creating register for signal `\AecGmemLsu.\loadSlotLine_11' using process `\AecGmemLsu.$proc$rtl/sv/generated/eval_core/AecEvalCore.sv:47200$19317'.
  created $dff cell `$procdff$36117' with positive edge clock.
Creating register for signal `\AecGmemLsu.\loadSlotLine_12' using process `\AecGmemLsu.$proc$rtl/sv/generated/eval_core/AecEvalCore.sv:47200$19317'.
  created $dff cell `$procdff$36118' with positive edge clock.
Creating register for signal `\AecGmemLsu.\loadSlotLine_13' using process `\AecGmemLsu.$proc$rtl/sv/generated/eval_core/AecEvalCore.sv:47200$19317'.
  created $dff cell `$procdff$36119' with positive edge clock.
Creating register for signal `\AecGmemLsu.\loadSlotLine_14' using process `\AecGmemLsu.$proc$rtl/sv/generated/eval_core/AecEvalCore.sv:47200$19317'.
  created $dff cell `$procdff$36120' with positive edge clock.
Creating register for signal `\AecGmemLsu.\loadSlotLine_15' using process `\AecGmemLsu.$proc$rtl/sv/generated/eval_core/AecEvalCore.sv:47200$19317'.
  created $dff cell `$procdff$36121' with positive edge clock.
Creating register for signal `\AecGmemLsu.\loadReqLine' using process `\AecGmemLsu.$proc$rtl/sv/generated/eval_core/AecEvalCore.sv:47200$19317'.
  created $dff cell `$procdff$36122' with positive edge clock.
Creating register for signal `\AecGmemLsu.\loadReqToken' using process `\AecGmemLsu.$proc$rtl/sv/generated/eval_core/AecEvalCore.sv:47200$19317'.
  created $dff cell `$procdff$36123' with positive edge clock.
Creating register for signal `\AecGmemLineWord.\word' using process `\AecGmemLineWord.$proc$rtl/sv/generated/eval_core/AecEvalCore.sv:40946$15087'.
  created $dff cell `$procdff$36124' with positive edge clock.
Creating register for signal `\AecGmemLineWord.\strb' using process `\AecGmemLineWord.$proc$rtl/sv/generated/eval_core/AecEvalCore.sv:40946$15087'.
  created $dff cell `$procdff$36125' with positive edge clock.

3.10. Executing PROC_MEMWR pass (convert process memory writes to cells).

3.11. Executing PROC_CLEAN pass (remove empty switches from decision trees).
Found and cleaned up 2 empty switches in `\AecGmemLsu.$proc$rtl/sv/generated/eval_core/AecEvalCore.sv:52417$20301'.
Removing empty process `AecGmemLsu.$proc$rtl/sv/generated/eval_core/AecEvalCore.sv:52417$20301'.
Found and cleaned up 3 empty switches in `\AecGmemLsu.$proc$rtl/sv/generated/eval_core/AecEvalCore.sv:52400$20299'.
Removing empty process `AecGmemLsu.$proc$rtl/sv/generated/eval_core/AecEvalCore.sv:52400$20299'.
Found and cleaned up 3 empty switches in `\AecGmemLsu.$proc$rtl/sv/generated/eval_core/AecEvalCore.sv:52383$20297'.
Removing empty process `AecGmemLsu.$proc$rtl/sv/generated/eval_core/AecEvalCore.sv:52383$20297'.
Found and cleaned up 3 empty switches in `\AecGmemLsu.$proc$rtl/sv/generated/eval_core/AecEvalCore.sv:52366$20295'.
Removing empty process `AecGmemLsu.$proc$rtl/sv/generated/eval_core/AecEvalCore.sv:52366$20295'.
Found and cleaned up 3 empty switches in `\AecGmemLsu.$proc$rtl/sv/generated/eval_core/AecEvalCore.sv:52349$20293'.
Removing empty process `AecGmemLsu.$proc$rtl/sv/generated/eval_core/AecEvalCore.sv:52349$20293'.
Found and cleaned up 3 empty switches in `\AecGmemLsu.$proc$rtl/sv/generated/eval_core/AecEvalCore.sv:52332$20291'.
Removing empty process `AecGmemLsu.$proc$rtl/sv/generated/eval_core/AecEvalCore.sv:52332$20291'.
Found and cleaned up 3 empty switches in `\AecGmemLsu.$proc$rtl/sv/generated/eval_core/AecEvalCore.sv:52315$20289'.
Removing empty process `AecGmemLsu.$proc$rtl/sv/generated/eval_core/AecEvalCore.sv:52315$20289'.
Found and cleaned up 3 empty switches in `\AecGmemLsu.$proc$rtl/sv/generated/eval_core/AecEvalCore.sv:52298$20287'.
Removing empty process `AecGmemLsu.$proc$rtl/sv/generated/eval_core/AecEvalCore.sv:52298$20287'.
Found and cleaned up 3 empty switches in `\AecGmemLsu.$proc$rtl/sv/generated/eval_core/AecEvalCore.sv:52281$20285'.
Removing empty process `AecGmemLsu.$proc$rtl/sv/generated/eval_core/AecEvalCore.sv:52281$20285'.
Found and cleaned up 3 empty switches in `\AecGmemLsu.$proc$rtl/sv/generated/eval_core/AecEvalCore.sv:52264$20283'.
Removing empty process `AecGmemLsu.$proc$rtl/sv/generated/eval_core/AecEvalCore.sv:52264$20283'.
Found and cleaned up 3 empty switches in `\AecGmemLsu.$proc$rtl/sv/generated/eval_core/AecEvalCore.sv:52247$20281'.
Removing empty process `AecGmemLsu.$proc$rtl/sv/generated/eval_core/AecEvalCore.sv:52247$20281'.
Found and cleaned up 3 empty switches in `\AecGmemLsu.$proc$rtl/sv/generated/eval_core/AecEvalCore.sv:52230$20279'.
Removing empty process `AecGmemLsu.$proc$rtl/sv/generated/eval_core/AecEvalCore.sv:52230$20279'.
Found and cleaned up 3 empty switches in `\AecGmemLsu.$proc$rtl/sv/generated/eval_core/AecEvalCore.sv:52213$20277'.
Removing empty process `AecGmemLsu.$proc$rtl/sv/generated/eval_core/AecEvalCore.sv:52213$20277'.
Found and cleaned up 3 empty switches in `\AecGmemLsu.$proc$rtl/sv/generated/eval_core/AecEvalCore.sv:52196$20275'.
Removing empty process `AecGmemLsu.$proc$rtl/sv/generated/eval_core/AecEvalCore.sv:52196$20275'.
Found and cleaned up 3 empty switches in `\AecGmemLsu.$proc$rtl/sv/generated/eval_core/AecEvalCore.sv:52179$20273'.
Removing empty process `AecGmemLsu.$proc$rtl/sv/generated/eval_core/AecEvalCore.sv:52179$20273'.
Found and cleaned up 3 empty switches in `\AecGmemLsu.$proc$rtl/sv/generated/eval_core/AecEvalCore.sv:52162$20271'.
Removing empty process `AecGmemLsu.$proc$rtl/sv/generated/eval_core/AecEvalCore.sv:52162$20271'.
Found and cleaned up 3 empty switches in `\AecGmemLsu.$proc$rtl/sv/generated/eval_core/AecEvalCore.sv:52145$20269'.
Removing empty process `AecGmemLsu.$proc$rtl/sv/generated/eval_core/AecEvalCore.sv:52145$20269'.
Found and cleaned up 3 empty switches in `\AecGmemLsu.$proc$rtl/sv/generated/eval_core/AecEvalCore.sv:52128$20267'.
Removing empty process `AecGmemLsu.$proc$rtl/sv/generated/eval_core/AecEvalCore.sv:52128$20267'.
Found and cleaned up 3 empty switches in `\AecGmemLsu.$proc$rtl/sv/generated/eval_core/AecEvalCore.sv:52111$20265'.
Removing empty process `AecGmemLsu.$proc$rtl/sv/generated/eval_core/AecEvalCore.sv:52111$20265'.
Found and cleaned up 2 empty switches in `\AecGmemLsu.$proc$rtl/sv/generated/eval_core/AecEvalCore.sv:52098$20262'.
Removing empty process `AecGmemLsu.$proc$rtl/sv/generated/eval_core/AecEvalCore.sv:52098$20262'.
Found and cleaned up 2 empty switches in `\AecGmemLsu.$proc$rtl/sv/generated/eval_core/AecEvalCore.sv:52085$20259'.
Removing empty process `AecGmemLsu.$proc$rtl/sv/generated/eval_core/AecEvalCore.sv:52085$20259'.
Found and cleaned up 2 empty switches in `\AecGmemLsu.$proc$rtl/sv/generated/eval_core/AecEvalCore.sv:52072$20256'.
Removing empty process `AecGmemLsu.$proc$rtl/sv/generated/eval_core/AecEvalCore.sv:52072$20256'.
Found and cleaned up 2 empty switches in `\AecGmemLsu.$proc$rtl/sv/generated/eval_core/AecEvalCore.sv:52059$20253'.
Removing empty process `AecGmemLsu.$proc$rtl/sv/generated/eval_core/AecEvalCore.sv:52059$20253'.
Found and cleaned up 2 empty switches in `\AecGmemLsu.$proc$rtl/sv/generated/eval_core/AecEvalCore.sv:52046$20250'.
Removing empty process `AecGmemLsu.$proc$rtl/sv/generated/eval_core/AecEvalCore.sv:52046$20250'.
Found and cleaned up 2 empty switches in `\AecGmemLsu.$proc$rtl/sv/generated/eval_core/AecEvalCore.sv:52033$20247'.
Removing empty process `AecGmemLsu.$proc$rtl/sv/generated/eval_core/AecEvalCore.sv:52033$20247'.
Found and cleaned up 2 empty switches in `\AecGmemLsu.$proc$rtl/sv/generated/eval_core/AecEvalCore.sv:52020$20244'.
Removing empty process `AecGmemLsu.$proc$rtl/sv/generated/eval_core/AecEvalCore.sv:52020$20244'.
Found and cleaned up 2 empty switches in `\AecGmemLsu.$proc$rtl/sv/generated/eval_core/AecEvalCore.sv:52007$20241'.
Removing empty process `AecGmemLsu.$proc$rtl/sv/generated/eval_core/AecEvalCore.sv:52007$20241'.
Found and cleaned up 2 empty switches in `\AecGmemLsu.$proc$rtl/sv/generated/eval_core/AecEvalCore.sv:51994$20238'.
Removing empty process `AecGmemLsu.$proc$rtl/sv/generated/eval_core/AecEvalCore.sv:51994$20238'.
Found and cleaned up 2 empty switches in `\AecGmemLsu.$proc$rtl/sv/generated/eval_core/AecEvalCore.sv:51981$20235'.
Removing empty process `AecGmemLsu.$proc$rtl/sv/generated/eval_core/AecEvalCore.sv:51981$20235'.
Found and cleaned up 2 empty switches in `\AecGmemLsu.$proc$rtl/sv/generated/eval_core/AecEvalCore.sv:51968$20232'.
Removing empty process `AecGmemLsu.$proc$rtl/sv/generated/eval_core/AecEvalCore.sv:51968$20232'.
Found and cleaned up 2 empty switches in `\AecGmemLsu.$proc$rtl/sv/generated/eval_core/AecEvalCore.sv:51955$20229'.
Removing empty process `AecGmemLsu.$proc$rtl/sv/generated/eval_core/AecEvalCore.sv:51955$20229'.
Found and cleaned up 2 empty switches in `\AecGmemLsu.$proc$rtl/sv/generated/eval_core/AecEvalCore.sv:51942$20226'.
Removing empty process `AecGmemLsu.$proc$rtl/sv/generated/eval_core/AecEvalCore.sv:51942$20226'.
Found and cleaned up 2 empty switches in `\AecGmemLsu.$proc$rtl/sv/generated/eval_core/AecEvalCore.sv:51929$20223'.
Removing empty process `AecGmemLsu.$proc$rtl/sv/generated/eval_core/AecEvalCore.sv:51929$20223'.
Found and cleaned up 2 empty switches in `\AecGmemLsu.$proc$rtl/sv/generated/eval_core/AecEvalCore.sv:51916$20220'.
Removing empty process `AecGmemLsu.$proc$rtl/sv/generated/eval_core/AecEvalCore.sv:51916$20220'.
Found and cleaned up 2 empty switches in `\AecGmemLsu.$proc$rtl/sv/generated/eval_core/AecEvalCore.sv:51903$20217'.
Removing empty process `AecGmemLsu.$proc$rtl/sv/generated/eval_core/AecEvalCore.sv:51903$20217'.
Found and cleaned up 2 empty switches in `\AecGmemLsu.$proc$rtl/sv/generated/eval_core/AecEvalCore.sv:51890$20214'.
Removing empty process `AecGmemLsu.$proc$rtl/sv/generated/eval_core/AecEvalCore.sv:51890$20214'.
Found and cleaned up 2 empty switches in `\AecGmemLsu.$proc$rtl/sv/generated/eval_core/AecEvalCore.sv:51877$20211'.
Removing empty process `AecGmemLsu.$proc$rtl/sv/generated/eval_core/AecEvalCore.sv:51877$20211'.
Found and cleaned up 2 empty switches in `\AecGmemLsu.$proc$rtl/sv/generated/eval_core/AecEvalCore.sv:51864$20208'.
Removing empty process `AecGmemLsu.$proc$rtl/sv/generated/eval_core/AecEvalCore.sv:51864$20208'.
Found and cleaned up 2 empty switches in `\AecGmemLsu.$proc$rtl/sv/generated/eval_core/AecEvalCore.sv:51851$20205'.
Removing empty process `AecGmemLsu.$proc$rtl/sv/generated/eval_core/AecEvalCore.sv:51851$20205'.
Found and cleaned up 2 empty switches in `\AecGmemLsu.$proc$rtl/sv/generated/eval_core/AecEvalCore.sv:51838$20202'.
Removing empty process `AecGmemLsu.$proc$rtl/sv/generated/eval_core/AecEvalCore.sv:51838$20202'.
Found and cleaned up 2 empty switches in `\AecGmemLsu.$proc$rtl/sv/generated/eval_core/AecEvalCore.sv:51825$20199'.
Removing empty process `AecGmemLsu.$proc$rtl/sv/generated/eval_core/AecEvalCore.sv:51825$20199'.
Found and cleaned up 2 empty switches in `\AecGmemLsu.$proc$rtl/sv/generated/eval_core/AecEvalCore.sv:51812$20196'.
Removing empty process `AecGmemLsu.$proc$rtl/sv/generated/eval_core/AecEvalCore.sv:51812$20196'.
Found and cleaned up 2 empty switches in `\AecGmemLsu.$proc$rtl/sv/generated/eval_core/AecEvalCore.sv:51799$20193'.
Removing empty process `AecGmemLsu.$proc$rtl/sv/generated/eval_core/AecEvalCore.sv:51799$20193'.
Found and cleaned up 2 empty switches in `\AecGmemLsu.$proc$rtl/sv/generated/eval_core/AecEvalCore.sv:51786$20190'.
Removing empty process `AecGmemLsu.$proc$rtl/sv/generated/eval_core/AecEvalCore.sv:51786$20190'.
Found and cleaned up 2 empty switches in `\AecGmemLsu.$proc$rtl/sv/generated/eval_core/AecEvalCore.sv:51773$20187'.
Removing empty process `AecGmemLsu.$proc$rtl/sv/generated/eval_core/AecEvalCore.sv:51773$20187'.
Found and cleaned up 2 empty switches in `\AecGmemLsu.$proc$rtl/sv/generated/eval_core/AecEvalCore.sv:51760$20184'.
Removing empty process `AecGmemLsu.$proc$rtl/sv/generated/eval_core/AecEvalCore.sv:51760$20184'.
Found and cleaned up 2 empty switches in `\AecGmemLsu.$proc$rtl/sv/generated/eval_core/AecEvalCore.sv:51747$20181'.
Removing empty process `AecGmemLsu.$proc$rtl/sv/generated/eval_core/AecEvalCore.sv:51747$20181'.
Found and cleaned up 2 empty switches in `\AecGmemLsu.$proc$rtl/sv/generated/eval_core/AecEvalCore.sv:51734$20178'.
Removing empty process `AecGmemLsu.$proc$rtl/sv/generated/eval_core/AecEvalCore.sv:51734$20178'.
Found and cleaned up 2 empty switches in `\AecGmemLsu.$proc$rtl/sv/generated/eval_core/AecEvalCore.sv:51721$20175'.
Removing empty process `AecGmemLsu.$proc$rtl/sv/generated/eval_core/AecEvalCore.sv:51721$20175'.
Found and cleaned up 2 empty switches in `\AecGmemLsu.$proc$rtl/sv/generated/eval_core/AecEvalCore.sv:51708$20172'.
Removing empty process `AecGmemLsu.$proc$rtl/sv/generated/eval_core/AecEvalCore.sv:51708$20172'.
Found and cleaned up 2 empty switches in `\AecGmemLsu.$proc$rtl/sv/generated/eval_core/AecEvalCore.sv:51695$20169'.
Removing empty process `AecGmemLsu.$proc$rtl/sv/generated/eval_core/AecEvalCore.sv:51695$20169'.
Found and cleaned up 4 empty switches in `\AecGmemLsu.$proc$rtl/sv/generated/eval_core/AecEvalCore.sv:51678$20167'.
Removing empty process `AecGmemLsu.$proc$rtl/sv/generated/eval_core/AecEvalCore.sv:51678$20167'.
Found and cleaned up 2 empty switches in `\AecGmemLsu.$proc$rtl/sv/generated/eval_core/AecEvalCore.sv:51665$20163'.
Removing empty process `AecGmemLsu.$proc$rtl/sv/generated/eval_core/AecEvalCore.sv:51665$20163'.
Found and cleaned up 4 empty switches in `\AecGmemLsu.$proc$rtl/sv/generated/eval_core/AecEvalCore.sv:51648$20161'.
Removing empty process `AecGmemLsu.$proc$rtl/sv/generated/eval_core/AecEvalCore.sv:51648$20161'.
Found and cleaned up 4 empty switches in `\AecGmemLsu.$proc$rtl/sv/generated/eval_core/AecEvalCore.sv:51629$20158'.
Removing empty process `AecGmemLsu.$proc$rtl/sv/generated/eval_core/AecEvalCore.sv:51629$20158'.
Found and cleaned up 1 empty switch in `\AecGmemLsu.$proc$rtl/sv/generated/eval_core/AecEvalCore.sv:51622$20156'.
Removing empty process `AecGmemLsu.$proc$rtl/sv/generated/eval_core/AecEvalCore.sv:51622$20156'.
Found and cleaned up 1 empty switch in `\AecGmemLsu.$proc$rtl/sv/generated/eval_core/AecEvalCore.sv:51615$20154'.
Removing empty process `AecGmemLsu.$proc$rtl/sv/generated/eval_core/AecEvalCore.sv:51615$20154'.
Found and cleaned up 1 empty switch in `\AecGmemLsu.$proc$rtl/sv/generated/eval_core/AecEvalCore.sv:51608$20152'.
Removing empty process `AecGmemLsu.$proc$rtl/sv/generated/eval_core/AecEvalCore.sv:51608$20152'.
Found and cleaned up 1 empty switch in `\AecGmemLsu.$proc$rtl/sv/generated/eval_core/AecEvalCore.sv:51601$20150'.
Removing empty process `AecGmemLsu.$proc$rtl/sv/generated/eval_core/AecEvalCore.sv:51601$20150'.
Found and cleaned up 1 empty switch in `\AecGmemLsu.$proc$rtl/sv/generated/eval_core/AecEvalCore.sv:51594$20148'.
Removing empty process `AecGmemLsu.$proc$rtl/sv/generated/eval_core/AecEvalCore.sv:51594$20148'.
Found and cleaned up 1 empty switch in `\AecGmemLsu.$proc$rtl/sv/generated/eval_core/AecEvalCore.sv:51587$20146'.
Removing empty process `AecGmemLsu.$proc$rtl/sv/generated/eval_core/AecEvalCore.sv:51587$20146'.
Found and cleaned up 1 empty switch in `\AecGmemLsu.$proc$rtl/sv/generated/eval_core/AecEvalCore.sv:51580$20144'.
Removing empty process `AecGmemLsu.$proc$rtl/sv/generated/eval_core/AecEvalCore.sv:51580$20144'.
Found and cleaned up 1 empty switch in `\AecGmemLsu.$proc$rtl/sv/generated/eval_core/AecEvalCore.sv:51571$20143'.
Removing empty process `AecGmemLsu.$proc$rtl/sv/generated/eval_core/AecEvalCore.sv:51571$20143'.
Found and cleaned up 2 empty switches in `\AecGmemLsu.$proc$rtl/sv/generated/eval_core/AecEvalCore.sv:51558$20140'.
Removing empty process `AecGmemLsu.$proc$rtl/sv/generated/eval_core/AecEvalCore.sv:51558$20140'.
Found and cleaned up 5 empty switches in `\AecGmemLsu.$proc$rtl/sv/generated/eval_core/AecEvalCore.sv:51537$20137'.
Removing empty process `AecGmemLsu.$proc$rtl/sv/generated/eval_core/AecEvalCore.sv:51537$20137'.
Found and cleaned up 4 empty switches in `\AecGmemLsu.$proc$rtl/sv/generated/eval_core/AecEvalCore.sv:51518$20134'.
Removing empty process `AecGmemLsu.$proc$rtl/sv/generated/eval_core/AecEvalCore.sv:51518$20134'.
Found and cleaned up 1 empty switch in `\AecGmemLsu.$proc$rtl/sv/generated/eval_core/AecEvalCore.sv:51511$20132'.
Removing empty process `AecGmemLsu.$proc$rtl/sv/generated/eval_core/AecEvalCore.sv:51511$20132'.
Found and cleaned up 4 empty switches in `\AecGmemLsu.$proc$rtl/sv/generated/eval_core/AecEvalCore.sv:51492$20128'.
Removing empty process `AecGmemLsu.$proc$rtl/sv/generated/eval_core/AecEvalCore.sv:51492$20128'.
Removing empty process `AecGmemLsu.$proc$rtl/sv/generated/eval_core/AecEvalCore.sv:51485$20126'.
Removing empty process `AecGmemLsu.$proc$rtl/sv/generated/eval_core/AecEvalCore.sv:51478$20124'.
Removing empty process `AecGmemLsu.$proc$rtl/sv/generated/eval_core/AecEvalCore.sv:51471$20122'.
Removing empty process `AecGmemLsu.$proc$rtl/sv/generated/eval_core/AecEvalCore.sv:51464$20120'.
Removing empty process `AecGmemLsu.$proc$rtl/sv/generated/eval_core/AecEvalCore.sv:51457$20118'.
Removing empty process `AecGmemLsu.$proc$rtl/sv/generated/eval_core/AecEvalCore.sv:51450$20116'.
Removing empty process `AecGmemLsu.$proc$rtl/sv/generated/eval_core/AecEvalCore.sv:51443$20114'.
Removing empty process `AecGmemLsu.$proc$rtl/sv/generated/eval_core/AecEvalCore.sv:51436$20112'.
Removing empty process `AecGmemLsu.$proc$rtl/sv/generated/eval_core/AecEvalCore.sv:51429$20110'.
Removing empty process `AecGmemLsu.$proc$rtl/sv/generated/eval_core/AecEvalCore.sv:51422$20108'.
Removing empty process `AecGmemLsu.$proc$rtl/sv/generated/eval_core/AecEvalCore.sv:51415$20106'.
Removing empty process `AecGmemLsu.$proc$rtl/sv/generated/eval_core/AecEvalCore.sv:51408$20104'.
Removing empty process `AecGmemLsu.$proc$rtl/sv/generated/eval_core/AecEvalCore.sv:51401$20102'.
Removing empty process `AecGmemLsu.$proc$rtl/sv/generated/eval_core/AecEvalCore.sv:51394$20100'.
Removing empty process `AecGmemLsu.$proc$rtl/sv/generated/eval_core/AecEvalCore.sv:51387$20098'.
Removing empty process `AecGmemLsu.$proc$rtl/sv/generated/eval_core/AecEvalCore.sv:51380$20096'.
Removing empty process `AecGmemLsu.$proc$rtl/sv/generated/eval_core/AecEvalCore.sv:51373$20094'.
Removing empty process `AecGmemLsu.$proc$rtl/sv/generated/eval_core/AecEvalCore.sv:51366$20092'.
Removing empty process `AecGmemLsu.$proc$rtl/sv/generated/eval_core/AecEvalCore.sv:51359$20090'.
Removing empty process `AecGmemLsu.$proc$rtl/sv/generated/eval_core/AecEvalCore.sv:51352$20088'.
Removing empty process `AecGmemLsu.$proc$rtl/sv/generated/eval_core/AecEvalCore.sv:51345$20086'.
Removing empty process `AecGmemLsu.$proc$rtl/sv/generated/eval_core/AecEvalCore.sv:51338$20084'.
Removing empty process `AecGmemLsu.$proc$rtl/sv/generated/eval_core/AecEvalCore.sv:51331$20082'.
Removing empty process `AecGmemLsu.$proc$rtl/sv/generated/eval_core/AecEvalCore.sv:51324$20080'.
Removing empty process `AecGmemLsu.$proc$rtl/sv/generated/eval_core/AecEvalCore.sv:51317$20078'.
Removing empty process `AecGmemLsu.$proc$rtl/sv/generated/eval_core/AecEvalCore.sv:51310$20076'.
Removing empty process `AecGmemLsu.$proc$rtl/sv/generated/eval_core/AecEvalCore.sv:51303$20074'.
Removing empty process `AecGmemLsu.$proc$rtl/sv/generated/eval_core/AecEvalCore.sv:51296$20072'.
Removing empty process `AecGmemLsu.$proc$rtl/sv/generated/eval_core/AecEvalCore.sv:51289$20070'.
Removing empty process `AecGmemLsu.$proc$rtl/sv/generated/eval_core/AecEvalCore.sv:51282$20068'.
Removing empty process `AecGmemLsu.$proc$rtl/sv/generated/eval_core/AecEvalCore.sv:51275$20066'.
Removing empty process `AecGmemLsu.$proc$rtl/sv/generated/eval_core/AecEvalCore.sv:51268$20064'.
Removing empty process `AecGmemLsu.$proc$rtl/sv/generated/eval_core/AecEvalCore.sv:51261$20062'.
Removing empty process `AecGmemLsu.$proc$rtl/sv/generated/eval_core/AecEvalCore.sv:51254$20060'.
Removing empty process `AecGmemLsu.$proc$rtl/sv/generated/eval_core/AecEvalCore.sv:51247$20058'.
Removing empty process `AecGmemLsu.$proc$rtl/sv/generated/eval_core/AecEvalCore.sv:51240$20056'.
Removing empty process `AecGmemLsu.$proc$rtl/sv/generated/eval_core/AecEvalCore.sv:51233$20054'.
Removing empty process `AecGmemLsu.$proc$rtl/sv/generated/eval_core/AecEvalCore.sv:51226$20052'.
Removing empty process `AecGmemLsu.$proc$rtl/sv/generated/eval_core/AecEvalCore.sv:51219$20050'.
Removing empty process `AecGmemLsu.$proc$rtl/sv/generated/eval_core/AecEvalCore.sv:51212$20048'.
Removing empty process `AecGmemLsu.$proc$rtl/sv/generated/eval_core/AecEvalCore.sv:51205$20046'.
Removing empty process `AecGmemLsu.$proc$rtl/sv/generated/eval_core/AecEvalCore.sv:51198$20044'.
Removing empty process `AecGmemLsu.$proc$rtl/sv/generated/eval_core/AecEvalCore.sv:51191$20042'.
Removing empty process `AecGmemLsu.$proc$rtl/sv/generated/eval_core/AecEvalCore.sv:51184$20040'.
Removing empty process `AecGmemLsu.$proc$rtl/sv/generated/eval_core/AecEvalCore.sv:51177$20038'.
Removing empty process `AecGmemLsu.$proc$rtl/sv/generated/eval_core/AecEvalCore.sv:51170$20036'.
Removing empty process `AecGmemLsu.$proc$rtl/sv/generated/eval_core/AecEvalCore.sv:51163$20034'.
Removing empty process `AecGmemLsu.$proc$rtl/sv/generated/eval_core/AecEvalCore.sv:51156$20032'.
Removing empty process `AecGmemLsu.$proc$rtl/sv/generated/eval_core/AecEvalCore.sv:51149$20030'.
Removing empty process `AecGmemLsu.$proc$rtl/sv/generated/eval_core/AecEvalCore.sv:51142$20028'.
Removing empty process `AecGmemLsu.$proc$rtl/sv/generated/eval_core/AecEvalCore.sv:51135$20026'.
Removing empty process `AecGmemLsu.$proc$rtl/sv/generated/eval_core/AecEvalCore.sv:51128$20024'.
Removing empty process `AecGmemLsu.$proc$rtl/sv/generated/eval_core/AecEvalCore.sv:51121$20022'.
Removing empty process `AecGmemLsu.$proc$rtl/sv/generated/eval_core/AecEvalCore.sv:51114$20020'.
Removing empty process `AecGmemLsu.$proc$rtl/sv/generated/eval_core/AecEvalCore.sv:51107$20018'.
Removing empty process `AecGmemLsu.$proc$rtl/sv/generated/eval_core/AecEvalCore.sv:51100$20016'.
Removing empty process `AecGmemLsu.$proc$rtl/sv/generated/eval_core/AecEvalCore.sv:51093$20014'.
Removing empty process `AecGmemLsu.$proc$rtl/sv/generated/eval_core/AecEvalCore.sv:51086$20012'.
Removing empty process `AecGmemLsu.$proc$rtl/sv/generated/eval_core/AecEvalCore.sv:51079$20010'.
Removing empty process `AecGmemLsu.$proc$rtl/sv/generated/eval_core/AecEvalCore.sv:51072$20008'.
Removing empty process `AecGmemLsu.$proc$rtl/sv/generated/eval_core/AecEvalCore.sv:51065$20006'.
Removing empty process `AecGmemLsu.$proc$rtl/sv/generated/eval_core/AecEvalCore.sv:51058$20004'.
Removing empty process `AecGmemLsu.$proc$rtl/sv/generated/eval_core/AecEvalCore.sv:51051$20002'.
Removing empty process `AecGmemLsu.$proc$rtl/sv/generated/eval_core/AecEvalCore.sv:51044$20000'.
Removing empty process `AecGmemLsu.$proc$rtl/sv/generated/eval_core/AecEvalCore.sv:51037$19998'.
Removing empty process `AecGmemLsu.$proc$rtl/sv/generated/eval_core/AecEvalCore.sv:51030$19996'.
Removing empty process `AecGmemLsu.$proc$rtl/sv/generated/eval_core/AecEvalCore.sv:51023$19994'.
Removing empty process `AecGmemLsu.$proc$rtl/sv/generated/eval_core/AecEvalCore.sv:51016$19992'.
Removing empty process `AecGmemLsu.$proc$rtl/sv/generated/eval_core/AecEvalCore.sv:51009$19990'.
Removing empty process `AecGmemLsu.$proc$rtl/sv/generated/eval_core/AecEvalCore.sv:51002$19988'.
Removing empty process `AecGmemLsu.$proc$rtl/sv/generated/eval_core/AecEvalCore.sv:50995$19986'.
Removing empty process `AecGmemLsu.$proc$rtl/sv/generated/eval_core/AecEvalCore.sv:50988$19984'.
Removing empty process `AecGmemLsu.$proc$rtl/sv/generated/eval_core/AecEvalCore.sv:50981$19982'.
Removing empty process `AecGmemLsu.$proc$rtl/sv/generated/eval_core/AecEvalCore.sv:50974$19980'.
Removing empty process `AecGmemLsu.$proc$rtl/sv/generated/eval_core/AecEvalCore.sv:50967$19978'.
Removing empty process `AecGmemLsu.$proc$rtl/sv/generated/eval_core/AecEvalCore.sv:50960$19976'.
Removing empty process `AecGmemLsu.$proc$rtl/sv/generated/eval_core/AecEvalCore.sv:50953$19974'.
Removing empty process `AecGmemLsu.$proc$rtl/sv/generated/eval_core/AecEvalCore.sv:50946$19972'.
Removing empty process `AecGmemLsu.$proc$rtl/sv/generated/eval_core/AecEvalCore.sv:50939$19970'.
Removing empty process `AecGmemLsu.$proc$rtl/sv/generated/eval_core/AecEvalCore.sv:50932$19968'.
Removing empty process `AecGmemLsu.$proc$rtl/sv/generated/eval_core/AecEvalCore.sv:50925$19966'.
Removing empty process `AecGmemLsu.$proc$rtl/sv/generated/eval_core/AecEvalCore.sv:50918$19964'.
Removing empty process `AecGmemLsu.$proc$rtl/sv/generated/eval_core/AecEvalCore.sv:50911$19962'.
Removing empty process `AecGmemLsu.$proc$rtl/sv/generated/eval_core/AecEvalCore.sv:50904$19960'.
Removing empty process `AecGmemLsu.$proc$rtl/sv/generated/eval_core/AecEvalCore.sv:50897$19958'.
Removing empty process `AecGmemLsu.$proc$rtl/sv/generated/eval_core/AecEvalCore.sv:50890$19956'.
Removing empty process `AecGmemLsu.$proc$rtl/sv/generated/eval_core/AecEvalCore.sv:50883$19954'.
Removing empty process `AecGmemLsu.$proc$rtl/sv/generated/eval_core/AecEvalCore.sv:50876$19952'.
Removing empty process `AecGmemLsu.$proc$rtl/sv/generated/eval_core/AecEvalCore.sv:50869$19950'.
Removing empty process `AecGmemLsu.$proc$rtl/sv/generated/eval_core/AecEvalCore.sv:50862$19948'.
Removing empty process `AecGmemLsu.$proc$rtl/sv/generated/eval_core/AecEvalCore.sv:50855$19946'.
Removing empty process `AecGmemLsu.$proc$rtl/sv/generated/eval_core/AecEvalCore.sv:50848$19944'.
Removing empty process `AecGmemLsu.$proc$rtl/sv/generated/eval_core/AecEvalCore.sv:50841$19942'.
Removing empty process `AecGmemLsu.$proc$rtl/sv/generated/eval_core/AecEvalCore.sv:50834$19940'.
Removing empty process `AecGmemLsu.$proc$rtl/sv/generated/eval_core/AecEvalCore.sv:50827$19938'.
Removing empty process `AecGmemLsu.$proc$rtl/sv/generated/eval_core/AecEvalCore.sv:50820$19936'.
Removing empty process `AecGmemLsu.$proc$rtl/sv/generated/eval_core/AecEvalCore.sv:50813$19934'.
Removing empty process `AecGmemLsu.$proc$rtl/sv/generated/eval_core/AecEvalCore.sv:50806$19932'.
Removing empty process `AecGmemLsu.$proc$rtl/sv/generated/eval_core/AecEvalCore.sv:50799$19930'.
Removing empty process `AecGmemLsu.$proc$rtl/sv/generated/eval_core/AecEvalCore.sv:50792$19928'.
Removing empty process `AecGmemLsu.$proc$rtl/sv/generated/eval_core/AecEvalCore.sv:50785$19926'.
Removing empty process `AecGmemLsu.$proc$rtl/sv/generated/eval_core/AecEvalCore.sv:50778$19924'.
Removing empty process `AecGmemLsu.$proc$rtl/sv/generated/eval_core/AecEvalCore.sv:50771$19922'.
Removing empty process `AecGmemLsu.$proc$rtl/sv/generated/eval_core/AecEvalCore.sv:50764$19920'.
Removing empty process `AecGmemLsu.$proc$rtl/sv/generated/eval_core/AecEvalCore.sv:50757$19918'.
Removing empty process `AecGmemLsu.$proc$rtl/sv/generated/eval_core/AecEvalCore.sv:50750$19916'.
Removing empty process `AecGmemLsu.$proc$rtl/sv/generated/eval_core/AecEvalCore.sv:50743$19914'.
Removing empty process `AecGmemLsu.$proc$rtl/sv/generated/eval_core/AecEvalCore.sv:50736$19912'.
Removing empty process `AecGmemLsu.$proc$rtl/sv/generated/eval_core/AecEvalCore.sv:50729$19910'.
Removing empty process `AecGmemLsu.$proc$rtl/sv/generated/eval_core/AecEvalCore.sv:50722$19908'.
Removing empty process `AecGmemLsu.$proc$rtl/sv/generated/eval_core/AecEvalCore.sv:50715$19906'.
Removing empty process `AecGmemLsu.$proc$rtl/sv/generated/eval_core/AecEvalCore.sv:50708$19904'.
Removing empty process `AecGmemLsu.$proc$rtl/sv/generated/eval_core/AecEvalCore.sv:50701$19902'.
Removing empty process `AecGmemLsu.$proc$rtl/sv/generated/eval_core/AecEvalCore.sv:50694$19900'.
Removing empty process `AecGmemLsu.$proc$rtl/sv/generated/eval_core/AecEvalCore.sv:50687$19898'.
Removing empty process `AecGmemLsu.$proc$rtl/sv/generated/eval_core/AecEvalCore.sv:50680$19896'.
Removing empty process `AecGmemLsu.$proc$rtl/sv/generated/eval_core/AecEvalCore.sv:50673$19894'.
Removing empty process `AecGmemLsu.$proc$rtl/sv/generated/eval_core/AecEvalCore.sv:50666$19892'.
Removing empty process `AecGmemLsu.$proc$rtl/sv/generated/eval_core/AecEvalCore.sv:50659$19890'.
Removing empty process `AecGmemLsu.$proc$rtl/sv/generated/eval_core/AecEvalCore.sv:50652$19888'.
Removing empty process `AecGmemLsu.$proc$rtl/sv/generated/eval_core/AecEvalCore.sv:50645$19886'.
Removing empty process `AecGmemLsu.$proc$rtl/sv/generated/eval_core/AecEvalCore.sv:50638$19884'.
Removing empty process `AecGmemLsu.$proc$rtl/sv/generated/eval_core/AecEvalCore.sv:50631$19882'.
Removing empty process `AecGmemLsu.$proc$rtl/sv/generated/eval_core/AecEvalCore.sv:50624$19880'.
Removing empty process `AecGmemLsu.$proc$rtl/sv/generated/eval_core/AecEvalCore.sv:50617$19878'.
Removing empty process `AecGmemLsu.$proc$rtl/sv/generated/eval_core/AecEvalCore.sv:50610$19876'.
Removing empty process `AecGmemLsu.$proc$rtl/sv/generated/eval_core/AecEvalCore.sv:50603$19874'.
Removing empty process `AecGmemLsu.$proc$rtl/sv/generated/eval_core/AecEvalCore.sv:50596$19872'.
Removing empty process `AecGmemLsu.$proc$rtl/sv/generated/eval_core/AecEvalCore.sv:50589$19870'.
Removing empty process `AecGmemLsu.$proc$rtl/sv/generated/eval_core/AecEvalCore.sv:50582$19868'.
Removing empty process `AecGmemLsu.$proc$rtl/sv/generated/eval_core/AecEvalCore.sv:50575$19866'.
Removing empty process `AecGmemLsu.$proc$rtl/sv/generated/eval_core/AecEvalCore.sv:50568$19864'.
Removing empty process `AecGmemLsu.$proc$rtl/sv/generated/eval_core/AecEvalCore.sv:50561$19862'.
Removing empty process `AecGmemLsu.$proc$rtl/sv/generated/eval_core/AecEvalCore.sv:50554$19860'.
Removing empty process `AecGmemLsu.$proc$rtl/sv/generated/eval_core/AecEvalCore.sv:50547$19858'.
Removing empty process `AecGmemLsu.$proc$rtl/sv/generated/eval_core/AecEvalCore.sv:50540$19856'.
Removing empty process `AecGmemLsu.$proc$rtl/sv/generated/eval_core/AecEvalCore.sv:50533$19854'.
Removing empty process `AecGmemLsu.$proc$rtl/sv/generated/eval_core/AecEvalCore.sv:50526$19852'.
Removing empty process `AecGmemLsu.$proc$rtl/sv/generated/eval_core/AecEvalCore.sv:50519$19850'.
Removing empty process `AecGmemLsu.$proc$rtl/sv/generated/eval_core/AecEvalCore.sv:50512$19848'.
Removing empty process `AecGmemLsu.$proc$rtl/sv/generated/eval_core/AecEvalCore.sv:50505$19846'.
Removing empty process `AecGmemLsu.$proc$rtl/sv/generated/eval_core/AecEvalCore.sv:50498$19844'.
Removing empty process `AecGmemLsu.$proc$rtl/sv/generated/eval_core/AecEvalCore.sv:50491$19842'.
Removing empty process `AecGmemLsu.$proc$rtl/sv/generated/eval_core/AecEvalCore.sv:50484$19840'.
Removing empty process `AecGmemLsu.$proc$rtl/sv/generated/eval_core/AecEvalCore.sv:50477$19838'.
Removing empty process `AecGmemLsu.$proc$rtl/sv/generated/eval_core/AecEvalCore.sv:50470$19836'.
Removing empty process `AecGmemLsu.$proc$rtl/sv/generated/eval_core/AecEvalCore.sv:50463$19834'.
Removing empty process `AecGmemLsu.$proc$rtl/sv/generated/eval_core/AecEvalCore.sv:50456$19832'.
Removing empty process `AecGmemLsu.$proc$rtl/sv/generated/eval_core/AecEvalCore.sv:50449$19830'.
Removing empty process `AecGmemLsu.$proc$rtl/sv/generated/eval_core/AecEvalCore.sv:50442$19828'.
Removing empty process `AecGmemLsu.$proc$rtl/sv/generated/eval_core/AecEvalCore.sv:50435$19826'.
Removing empty process `AecGmemLsu.$proc$rtl/sv/generated/eval_core/AecEvalCore.sv:50428$19824'.
Removing empty process `AecGmemLsu.$proc$rtl/sv/generated/eval_core/AecEvalCore.sv:50421$19822'.
Removing empty process `AecGmemLsu.$proc$rtl/sv/generated/eval_core/AecEvalCore.sv:50414$19820'.
Removing empty process `AecGmemLsu.$proc$rtl/sv/generated/eval_core/AecEvalCore.sv:50407$19818'.
Removing empty process `AecGmemLsu.$proc$rtl/sv/generated/eval_core/AecEvalCore.sv:50400$19816'.
Removing empty process `AecGmemLsu.$proc$rtl/sv/generated/eval_core/AecEvalCore.sv:50393$19814'.
Removing empty process `AecGmemLsu.$proc$rtl/sv/generated/eval_core/AecEvalCore.sv:50386$19812'.
Removing empty process `AecGmemLsu.$proc$rtl/sv/generated/eval_core/AecEvalCore.sv:50379$19810'.
Removing empty process `AecGmemLsu.$proc$rtl/sv/generated/eval_core/AecEvalCore.sv:50372$19808'.
Removing empty process `AecGmemLsu.$proc$rtl/sv/generated/eval_core/AecEvalCore.sv:50365$19806'.
Removing empty process `AecGmemLsu.$proc$rtl/sv/generated/eval_core/AecEvalCore.sv:50358$19804'.
Removing empty process `AecGmemLsu.$proc$rtl/sv/generated/eval_core/AecEvalCore.sv:50351$19802'.
Removing empty process `AecGmemLsu.$proc$rtl/sv/generated/eval_core/AecEvalCore.sv:50344$19800'.
Removing empty process `AecGmemLsu.$proc$rtl/sv/generated/eval_core/AecEvalCore.sv:50337$19798'.
Removing empty process `AecGmemLsu.$proc$rtl/sv/generated/eval_core/AecEvalCore.sv:50330$19796'.
Removing empty process `AecGmemLsu.$proc$rtl/sv/generated/eval_core/AecEvalCore.sv:50323$19794'.
Removing empty process `AecGmemLsu.$proc$rtl/sv/generated/eval_core/AecEvalCore.sv:50316$19792'.
Removing empty process `AecGmemLsu.$proc$rtl/sv/generated/eval_core/AecEvalCore.sv:50309$19790'.
Removing empty process `AecGmemLsu.$proc$rtl/sv/generated/eval_core/AecEvalCore.sv:50302$19788'.
Removing empty process `AecGmemLsu.$proc$rtl/sv/generated/eval_core/AecEvalCore.sv:50295$19786'.
Removing empty process `AecGmemLsu.$proc$rtl/sv/generated/eval_core/AecEvalCore.sv:50288$19784'.
Removing empty process `AecGmemLsu.$proc$rtl/sv/generated/eval_core/AecEvalCore.sv:50281$19782'.
Removing empty process `AecGmemLsu.$proc$rtl/sv/generated/eval_core/AecEvalCore.sv:50274$19780'.
Removing empty process `AecGmemLsu.$proc$rtl/sv/generated/eval_core/AecEvalCore.sv:50267$19778'.
Removing empty process `AecGmemLsu.$proc$rtl/sv/generated/eval_core/AecEvalCore.sv:50260$19776'.
Removing empty process `AecGmemLsu.$proc$rtl/sv/generated/eval_core/AecEvalCore.sv:50253$19774'.
Removing empty process `AecGmemLsu.$proc$rtl/sv/generated/eval_core/AecEvalCore.sv:50246$19772'.
Removing empty process `AecGmemLsu.$proc$rtl/sv/generated/eval_core/AecEvalCore.sv:50239$19770'.
Removing empty process `AecGmemLsu.$proc$rtl/sv/generated/eval_core/AecEvalCore.sv:50232$19768'.
Removing empty process `AecGmemLsu.$proc$rtl/sv/generated/eval_core/AecEvalCore.sv:50225$19766'.
Removing empty process `AecGmemLsu.$proc$rtl/sv/generated/eval_core/AecEvalCore.sv:50218$19764'.
Removing empty process `AecGmemLsu.$proc$rtl/sv/generated/eval_core/AecEvalCore.sv:50211$19762'.
Removing empty process `AecGmemLsu.$proc$rtl/sv/generated/eval_core/AecEvalCore.sv:50204$19760'.
Removing empty process `AecGmemLsu.$proc$rtl/sv/generated/eval_core/AecEvalCore.sv:50197$19758'.
Removing empty process `AecGmemLsu.$proc$rtl/sv/generated/eval_core/AecEvalCore.sv:50190$19756'.
Removing empty process `AecGmemLsu.$proc$rtl/sv/generated/eval_core/AecEvalCore.sv:50183$19754'.
Removing empty process `AecGmemLsu.$proc$rtl/sv/generated/eval_core/AecEvalCore.sv:50176$19752'.
Removing empty process `AecGmemLsu.$proc$rtl/sv/generated/eval_core/AecEvalCore.sv:50169$19750'.
Removing empty process `AecGmemLsu.$proc$rtl/sv/generated/eval_core/AecEvalCore.sv:50162$19748'.
Removing empty process `AecGmemLsu.$proc$rtl/sv/generated/eval_core/AecEvalCore.sv:50155$19746'.
Removing empty process `AecGmemLsu.$proc$rtl/sv/generated/eval_core/AecEvalCore.sv:50148$19744'.
Removing empty process `AecGmemLsu.$proc$rtl/sv/generated/eval_core/AecEvalCore.sv:50141$19742'.
Removing empty process `AecGmemLsu.$proc$rtl/sv/generated/eval_core/AecEvalCore.sv:50134$19740'.
Removing empty process `AecGmemLsu.$proc$rtl/sv/generated/eval_core/AecEvalCore.sv:50127$19738'.
Removing empty process `AecGmemLsu.$proc$rtl/sv/generated/eval_core/AecEvalCore.sv:50120$19736'.
Removing empty process `AecGmemLsu.$proc$rtl/sv/generated/eval_core/AecEvalCore.sv:50113$19734'.
Removing empty process `AecGmemLsu.$proc$rtl/sv/generated/eval_core/AecEvalCore.sv:50106$19732'.
Removing empty process `AecGmemLsu.$proc$rtl/sv/generated/eval_core/AecEvalCore.sv:50099$19730'.
Removing empty process `AecGmemLsu.$proc$rtl/sv/generated/eval_core/AecEvalCore.sv:50092$19728'.
Removing empty process `AecGmemLsu.$proc$rtl/sv/generated/eval_core/AecEvalCore.sv:50085$19726'.
Removing empty process `AecGmemLsu.$proc$rtl/sv/generated/eval_core/AecEvalCore.sv:50078$19724'.
Removing empty process `AecGmemLsu.$proc$rtl/sv/generated/eval_core/AecEvalCore.sv:50071$19722'.
Removing empty process `AecGmemLsu.$proc$rtl/sv/generated/eval_core/AecEvalCore.sv:50064$19720'.
Removing empty process `AecGmemLsu.$proc$rtl/sv/generated/eval_core/AecEvalCore.sv:50057$19718'.
Removing empty process `AecGmemLsu.$proc$rtl/sv/generated/eval_core/AecEvalCore.sv:50050$19716'.
Removing empty process `AecGmemLsu.$proc$rtl/sv/generated/eval_core/AecEvalCore.sv:50043$19714'.
Removing empty process `AecGmemLsu.$proc$rtl/sv/generated/eval_core/AecEvalCore.sv:50036$19712'.
Removing empty process `AecGmemLsu.$proc$rtl/sv/generated/eval_core/AecEvalCore.sv:50029$19710'.
Removing empty process `AecGmemLsu.$proc$rtl/sv/generated/eval_core/AecEvalCore.sv:50022$19708'.
Removing empty process `AecGmemLsu.$proc$rtl/sv/generated/eval_core/AecEvalCore.sv:50015$19706'.
Removing empty process `AecGmemLsu.$proc$rtl/sv/generated/eval_core/AecEvalCore.sv:50008$19704'.
Removing empty process `AecGmemLsu.$proc$rtl/sv/generated/eval_core/AecEvalCore.sv:50001$19702'.
Removing empty process `AecGmemLsu.$proc$rtl/sv/generated/eval_core/AecEvalCore.sv:49994$19700'.
Removing empty process `AecGmemLsu.$proc$rtl/sv/generated/eval_core/AecEvalCore.sv:49987$19698'.
Removing empty process `AecGmemLsu.$proc$rtl/sv/generated/eval_core/AecEvalCore.sv:49980$19696'.
Removing empty process `AecGmemLsu.$proc$rtl/sv/generated/eval_core/AecEvalCore.sv:49973$19694'.
Removing empty process `AecGmemLsu.$proc$rtl/sv/generated/eval_core/AecEvalCore.sv:49966$19692'.
Removing empty process `AecGmemLsu.$proc$rtl/sv/generated/eval_core/AecEvalCore.sv:49959$19690'.
Removing empty process `AecGmemLsu.$proc$rtl/sv/generated/eval_core/AecEvalCore.sv:49952$19688'.
Removing empty process `AecGmemLsu.$proc$rtl/sv/generated/eval_core/AecEvalCore.sv:49945$19686'.
Removing empty process `AecGmemLsu.$proc$rtl/sv/generated/eval_core/AecEvalCore.sv:49938$19684'.
Removing empty process `AecGmemLsu.$proc$rtl/sv/generated/eval_core/AecEvalCore.sv:49931$19682'.
Removing empty process `AecGmemLsu.$proc$rtl/sv/generated/eval_core/AecEvalCore.sv:49924$19680'.
Removing empty process `AecGmemLsu.$proc$rtl/sv/generated/eval_core/AecEvalCore.sv:49917$19678'.
Removing empty process `AecGmemLsu.$proc$rtl/sv/generated/eval_core/AecEvalCore.sv:49910$19676'.
Removing empty process `AecGmemLsu.$proc$rtl/sv/generated/eval_core/AecEvalCore.sv:49903$19674'.
Removing empty process `AecGmemLsu.$proc$rtl/sv/generated/eval_core/AecEvalCore.sv:49896$19672'.
Removing empty process `AecGmemLsu.$proc$rtl/sv/generated/eval_core/AecEvalCore.sv:49889$19670'.
Removing empty process `AecGmemLsu.$proc$rtl/sv/generated/eval_core/AecEvalCore.sv:49882$19668'.
Removing empty process `AecGmemLsu.$proc$rtl/sv/generated/eval_core/AecEvalCore.sv:49875$19666'.
Removing empty process `AecGmemLsu.$proc$rtl/sv/generated/eval_core/AecEvalCore.sv:49868$19664'.
Removing empty process `AecGmemLsu.$proc$rtl/sv/generated/eval_core/AecEvalCore.sv:49861$19662'.
Removing empty process `AecGmemLsu.$proc$rtl/sv/generated/eval_core/AecEvalCore.sv:49854$19660'.
Removing empty process `AecGmemLsu.$proc$rtl/sv/generated/eval_core/AecEvalCore.sv:49847$19658'.
Removing empty process `AecGmemLsu.$proc$rtl/sv/generated/eval_core/AecEvalCore.sv:49840$19656'.
Removing empty process `AecGmemLsu.$proc$rtl/sv/generated/eval_core/AecEvalCore.sv:49833$19654'.
Removing empty process `AecGmemLsu.$proc$rtl/sv/generated/eval_core/AecEvalCore.sv:49826$19652'.
Removing empty process `AecGmemLsu.$proc$rtl/sv/generated/eval_core/AecEvalCore.sv:49819$19650'.
Removing empty process `AecGmemLsu.$proc$rtl/sv/generated/eval_core/AecEvalCore.sv:49812$19648'.
Removing empty process `AecGmemLsu.$proc$rtl/sv/generated/eval_core/AecEvalCore.sv:49805$19646'.
Removing empty process `AecGmemLsu.$proc$rtl/sv/generated/eval_core/AecEvalCore.sv:49798$19644'.
Removing empty process `AecGmemLsu.$proc$rtl/sv/generated/eval_core/AecEvalCore.sv:49791$19642'.
Removing empty process `AecGmemLsu.$proc$rtl/sv/generated/eval_core/AecEvalCore.sv:49784$19640'.
Removing empty process `AecGmemLsu.$proc$rtl/sv/generated/eval_core/AecEvalCore.sv:49777$19638'.
Removing empty process `AecGmemLsu.$proc$rtl/sv/generated/eval_core/AecEvalCore.sv:49770$19636'.
Removing empty process `AecGmemLsu.$proc$rtl/sv/generated/eval_core/AecEvalCore.sv:49763$19634'.
Removing empty process `AecGmemLsu.$proc$rtl/sv/generated/eval_core/AecEvalCore.sv:49756$19632'.
Removing empty process `AecGmemLsu.$proc$rtl/sv/generated/eval_core/AecEvalCore.sv:49749$19630'.
Removing empty process `AecGmemLsu.$proc$rtl/sv/generated/eval_core/AecEvalCore.sv:49742$19628'.
Removing empty process `AecGmemLsu.$proc$rtl/sv/generated/eval_core/AecEvalCore.sv:49735$19626'.
Removing empty process `AecGmemLsu.$proc$rtl/sv/generated/eval_core/AecEvalCore.sv:49728$19624'.
Removing empty process `AecGmemLsu.$proc$rtl/sv/generated/eval_core/AecEvalCore.sv:49721$19622'.
Removing empty process `AecGmemLsu.$proc$rtl/sv/generated/eval_core/AecEvalCore.sv:49714$19620'.
Removing empty process `AecGmemLsu.$proc$rtl/sv/generated/eval_core/AecEvalCore.sv:49707$19618'.
Removing empty process `AecGmemLsu.$proc$rtl/sv/generated/eval_core/AecEvalCore.sv:49700$19616'.
Removing empty process `AecGmemLsu.$proc$rtl/sv/generated/eval_core/AecEvalCore.sv:49693$19614'.
Removing empty process `AecGmemLsu.$proc$rtl/sv/generated/eval_core/AecEvalCore.sv:49686$19612'.
Removing empty process `AecGmemLsu.$proc$rtl/sv/generated/eval_core/AecEvalCore.sv:49679$19610'.
Removing empty process `AecGmemLsu.$proc$rtl/sv/generated/eval_core/AecEvalCore.sv:49672$19608'.
Removing empty process `AecGmemLsu.$proc$rtl/sv/generated/eval_core/AecEvalCore.sv:49665$19606'.
Removing empty process `AecGmemLsu.$proc$rtl/sv/generated/eval_core/AecEvalCore.sv:49658$19604'.
Removing empty process `AecGmemLsu.$proc$rtl/sv/generated/eval_core/AecEvalCore.sv:49651$19602'.
Removing empty process `AecGmemLsu.$proc$rtl/sv/generated/eval_core/AecEvalCore.sv:49644$19600'.
Removing empty process `AecGmemLsu.$proc$rtl/sv/generated/eval_core/AecEvalCore.sv:49637$19598'.
Removing empty process `AecGmemLsu.$proc$rtl/sv/generated/eval_core/AecEvalCore.sv:49630$19596'.
Removing empty process `AecGmemLsu.$proc$rtl/sv/generated/eval_core/AecEvalCore.sv:49623$19594'.
Removing empty process `AecGmemLsu.$proc$rtl/sv/generated/eval_core/AecEvalCore.sv:49616$19592'.
Removing empty process `AecGmemLsu.$proc$rtl/sv/generated/eval_core/AecEvalCore.sv:49609$19590'.
Removing empty process `AecGmemLsu.$proc$rtl/sv/generated/eval_core/AecEvalCore.sv:49602$19588'.
Removing empty process `AecGmemLsu.$proc$rtl/sv/generated/eval_core/AecEvalCore.sv:49595$19586'.
Removing empty process `AecGmemLsu.$proc$rtl/sv/generated/eval_core/AecEvalCore.sv:49588$19584'.
Removing empty process `AecGmemLsu.$proc$rtl/sv/generated/eval_core/AecEvalCore.sv:49581$19582'.
Removing empty process `AecGmemLsu.$proc$rtl/sv/generated/eval_core/AecEvalCore.sv:49574$19580'.
Removing empty process `AecGmemLsu.$proc$rtl/sv/generated/eval_core/AecEvalCore.sv:49567$19578'.
Removing empty process `AecGmemLsu.$proc$rtl/sv/generated/eval_core/AecEvalCore.sv:49560$19576'.
Removing empty process `AecGmemLsu.$proc$rtl/sv/generated/eval_core/AecEvalCore.sv:49553$19574'.
Removing empty process `AecGmemLsu.$proc$rtl/sv/generated/eval_core/AecEvalCore.sv:49546$19572'.
Removing empty process `AecGmemLsu.$proc$rtl/sv/generated/eval_core/AecEvalCore.sv:49539$19570'.
Removing empty process `AecGmemLsu.$proc$rtl/sv/generated/eval_core/AecEvalCore.sv:49532$19568'.
Removing empty process `AecGmemLsu.$proc$rtl/sv/generated/eval_core/AecEvalCore.sv:49525$19566'.
Removing empty process `AecGmemLsu.$proc$rtl/sv/generated/eval_core/AecEvalCore.sv:49518$19564'.
Removing empty process `AecGmemLsu.$proc$rtl/sv/generated/eval_core/AecEvalCore.sv:49511$19562'.
Removing empty process `AecGmemLsu.$proc$rtl/sv/generated/eval_core/AecEvalCore.sv:49504$19560'.
Removing empty process `AecGmemLsu.$proc$rtl/sv/generated/eval_core/AecEvalCore.sv:49497$19558'.
Removing empty process `AecGmemLsu.$proc$rtl/sv/generated/eval_core/AecEvalCore.sv:49490$19556'.
Removing empty process `AecGmemLsu.$proc$rtl/sv/generated/eval_core/AecEvalCore.sv:49483$19554'.
Removing empty process `AecGmemLsu.$proc$rtl/sv/generated/eval_core/AecEvalCore.sv:49476$19552'.
Removing empty process `AecGmemLsu.$proc$rtl/sv/generated/eval_core/AecEvalCore.sv:49469$19550'.
Removing empty process `AecGmemLsu.$proc$rtl/sv/generated/eval_core/AecEvalCore.sv:49462$19548'.
Removing empty process `AecGmemLsu.$proc$rtl/sv/generated/eval_core/AecEvalCore.sv:49455$19546'.
Removing empty process `AecGmemLsu.$proc$rtl/sv/generated/eval_core/AecEvalCore.sv:49448$19544'.
Removing empty process `AecGmemLsu.$proc$rtl/sv/generated/eval_core/AecEvalCore.sv:49441$19542'.
Removing empty process `AecGmemLsu.$proc$rtl/sv/generated/eval_core/AecEvalCore.sv:49434$19540'.
Removing empty process `AecGmemLsu.$proc$rtl/sv/generated/eval_core/AecEvalCore.sv:49427$19538'.
Removing empty process `AecGmemLsu.$proc$rtl/sv/generated/eval_core/AecEvalCore.sv:49420$19536'.
Removing empty process `AecGmemLsu.$proc$rtl/sv/generated/eval_core/AecEvalCore.sv:49413$19534'.
Removing empty process `AecGmemLsu.$proc$rtl/sv/generated/eval_core/AecEvalCore.sv:49406$19532'.
Removing empty process `AecGmemLsu.$proc$rtl/sv/generated/eval_core/AecEvalCore.sv:49399$19530'.
Removing empty process `AecGmemLsu.$proc$rtl/sv/generated/eval_core/AecEvalCore.sv:49392$19528'.
Removing empty process `AecGmemLsu.$proc$rtl/sv/generated/eval_core/AecEvalCore.sv:49385$19526'.
Removing empty process `AecGmemLsu.$proc$rtl/sv/generated/eval_core/AecEvalCore.sv:49378$19524'.
Removing empty process `AecGmemLsu.$proc$rtl/sv/generated/eval_core/AecEvalCore.sv:49371$19522'.
Removing empty process `AecGmemLsu.$proc$rtl/sv/generated/eval_core/AecEvalCore.sv:49364$19520'.
Removing empty process `AecGmemLsu.$proc$rtl/sv/generated/eval_core/AecEvalCore.sv:49357$19518'.
Removing empty process `AecGmemLsu.$proc$rtl/sv/generated/eval_core/AecEvalCore.sv:49350$19516'.
Removing empty process `AecGmemLsu.$proc$rtl/sv/generated/eval_core/AecEvalCore.sv:49343$19514'.
Removing empty process `AecGmemLsu.$proc$rtl/sv/generated/eval_core/AecEvalCore.sv:49336$19512'.
Removing empty process `AecGmemLsu.$proc$rtl/sv/generated/eval_core/AecEvalCore.sv:49329$19510'.
Removing empty process `AecGmemLsu.$proc$rtl/sv/generated/eval_core/AecEvalCore.sv:49322$19508'.
Removing empty process `AecGmemLsu.$proc$rtl/sv/generated/eval_core/AecEvalCore.sv:49315$19506'.
Removing empty process `AecGmemLsu.$proc$rtl/sv/generated/eval_core/AecEvalCore.sv:49308$19504'.
Removing empty process `AecGmemLsu.$proc$rtl/sv/generated/eval_core/AecEvalCore.sv:49301$19502'.
Removing empty process `AecGmemLsu.$proc$rtl/sv/generated/eval_core/AecEvalCore.sv:49294$19500'.
Removing empty process `AecGmemLsu.$proc$rtl/sv/generated/eval_core/AecEvalCore.sv:49287$19498'.
Removing empty process `AecGmemLsu.$proc$rtl/sv/generated/eval_core/AecEvalCore.sv:49280$19496'.
Removing empty process `AecGmemLsu.$proc$rtl/sv/generated/eval_core/AecEvalCore.sv:49273$19494'.
Removing empty process `AecGmemLsu.$proc$rtl/sv/generated/eval_core/AecEvalCore.sv:49266$19492'.
Removing empty process `AecGmemLsu.$proc$rtl/sv/generated/eval_core/AecEvalCore.sv:49259$19490'.
Removing empty process `AecGmemLsu.$proc$rtl/sv/generated/eval_core/AecEvalCore.sv:49252$19488'.
Removing empty process `AecGmemLsu.$proc$rtl/sv/generated/eval_core/AecEvalCore.sv:49245$19486'.
Removing empty process `AecGmemLsu.$proc$rtl/sv/generated/eval_core/AecEvalCore.sv:49238$19484'.
Removing empty process `AecGmemLsu.$proc$rtl/sv/generated/eval_core/AecEvalCore.sv:49231$19482'.
Removing empty process `AecGmemLsu.$proc$rtl/sv/generated/eval_core/AecEvalCore.sv:49224$19480'.
Removing empty process `AecGmemLsu.$proc$rtl/sv/generated/eval_core/AecEvalCore.sv:49217$19478'.
Removing empty process `AecGmemLsu.$proc$rtl/sv/generated/eval_core/AecEvalCore.sv:49210$19476'.
Removing empty process `AecGmemLsu.$proc$rtl/sv/generated/eval_core/AecEvalCore.sv:49203$19474'.
Removing empty process `AecGmemLsu.$proc$rtl/sv/generated/eval_core/AecEvalCore.sv:49196$19472'.
Removing empty process `AecGmemLsu.$proc$rtl/sv/generated/eval_core/AecEvalCore.sv:49189$19470'.
Removing empty process `AecGmemLsu.$proc$rtl/sv/generated/eval_core/AecEvalCore.sv:49182$19468'.
Removing empty process `AecGmemLsu.$proc$rtl/sv/generated/eval_core/AecEvalCore.sv:49175$19466'.
Removing empty process `AecGmemLsu.$proc$rtl/sv/generated/eval_core/AecEvalCore.sv:49168$19464'.
Removing empty process `AecGmemLsu.$proc$rtl/sv/generated/eval_core/AecEvalCore.sv:49161$19462'.
Removing empty process `AecGmemLsu.$proc$rtl/sv/generated/eval_core/AecEvalCore.sv:49154$19460'.
Removing empty process `AecGmemLsu.$proc$rtl/sv/generated/eval_core/AecEvalCore.sv:49147$19458'.
Removing empty process `AecGmemLsu.$proc$rtl/sv/generated/eval_core/AecEvalCore.sv:49140$19456'.
Removing empty process `AecGmemLsu.$proc$rtl/sv/generated/eval_core/AecEvalCore.sv:49133$19454'.
Removing empty process `AecGmemLsu.$proc$rtl/sv/generated/eval_core/AecEvalCore.sv:49126$19452'.
Removing empty process `AecGmemLsu.$proc$rtl/sv/generated/eval_core/AecEvalCore.sv:49119$19450'.
Removing empty process `AecGmemLsu.$proc$rtl/sv/generated/eval_core/AecEvalCore.sv:49112$19448'.
Removing empty process `AecGmemLsu.$proc$rtl/sv/generated/eval_core/AecEvalCore.sv:49105$19446'.
Removing empty process `AecGmemLsu.$proc$rtl/sv/generated/eval_core/AecEvalCore.sv:49098$19444'.
Removing empty process `AecGmemLsu.$proc$rtl/sv/generated/eval_core/AecEvalCore.sv:49091$19442'.
Removing empty process `AecGmemLsu.$proc$rtl/sv/generated/eval_core/AecEvalCore.sv:49084$19440'.
Removing empty process `AecGmemLsu.$proc$rtl/sv/generated/eval_core/AecEvalCore.sv:49077$19438'.
Removing empty process `AecGmemLsu.$proc$rtl/sv/generated/eval_core/AecEvalCore.sv:49070$19436'.
Removing empty process `AecGmemLsu.$proc$rtl/sv/generated/eval_core/AecEvalCore.sv:49063$19434'.
Removing empty process `AecGmemLsu.$proc$rtl/sv/generated/eval_core/AecEvalCore.sv:49056$19432'.
Removing empty process `AecGmemLsu.$proc$rtl/sv/generated/eval_core/AecEvalCore.sv:49049$19430'.
Removing empty process `AecGmemLsu.$proc$rtl/sv/generated/eval_core/AecEvalCore.sv:49042$19428'.
Removing empty process `AecGmemLsu.$proc$rtl/sv/generated/eval_core/AecEvalCore.sv:49035$19426'.
Removing empty process `AecGmemLsu.$proc$rtl/sv/generated/eval_core/AecEvalCore.sv:49028$19424'.
Removing empty process `AecGmemLsu.$proc$rtl/sv/generated/eval_core/AecEvalCore.sv:49021$19422'.
Removing empty process `AecGmemLsu.$proc$rtl/sv/generated/eval_core/AecEvalCore.sv:49014$19420'.
Removing empty process `AecGmemLsu.$proc$rtl/sv/generated/eval_core/AecEvalCore.sv:49007$19418'.
Removing empty process `AecGmemLsu.$proc$rtl/sv/generated/eval_core/AecEvalCore.sv:49000$19416'.
Removing empty process `AecGmemLsu.$proc$rtl/sv/generated/eval_core/AecEvalCore.sv:48993$19414'.
Removing empty process `AecGmemLsu.$proc$rtl/sv/generated/eval_core/AecEvalCore.sv:48986$19412'.
Removing empty process `AecGmemLsu.$proc$rtl/sv/generated/eval_core/AecEvalCore.sv:48979$19410'.
Removing empty process `AecGmemLsu.$proc$rtl/sv/generated/eval_core/AecEvalCore.sv:48972$19408'.
Removing empty process `AecGmemLsu.$proc$rtl/sv/generated/eval_core/AecEvalCore.sv:48965$19406'.
Removing empty process `AecGmemLsu.$proc$rtl/sv/generated/eval_core/AecEvalCore.sv:48958$19404'.
Removing empty process `AecGmemLsu.$proc$rtl/sv/generated/eval_core/AecEvalCore.sv:48951$19402'.
Removing empty process `AecGmemLsu.$proc$rtl/sv/generated/eval_core/AecEvalCore.sv:48944$19400'.
Removing empty process `AecGmemLsu.$proc$rtl/sv/generated/eval_core/AecEvalCore.sv:48937$19398'.
Removing empty process `AecGmemLsu.$proc$rtl/sv/generated/eval_core/AecEvalCore.sv:48930$19396'.
Removing empty process `AecGmemLsu.$proc$rtl/sv/generated/eval_core/AecEvalCore.sv:48923$19394'.
Removing empty process `AecGmemLsu.$proc$rtl/sv/generated/eval_core/AecEvalCore.sv:48916$19392'.
Removing empty process `AecGmemLsu.$proc$rtl/sv/generated/eval_core/AecEvalCore.sv:48909$19390'.
Removing empty process `AecGmemLsu.$proc$rtl/sv/generated/eval_core/AecEvalCore.sv:48902$19388'.
Removing empty process `AecGmemLsu.$proc$rtl/sv/generated/eval_core/AecEvalCore.sv:48895$19386'.
Removing empty process `AecGmemLsu.$proc$rtl/sv/generated/eval_core/AecEvalCore.sv:48888$19384'.
Removing empty process `AecGmemLsu.$proc$rtl/sv/generated/eval_core/AecEvalCore.sv:48881$19382'.
Removing empty process `AecGmemLsu.$proc$rtl/sv/generated/eval_core/AecEvalCore.sv:48874$19380'.
Removing empty process `AecGmemLsu.$proc$rtl/sv/generated/eval_core/AecEvalCore.sv:48867$19378'.
Removing empty process `AecGmemLsu.$proc$rtl/sv/generated/eval_core/AecEvalCore.sv:48860$19376'.
Removing empty process `AecGmemLsu.$proc$rtl/sv/generated/eval_core/AecEvalCore.sv:48853$19374'.
Removing empty process `AecGmemLsu.$proc$rtl/sv/generated/eval_core/AecEvalCore.sv:48846$19372'.
Removing empty process `AecGmemLsu.$proc$rtl/sv/generated/eval_core/AecEvalCore.sv:48839$19370'.
Removing empty process `AecGmemLsu.$proc$rtl/sv/generated/eval_core/AecEvalCore.sv:48832$19368'.
Removing empty process `AecGmemLsu.$proc$rtl/sv/generated/eval_core/AecEvalCore.sv:48825$19366'.
Removing empty process `AecGmemLsu.$proc$rtl/sv/generated/eval_core/AecEvalCore.sv:48818$19364'.
Removing empty process `AecGmemLsu.$proc$rtl/sv/generated/eval_core/AecEvalCore.sv:48811$19362'.
Removing empty process `AecGmemLsu.$proc$rtl/sv/generated/eval_core/AecEvalCore.sv:48804$19360'.
Found and cleaned up 4 empty switches in `\AecGmemLsu.$proc$rtl/sv/generated/eval_core/AecEvalCore.sv:48785$19356'.
Removing empty process `AecGmemLsu.$proc$rtl/sv/generated/eval_core/AecEvalCore.sv:48785$19356'.
Found and cleaned up 509 empty switches in `\AecGmemLsu.$proc$rtl/sv/generated/eval_core/AecEvalCore.sv:47200$19317'.
Removing empty process `AecGmemLsu.$proc$rtl/sv/generated/eval_core/AecEvalCore.sv:47200$19317'.
Found and cleaned up 8 empty switches in `\AecGmemLineWord.$proc$rtl/sv/generated/eval_core/AecEvalCore.sv:40946$15087'.
Removing empty process `AecGmemLineWord.$proc$rtl/sv/generated/eval_core/AecEvalCore.sv:40946$15087'.
Cleaned up 679 empty switches.

3.12. Executing OPT_EXPR pass (perform const folding).
Optimizing module AecGmemLsu.
<suppressed ~556 debug messages>
Optimizing module AecGmemLineWord.

4. Executing OPT pass (performing simple optimizations).

4.1. Executing OPT_EXPR pass (perform const folding).
Optimizing module AecGmemLsu.
Optimizing module AecGmemLineWord.

4.2. Executing OPT_MERGE pass (detect identical cells).
Finding identical cells in module `\AecGmemLsu'.
Computing hashes of 6411 cells of `\AecGmemLsu'.
Finding duplicate cells in `\AecGmemLsu'.
Computing hashes of 4866 cells of `\AecGmemLsu'.
Finding duplicate cells in `\AecGmemLsu'.
Computing hashes of 4347 cells of `\AecGmemLsu'.
Finding duplicate cells in `\AecGmemLsu'.
Computing hashes of 4283 cells of `\AecGmemLsu'.
Finding duplicate cells in `\AecGmemLsu'.
<suppressed ~6384 debug messages>
Finding identical cells in module `\AecGmemLineWord'.
Computing hashes of 16 cells of `\AecGmemLineWord'.
Finding duplicate cells in `\AecGmemLineWord'.
Removed a total of 2128 cells.

4.3. Executing OPT_MUXTREE pass (detect dead branches in mux trees).
Running muxtree optimizer on module \AecGmemLsu..
  Creating internal representation of mux trees.
  Evaluating internal representation of mux trees.
  Analyzing evaluation results.
Running muxtree optimizer on module \AecGmemLineWord..
  Creating internal representation of mux trees.
  Evaluating internal representation of mux trees.
  Analyzing evaluation results.
Removed 0 multiplexer ports.
<suppressed ~4973 debug messages>

4.4. Executing OPT_REDUCE pass (consolidate $*mux and $reduce_* inputs).
  Optimizing cells in module \AecGmemLsu.
  Optimizing cells in module \AecGmemLineWord.
Performed a total of 0 changes.

4.5. Executing OPT_MERGE pass (detect identical cells).
Finding identical cells in module `\AecGmemLsu'.
Computing hashes of 4283 cells of `\AecGmemLsu'.
Finding duplicate cells in `\AecGmemLsu'.
Computing hashes of 4262 cells of `\AecGmemLsu'.
Finding duplicate cells in `\AecGmemLsu'.
Computing hashes of 4261 cells of `\AecGmemLsu'.
Finding duplicate cells in `\AecGmemLsu'.
<suppressed ~66 debug messages>
Finding identical cells in module `\AecGmemLineWord'.
Computing hashes of 16 cells of `\AecGmemLineWord'.
Finding duplicate cells in `\AecGmemLineWord'.
Removed a total of 22 cells.

4.6. Executing OPT_DFF pass (perform DFF optimizations).
Adding EN signal on $procdff$35918 ($dff) from module AecGmemLsu (D = \inputShadow_storeData_21 [7:0], Q = \heldStoreBytes_21_0).
Adding EN signal on $procdff$36108 ($dff) from module AecGmemLsu (D = $procmux$33310_Y, Q = \loadSlotLine_2).
Adding EN signal on $procdff$35919 ($dff) from module AecGmemLsu (D = \inputShadow_storeData_21 [15:8], Q = \heldStoreBytes_21_1).
Adding EN signal on $procdff$35952 ($dff) from module AecGmemLsu (D = \inputShadow_storeData_29 [23:16], Q = \heldStoreBytes_29_2).
Adding EN signal on $procdff$36109 ($dff) from module AecGmemLsu (D = $procmux$33301_Y, Q = \loadSlotLine_3).
Adding EN signal on $procdff$35920 ($dff) from module AecGmemLsu (D = \inputShadow_storeData_21 [23:16], Q = \heldStoreBytes_21_2).
Adding EN signal on $procdff$35953 ($dff) from module AecGmemLsu (D = \inputShadow_storeData_29 [31:24], Q = \heldStoreBytes_29_3).
Adding EN signal on $procdff$35595 ($dff) from module AecGmemLsu (D = \inputShadow_space, Q = \held_space).
Adding EN signal on $procdff$35921 ($dff) from module AecGmemLsu (D = \inputShadow_storeData_21 [31:24], Q = \heldStoreBytes_21_3).
Adding EN signal on $procdff$35954 ($dff) from module AecGmemLsu (D = \inputShadow_storeData_30 [7:0], Q = \heldStoreBytes_30_0).
Adding EN signal on $procdff$36110 ($dff) from module AecGmemLsu (D = $procmux$33292_Y, Q = \loadSlotLine_4).
Adding EN signal on $procdff$35596 ($dff) from module AecGmemLsu (D = \inputShadow_load, Q = \held_load).
Adding EN signal on $procdff$35922 ($dff) from module AecGmemLsu (D = \inputShadow_storeData_22 [7:0], Q = \heldStoreBytes_22_0).
Adding EN signal on $procdff$35955 ($dff) from module AecGmemLsu (D = \inputShadow_storeData_30 [15:8], Q = \heldStoreBytes_30_1).
Adding EN signal on $procdff$35597 ($dff) from module AecGmemLsu (D = \inputShadow_width64, Q = \held_width64).
Adding EN signal on $procdff$35956 ($dff) from module AecGmemLsu (D = \inputShadow_storeData_30 [23:16], Q = \heldStoreBytes_30_2).
Adding EN signal on $procdff$35923 ($dff) from module AecGmemLsu (D = \inputShadow_storeData_22 [15:8], Q = \heldStoreBytes_22_1).
Adding EN signal on $procdff$35598 ($dff) from module AecGmemLsu (D = \inputShadow_atomic, Q = \held_atomic).
Adding EN signal on $procdff$36111 ($dff) from module AecGmemLsu (D = $procmux$33283_Y, Q = \loadSlotLine_5).
Adding EN signal on $procdff$35957 ($dff) from module AecGmemLsu (D = \inputShadow_storeData_30 [31:24], Q = \heldStoreBytes_30_3).
Adding EN signal on $procdff$35924 ($dff) from module AecGmemLsu (D = \inputShadow_storeData_22 [23:16], Q = \heldStoreBytes_22_2).
Adding EN signal on $procdff$35599 ($dff) from module AecGmemLsu (D = \inputShadow_atomicOp, Q = \held_atomicOp).
Adding EN signal on $procdff$35958 ($dff) from module AecGmemLsu (D = \inputShadow_storeData_31 [7:0], Q = \heldStoreBytes_31_0).
Adding EN signal on $procdff$35600 ($dff) from module AecGmemLsu (D = \inputShadow_signed, Q = \held_signed).
Adding EN signal on $procdff$35925 ($dff) from module AecGmemLsu (D = \inputShadow_storeData_22 [31:24], Q = \heldStoreBytes_22_3).
Adding EN signal on $procdff$35959 ($dff) from module AecGmemLsu (D = \inputShadow_storeData_31 [15:8], Q = \heldStoreBytes_31_1).
Adding EN signal on $procdff$36112 ($dff) from module AecGmemLsu (D = $procmux$33274_Y, Q = \loadSlotLine_6).
Adding EN signal on $procdff$35926 ($dff) from module AecGmemLsu (D = \inputShadow_storeData_23 [7:0], Q = \heldStoreBytes_23_0).
Adding EN signal on $procdff$35960 ($dff) from module AecGmemLsu (D = \inputShadow_storeData_31 [23:16], Q = \heldStoreBytes_31_2).
Adding EN signal on $procdff$35927 ($dff) from module AecGmemLsu (D = \inputShadow_storeData_23 [15:8], Q = \heldStoreBytes_23_1).
Adding EN signal on $procdff$35961 ($dff) from module AecGmemLsu (D = \inputShadow_storeData_31 [31:24], Q = \heldStoreBytes_31_3).
Adding EN signal on $procdff$35962 ($dff) from module AecGmemLsu (D = \inputShadow_compareData_0 [7:0], Q = \heldCompareBytes_0_0).
Adding EN signal on $procdff$35963 ($dff) from module AecGmemLsu (D = \inputShadow_compareData_0 [15:8], Q = \heldCompareBytes_0_1).
Adding EN signal on $procdff$35964 ($dff) from module AecGmemLsu (D = \inputShadow_compareData_0 [23:16], Q = \heldCompareBytes_0_2).
Adding EN signal on $procdff$35929 ($dff) from module AecGmemLsu (D = \inputShadow_storeData_23 [31:24], Q = \heldStoreBytes_23_3).
Adding EN signal on $procdff$35965 ($dff) from module AecGmemLsu (D = \inputShadow_compareData_0 [31:24], Q = \heldCompareBytes_0_3).
Adding EN signal on $procdff$36114 ($dff) from module AecGmemLsu (D = $procmux$33256_Y, Q = \loadSlotLine_8).
Adding EN signal on $procdff$35966 ($dff) from module AecGmemLsu (D = \inputShadow_compareData_1 [7:0], Q = \heldCompareBytes_1_0).
Adding EN signal on $procdff$35967 ($dff) from module AecGmemLsu (D = \inputShadow_compareData_1 [15:8], Q = \heldCompareBytes_1_1).
Adding EN signal on $procdff$35930 ($dff) from module AecGmemLsu (D = \inputShadow_storeData_24 [7:0], Q = \heldStoreBytes_24_0).
Adding EN signal on $procdff$36115 ($dff) from module AecGmemLsu (D = $procmux$33247_Y, Q = \loadSlotLine_9).
Adding EN signal on $procdff$35968 ($dff) from module AecGmemLsu (D = \inputShadow_compareData_1 [23:16], Q = \heldCompareBytes_1_2).
Adding EN signal on $procdff$35931 ($dff) from module AecGmemLsu (D = \inputShadow_storeData_24 [15:8], Q = \heldStoreBytes_24_1).
Adding EN signal on $procdff$35969 ($dff) from module AecGmemLsu (D = \inputShadow_compareData_1 [31:24], Q = \heldCompareBytes_1_3).
Adding EN signal on $procdff$35970 ($dff) from module AecGmemLsu (D = \inputShadow_compareData_2 [7:0], Q = \heldCompareBytes_2_0).
Adding EN signal on $procdff$35932 ($dff) from module AecGmemLsu (D = \inputShadow_storeData_24 [23:16], Q = \heldStoreBytes_24_2).
Adding EN signal on $procdff$36116 ($dff) from module AecGmemLsu (D = $procmux$33238_Y, Q = \loadSlotLine_10).
Adding EN signal on $procdff$35971 ($dff) from module AecGmemLsu (D = \inputShadow_compareData_2 [15:8], Q = \heldCompareBytes_2_1).
Adding EN signal on $procdff$35933 ($dff) from module AecGmemLsu (D = \inputShadow_storeData_24 [31:24], Q = \heldStoreBytes_24_3).
Adding EN signal on $procdff$35972 ($dff) from module AecGmemLsu (D = \inputShadow_compareData_2 [23:16], Q = \heldCompareBytes_2_2).
Adding EN signal on $procdff$35973 ($dff) from module AecGmemLsu (D = \inputShadow_compareData_2 [31:24], Q = \heldCompareBytes_2_3).
Adding EN signal on $procdff$35934 ($dff) from module AecGmemLsu (D = \inputShadow_storeData_25 [7:0], Q = \heldStoreBytes_25_0).
Adding EN signal on $procdff$36117 ($dff) from module AecGmemLsu (D = $procmux$33229_Y, Q = \loadSlotLine_11).
Adding EN signal on $procdff$35974 ($dff) from module AecGmemLsu (D = \inputShadow_compareData_3 [7:0], Q = \heldCompareBytes_3_0).
Adding EN signal on $procdff$35935 ($dff) from module AecGmemLsu (D = \inputShadow_storeData_25 [15:8], Q = \heldStoreBytes_25_1).
Adding EN signal on $procdff$35975 ($dff) from module AecGmemLsu (D = \inputShadow_compareData_3 [15:8], Q = \heldCompareBytes_3_1).
Adding EN signal on $procdff$35976 ($dff) from module AecGmemLsu (D = \inputShadow_compareData_3 [23:16], Q = \heldCompareBytes_3_2).
Adding EN signal on $procdff$35936 ($dff) from module AecGmemLsu (D = \inputShadow_storeData_25 [23:16], Q = \heldStoreBytes_25_2).
Adding EN signal on $procdff$36118 ($dff) from module AecGmemLsu (D = $procmux$33220_Y, Q = \loadSlotLine_12).
Adding EN signal on $procdff$35977 ($dff) from module AecGmemLsu (D = \inputShadow_compareData_3 [31:24], Q = \heldCompareBytes_3_3).
Adding EN signal on $procdff$35937 ($dff) from module AecGmemLsu (D = \inputShadow_storeData_25 [31:24], Q = \heldStoreBytes_25_3).
Adding EN signal on $procdff$35978 ($dff) from module AecGmemLsu (D = \inputShadow_compareData_4 [7:0], Q = \heldCompareBytes_4_0).
Adding EN signal on $procdff$35979 ($dff) from module AecGmemLsu (D = \inputShadow_compareData_4 [15:8], Q = \heldCompareBytes_4_1).
Adding EN signal on $procdff$35938 ($dff) from module AecGmemLsu (D = \inputShadow_storeData_26 [7:0], Q = \heldStoreBytes_26_0).
Adding EN signal on $procdff$36119 ($dff) from module AecGmemLsu (D = $procmux$33211_Y, Q = \loadSlotLine_13).
Adding EN signal on $procdff$35980 ($dff) from module AecGmemLsu (D = \inputShadow_compareData_4 [23:16], Q = \heldCompareBytes_4_2).
Adding EN signal on $procdff$35939 ($dff) from module AecGmemLsu (D = \inputShadow_storeData_26 [15:8], Q = \heldStoreBytes_26_1).
Adding EN signal on $procdff$35981 ($dff) from module AecGmemLsu (D = \inputShadow_compareData_4 [31:24], Q = \heldCompareBytes_4_3).
Adding EN signal on $procdff$35982 ($dff) from module AecGmemLsu (D = \inputShadow_compareData_5 [7:0], Q = \heldCompareBytes_5_0).
Adding EN signal on $procdff$35940 ($dff) from module AecGmemLsu (D = \inputShadow_storeData_26 [23:16], Q = \heldStoreBytes_26_2).
Adding EN signal on $procdff$36120 ($dff) from module AecGmemLsu (D = $procmux$33202_Y, Q = \loadSlotLine_14).
Adding EN signal on $procdff$35983 ($dff) from module AecGmemLsu (D = \inputShadow_compareData_5 [15:8], Q = \heldCompareBytes_5_1).
Adding EN signal on $procdff$35941 ($dff) from module AecGmemLsu (D = \inputShadow_storeData_26 [31:24], Q = \heldStoreBytes_26_3).
Adding EN signal on $procdff$35984 ($dff) from module AecGmemLsu (D = \inputShadow_compareData_5 [23:16], Q = \heldCompareBytes_5_2).
Adding EN signal on $procdff$35985 ($dff) from module AecGmemLsu (D = \inputShadow_compareData_5 [31:24], Q = \heldCompareBytes_5_3).
Adding EN signal on $procdff$35942 ($dff) from module AecGmemLsu (D = \inputShadow_storeData_27 [7:0], Q = \heldStoreBytes_27_0).
Adding EN signal on $procdff$35986 ($dff) from module AecGmemLsu (D = \inputShadow_compareData_6 [7:0], Q = \heldCompareBytes_6_0).
Adding EN signal on $procdff$35943 ($dff) from module AecGmemLsu (D = \inputShadow_storeData_27 [15:8], Q = \heldStoreBytes_27_1).
Adding EN signal on $procdff$35987 ($dff) from module AecGmemLsu (D = \inputShadow_compareData_6 [15:8], Q = \heldCompareBytes_6_1).
Adding EN signal on $procdff$36121 ($dff) from module AecGmemLsu (D = $procmux$33193_Y, Q = \loadSlotLine_15).
Adding EN signal on $procdff$35988 ($dff) from module AecGmemLsu (D = \inputShadow_compareData_6 [23:16], Q = \heldCompareBytes_6_2).
Adding EN signal on $procdff$35944 ($dff) from module AecGmemLsu (D = \inputShadow_storeData_27 [23:16], Q = \heldStoreBytes_27_2).
Adding EN signal on $procdff$35989 ($dff) from module AecGmemLsu (D = \inputShadow_compareData_6 [31:24], Q = \heldCompareBytes_6_3).
Adding EN signal on $procdff$35945 ($dff) from module AecGmemLsu (D = \inputShadow_storeData_27 [31:24], Q = \heldStoreBytes_27_3).
Adding EN signal on $procdff$35990 ($dff) from module AecGmemLsu (D = \inputShadow_compareData_7 [7:0], Q = \heldCompareBytes_7_0).
Adding EN signal on $procdff$35991 ($dff) from module AecGmemLsu (D = \inputShadow_compareData_7 [15:8], Q = \heldCompareBytes_7_1).
Adding EN signal on $procdff$35946 ($dff) from module AecGmemLsu (D = \inputShadow_storeData_28 [7:0], Q = \heldStoreBytes_28_0).
Adding EN signal on $procdff$35992 ($dff) from module AecGmemLsu (D = \inputShadow_compareData_7 [23:16], Q = \heldCompareBytes_7_2).
Adding EN signal on $procdff$35947 ($dff) from module AecGmemLsu (D = \inputShadow_storeData_28 [15:8], Q = \heldStoreBytes_28_1).
Adding EN signal on $procdff$35993 ($dff) from module AecGmemLsu (D = \inputShadow_compareData_7 [31:24], Q = \heldCompareBytes_7_3).
Adding EN signal on $procdff$36122 ($dff) from module AecGmemLsu (D = $procmux$33186_Y, Q = \loadReqLine).
Adding EN signal on $procdff$35994 ($dff) from module AecGmemLsu (D = \inputShadow_compareData_8 [7:0], Q = \heldCompareBytes_8_0).
Adding EN signal on $procdff$35948 ($dff) from module AecGmemLsu (D = \inputShadow_storeData_28 [23:16], Q = \heldStoreBytes_28_2).
Adding EN signal on $procdff$35995 ($dff) from module AecGmemLsu (D = \inputShadow_compareData_8 [15:8], Q = \heldCompareBytes_8_1).
Adding EN signal on $procdff$35949 ($dff) from module AecGmemLsu (D = \inputShadow_storeData_28 [31:24], Q = \heldStoreBytes_28_3).
Adding EN signal on $procdff$35996 ($dff) from module AecGmemLsu (D = \inputShadow_compareData_8 [23:16], Q = \heldCompareBytes_8_2).
Adding EN signal on $procdff$35997 ($dff) from module AecGmemLsu (D = \inputShadow_compareData_8 [31:24], Q = \heldCompareBytes_8_3).
Adding EN signal on $procdff$35950 ($dff) from module AecGmemLsu (D = \inputShadow_storeData_29 [7:0], Q = \heldStoreBytes_29_0).
Adding EN signal on $procdff$36123 ($dff) from module AecGmemLsu (D = $procmux$33179_Y, Q = \loadReqToken).
Adding EN signal on $procdff$35998 ($dff) from module AecGmemLsu (D = \inputShadow_compareData_9 [7:0], Q = \heldCompareBytes_9_0).
Adding EN signal on $procdff$35951 ($dff) from module AecGmemLsu (D = \inputShadow_storeData_29 [15:8], Q = \heldStoreBytes_29_1).
Adding EN signal on $procdff$35999 ($dff) from module AecGmemLsu (D = \inputShadow_compareData_9 [15:8], Q = \heldCompareBytes_9_1).
Adding EN signal on $procdff$34238 ($adff) from module AecGmemLsu (D = $procmux$32701_Y, Q = \loadReqValid).
Adding EN signal on $procdff$36000 ($dff) from module AecGmemLsu (D = \inputShadow_compareData_9 [23:16], Q = \heldCompareBytes_9_2).
Adding EN signal on $procdff$36001 ($dff) from module AecGmemLsu (D = \inputShadow_compareData_9 [31:24], Q = \heldCompareBytes_9_3).
Adding EN signal on $procdff$35706 ($dff) from module AecGmemLsu (D = $ternary$rtl/sv/generated/eval_core/AecEvalCore.sv:43742$15100_Y [7:0], Q = \heldAddressBytes_0_0).
Adding EN signal on $procdff$36002 ($dff) from module AecGmemLsu (D = \inputShadow_compareData_10 [7:0], Q = \heldCompareBytes_10_0).
Adding EN signal on $procdff$35707 ($dff) from module AecGmemLsu (D = $ternary$rtl/sv/generated/eval_core/AecEvalCore.sv:43742$15100_Y [15:8], Q = \heldAddressBytes_0_1).
Adding EN signal on $procdff$36003 ($dff) from module AecGmemLsu (D = \inputShadow_compareData_10 [15:8], Q = \heldCompareBytes_10_1).
Adding EN signal on $procdff$35708 ($dff) from module AecGmemLsu (D = $ternary$rtl/sv/generated/eval_core/AecEvalCore.sv:43742$15100_Y [23:16], Q = \heldAddressBytes_0_2).
Adding EN signal on $procdff$36004 ($dff) from module AecGmemLsu (D = \inputShadow_compareData_10 [23:16], Q = \heldCompareBytes_10_2).
Adding EN signal on $procdff$35709 ($dff) from module AecGmemLsu (D = $ternary$rtl/sv/generated/eval_core/AecEvalCore.sv:43742$15100_Y [31:24], Q = \heldAddressBytes_0_3).
Adding EN signal on $procdff$36005 ($dff) from module AecGmemLsu (D = \inputShadow_compareData_10 [31:24], Q = \heldCompareBytes_10_3).
Adding EN signal on $procdff$35710 ($dff) from module AecGmemLsu (D = $ternary$rtl/sv/generated/eval_core/AecEvalCore.sv:43749$15103_Y [7:0], Q = \heldAddressBytes_1_0).
Adding EN signal on $procdff$36006 ($dff) from module AecGmemLsu (D = \inputShadow_compareData_11 [7:0], Q = \heldCompareBytes_11_0).
Adding EN signal on $procdff$35711 ($dff) from module AecGmemLsu (D = $ternary$rtl/sv/generated/eval_core/AecEvalCore.sv:43749$15103_Y [15:8], Q = \heldAddressBytes_1_1).
Adding EN signal on $procdff$36007 ($dff) from module AecGmemLsu (D = \inputShadow_compareData_11 [15:8], Q = \heldCompareBytes_11_1).
Adding EN signal on $procdff$35712 ($dff) from module AecGmemLsu (D = $ternary$rtl/sv/generated/eval_core/AecEvalCore.sv:43749$15103_Y [23:16], Q = \heldAddressBytes_1_2).
Adding EN signal on $procdff$36008 ($dff) from module AecGmemLsu (D = \inputShadow_compareData_11 [23:16], Q = \heldCompareBytes_11_2).
Adding EN signal on $procdff$35713 ($dff) from module AecGmemLsu (D = $ternary$rtl/sv/generated/eval_core/AecEvalCore.sv:43749$15103_Y [31:24], Q = \heldAddressBytes_1_3).
Adding EN signal on $procdff$36009 ($dff) from module AecGmemLsu (D = \inputShadow_compareData_11 [31:24], Q = \heldCompareBytes_11_3).
Adding EN signal on $procdff$35714 ($dff) from module AecGmemLsu (D = $ternary$rtl/sv/generated/eval_core/AecEvalCore.sv:43756$15106_Y [7:0], Q = \heldAddressBytes_2_0).
Adding EN signal on $procdff$36010 ($dff) from module AecGmemLsu (D = \inputShadow_compareData_12 [7:0], Q = \heldCompareBytes_12_0).
Adding EN signal on $procdff$35715 ($dff) from module AecGmemLsu (D = $ternary$rtl/sv/generated/eval_core/AecEvalCore.sv:43756$15106_Y [15:8], Q = \heldAddressBytes_2_1).
Adding EN signal on $procdff$36011 ($dff) from module AecGmemLsu (D = \inputShadow_compareData_12 [15:8], Q = \heldCompareBytes_12_1).
Adding EN signal on $procdff$35716 ($dff) from module AecGmemLsu (D = $ternary$rtl/sv/generated/eval_core/AecEvalCore.sv:43756$15106_Y [23:16], Q = \heldAddressBytes_2_2).
Adding EN signal on $procdff$36012 ($dff) from module AecGmemLsu (D = \inputShadow_compareData_12 [23:16], Q = \heldCompareBytes_12_2).
Adding EN signal on $procdff$35717 ($dff) from module AecGmemLsu (D = $ternary$rtl/sv/generated/eval_core/AecEvalCore.sv:43756$15106_Y [31:24], Q = \heldAddressBytes_2_3).
Adding EN signal on $procdff$36013 ($dff) from module AecGmemLsu (D = \inputShadow_compareData_12 [31:24], Q = \heldCompareBytes_12_3).
Adding EN signal on $procdff$35718 ($dff) from module AecGmemLsu (D = $ternary$rtl/sv/generated/eval_core/AecEvalCore.sv:43763$15109_Y [7:0], Q = \heldAddressBytes_3_0).
Adding EN signal on $procdff$36014 ($dff) from module AecGmemLsu (D = \inputShadow_compareData_13 [7:0], Q = \heldCompareBytes_13_0).
Adding EN signal on $procdff$35719 ($dff) from module AecGmemLsu (D = $ternary$rtl/sv/generated/eval_core/AecEvalCore.sv:43763$15109_Y [15:8], Q = \heldAddressBytes_3_1).
Adding EN signal on $procdff$36015 ($dff) from module AecGmemLsu (D = \inputShadow_compareData_13 [15:8], Q = \heldCompareBytes_13_1).
Adding EN signal on $procdff$35720 ($dff) from module AecGmemLsu (D = $ternary$rtl/sv/generated/eval_core/AecEvalCore.sv:43763$15109_Y [23:16], Q = \heldAddressBytes_3_2).
Adding EN signal on $procdff$36016 ($dff) from module AecGmemLsu (D = \inputShadow_compareData_13 [23:16], Q = \heldCompareBytes_13_2).
Adding EN signal on $procdff$35721 ($dff) from module AecGmemLsu (D = $ternary$rtl/sv/generated/eval_core/AecEvalCore.sv:43763$15109_Y [31:24], Q = \heldAddressBytes_3_3).
Adding EN signal on $procdff$36017 ($dff) from module AecGmemLsu (D = \inputShadow_compareData_13 [31:24], Q = \heldCompareBytes_13_3).
Adding EN signal on $procdff$35722 ($dff) from module AecGmemLsu (D = $ternary$rtl/sv/generated/eval_core/AecEvalCore.sv:43770$15112_Y [7:0], Q = \heldAddressBytes_4_0).
Adding EN signal on $procdff$36018 ($dff) from module AecGmemLsu (D = \inputShadow_compareData_14 [7:0], Q = \heldCompareBytes_14_0).
Adding EN signal on $procdff$35723 ($dff) from module AecGmemLsu (D = $ternary$rtl/sv/generated/eval_core/AecEvalCore.sv:43770$15112_Y [15:8], Q = \heldAddressBytes_4_1).
Adding EN signal on $procdff$35724 ($dff) from module AecGmemLsu (D = $ternary$rtl/sv/generated/eval_core/AecEvalCore.sv:43770$15112_Y [23:16], Q = \heldAddressBytes_4_2).
Adding EN signal on $procdff$35725 ($dff) from module AecGmemLsu (D = $ternary$rtl/sv/generated/eval_core/AecEvalCore.sv:43770$15112_Y [31:24], Q = \heldAddressBytes_4_3).
Adding EN signal on $procdff$35726 ($dff) from module AecGmemLsu (D = $ternary$rtl/sv/generated/eval_core/AecEvalCore.sv:43777$15115_Y [7:0], Q = \heldAddressBytes_5_0).
Adding EN signal on $procdff$34403 ($adff) from module AecGmemLsu (D = $shl$rtl/sv/generated/eval_core/AecEvalCore.sv:44544$15847_Y [7:4], Q = \workHighByteMask).
Adding EN signal on $procdff$35727 ($dff) from module AecGmemLsu (D = $ternary$rtl/sv/generated/eval_core/AecEvalCore.sv:43777$15115_Y [15:8], Q = \heldAddressBytes_5_1).
Adding EN signal on $procdff$34406 ($adff) from module AecGmemLsu (D = $shl$rtl/sv/generated/eval_core/AecEvalCore.sv:44544$15847_Y [3:0], Q = \workLowByteMask).
Adding EN signal on $procdff$35728 ($dff) from module AecGmemLsu (D = $ternary$rtl/sv/generated/eval_core/AecEvalCore.sv:43777$15115_Y [23:16], Q = \heldAddressBytes_5_2).
Adding EN signal on $procdff$34409 ($adff) from module AecGmemLsu (D = $and$rtl/sv/generated/eval_core/AecEvalCore.sv:44902$16259_Y, Q = \workHighData).
Adding EN signal on $procdff$35729 ($dff) from module AecGmemLsu (D = $ternary$rtl/sv/generated/eval_core/AecEvalCore.sv:43777$15115_Y [31:24], Q = \heldAddressBytes_5_3).
Adding EN signal on $procdff$34412 ($adff) from module AecGmemLsu (D = $and$rtl/sv/generated/eval_core/AecEvalCore.sv:44901$16258_Y, Q = \workLowData).
Adding EN signal on $procdff$35730 ($dff) from module AecGmemLsu (D = $ternary$rtl/sv/generated/eval_core/AecEvalCore.sv:43784$15118_Y [7:0], Q = \heldAddressBytes_6_0).
Adding EN signal on $procdff$34415 ($adff) from module AecGmemLsu (D = $ternary$rtl/sv/generated/eval_core/AecEvalCore.sv:44493$15773_Y [6:2], Q = \workWord).
Adding EN signal on $procdff$35731 ($dff) from module AecGmemLsu (D = $ternary$rtl/sv/generated/eval_core/AecEvalCore.sv:43784$15118_Y [15:8], Q = \heldAddressBytes_6_1).
Adding EN signal on $procdff$34418 ($adff) from module AecGmemLsu (D = \scanIndex, Q = \workIndex).
Adding EN signal on $procdff$35732 ($dff) from module AecGmemLsu (D = $ternary$rtl/sv/generated/eval_core/AecEvalCore.sv:43784$15118_Y [23:16], Q = \heldAddressBytes_6_2).
Adding EN signal on $procdff$34421 ($adff) from module AecGmemLsu (D = $and$rtl/sv/generated/eval_core/AecEvalCore.sv:44499$15779_Y, Q = \workMatch).
Adding EN signal on $procdff$35733 ($dff) from module AecGmemLsu (D = $ternary$rtl/sv/generated/eval_core/AecEvalCore.sv:43784$15118_Y [31:24], Q = \heldAddressBytes_6_3).
Adding EN signal on $procdff$35734 ($dff) from module AecGmemLsu (D = $ternary$rtl/sv/generated/eval_core/AecEvalCore.sv:43791$15121_Y [7:0], Q = \heldAddressBytes_7_0).
Adding EN signal on $procdff$35735 ($dff) from module AecGmemLsu (D = $ternary$rtl/sv/generated/eval_core/AecEvalCore.sv:43791$15121_Y [15:8], Q = \heldAddressBytes_7_1).
Adding EN signal on $procdff$35736 ($dff) from module AecGmemLsu (D = $ternary$rtl/sv/generated/eval_core/AecEvalCore.sv:43791$15121_Y [23:16], Q = \heldAddressBytes_7_2).
Adding EN signal on $procdff$35737 ($dff) from module AecGmemLsu (D = $ternary$rtl/sv/generated/eval_core/AecEvalCore.sv:43791$15121_Y [31:24], Q = \heldAddressBytes_7_3).
Adding EN signal on $procdff$34436 ($adff) from module AecGmemLsu (D = { $and$rtl/sv/generated/eval_core/AecEvalCore.sv:44152$15353_Y \inputShadow_mask [31] $and$rtl/sv/generated/eval_core/AecEvalCore.sv:44146$15348_Y \inputShadow_mask [30] $and$rtl/sv/generated/eval_core/AecEvalCore.sv:44140$15343_Y \inputShadow_mask [29] $and$rtl/sv/generated/eval_core/AecEvalCore.sv:44134$15338_Y \inputShadow_mask [28] $and$rtl/sv/generated/eval_core/AecEvalCore.sv:44128$15333_Y \inputShadow_mask [27] $and$rtl/sv/generated/eval_core/AecEvalCore.sv:44122$15328_Y \inputShadow_mask [26] $and$rtl/sv/generated/eval_core/AecEvalCore.sv:44116$15323_Y \inputShadow_mask [25] $and$rtl/sv/generated/eval_core/AecEvalCore.sv:44110$15318_Y \inputShadow_mask [24] $and$rtl/sv/generated/eval_core/AecEvalCore.sv:44104$15313_Y \inputShadow_mask [23] $and$rtl/sv/generated/eval_core/AecEvalCore.sv:44098$15308_Y \inputShadow_mask [22] $and$rtl/sv/generated/eval_core/AecEvalCore.sv:44092$15303_Y \inputShadow_mask [21] $and$rtl/sv/generated/eval_core/AecEvalCore.sv:44086$15298_Y \inputShadow_mask [20] $and$rtl/sv/generated/eval_core/AecEvalCore.sv:44080$15293_Y \inputShadow_mask [19] $and$rtl/sv/generated/eval_core/AecEvalCore.sv:44074$15288_Y \inputShadow_mask [18] $and$rtl/sv/generated/eval_core/AecEvalCore.sv:44068$15283_Y \inputShadow_mask [17] $and$rtl/sv/generated/eval_core/AecEvalCore.sv:44062$15278_Y \inputShadow_mask [16] $and$rtl/sv/generated/eval_core/AecEvalCore.sv:44056$15273_Y \inputShadow_mask [15] $and$rtl/sv/generated/eval_core/AecEvalCore.sv:44050$15268_Y \inputShadow_mask [14] $and$rtl/sv/generated/eval_core/AecEvalCore.sv:44044$15263_Y \inputShadow_mask [13] $and$rtl/sv/generated/eval_core/AecEvalCore.sv:44038$15258_Y \inputShadow_mask [12] $and$rtl/sv/generated/eval_core/AecEvalCore.sv:44032$15253_Y \inputShadow_mask [11] $and$rtl/sv/generated/eval_core/AecEvalCore.sv:44026$15248_Y \inputShadow_mask [10] $and$rtl/sv/generated/eval_core/AecEvalCore.sv:44020$15243_Y \inputShadow_mask [9] $and$rtl/sv/generated/eval_core/AecEvalCore.sv:44014$15238_Y \inputShadow_mask [8] $and$rtl/sv/generated/eval_core/AecEvalCore.sv:44008$15233_Y \inputShadow_mask [7] $and$rtl/sv/generated/eval_core/AecEvalCore.sv:44002$15228_Y \inputShadow_mask [6] $and$rtl/sv/generated/eval_core/AecEvalCore.sv:43996$15223_Y \inputShadow_mask [5] $and$rtl/sv/generated/eval_core/AecEvalCore.sv:43990$15218_Y \inputShadow_mask [4] $and$rtl/sv/generated/eval_core/AecEvalCore.sv:43984$15213_Y \inputShadow_mask [3] $and$rtl/sv/generated/eval_core/AecEvalCore.sv:43978$15208_Y \inputShadow_mask [2] $and$rtl/sv/generated/eval_core/AecEvalCore.sv:43972$15203_Y \inputShadow_mask [1] $and$rtl/sv/generated/eval_core/AecEvalCore.sv:43966$15198_Y \inputShadow_mask [0] }, Q = \allParts).
Adding EN signal on $procdff$35738 ($dff) from module AecGmemLsu (D = $ternary$rtl/sv/generated/eval_core/AecEvalCore.sv:43798$15124_Y [7:0], Q = \heldAddressBytes_8_0).
Adding EN signal on $procdff$35739 ($dff) from module AecGmemLsu (D = $ternary$rtl/sv/generated/eval_core/AecEvalCore.sv:43798$15124_Y [15:8], Q = \heldAddressBytes_8_1).
Adding EN signal on $procdff$35740 ($dff) from module AecGmemLsu (D = $ternary$rtl/sv/generated/eval_core/AecEvalCore.sv:43798$15124_Y [23:16], Q = \heldAddressBytes_8_2).
Adding EN signal on $procdff$36019 ($dff) from module AecGmemLsu (D = \inputShadow_compareData_14 [15:8], Q = \heldCompareBytes_14_1).
Adding EN signal on $procdff$35741 ($dff) from module AecGmemLsu (D = $ternary$rtl/sv/generated/eval_core/AecEvalCore.sv:43798$15124_Y [31:24], Q = \heldAddressBytes_8_3).
Adding EN signal on $procdff$35742 ($dff) from module AecGmemLsu (D = $ternary$rtl/sv/generated/eval_core/AecEvalCore.sv:43805$15127_Y [7:0], Q = \heldAddressBytes_9_0).
Adding EN signal on $procdff$36020 ($dff) from module AecGmemLsu (D = \inputShadow_compareData_14 [23:16], Q = \heldCompareBytes_14_2).
Adding EN signal on $procdff$35743 ($dff) from module AecGmemLsu (D = $ternary$rtl/sv/generated/eval_core/AecEvalCore.sv:43805$15127_Y [15:8], Q = \heldAddressBytes_9_1).
Adding EN signal on $procdff$35744 ($dff) from module AecGmemLsu (D = $ternary$rtl/sv/generated/eval_core/AecEvalCore.sv:43805$15127_Y [23:16], Q = \heldAddressBytes_9_2).
Adding EN signal on $procdff$36021 ($dff) from module AecGmemLsu (D = \inputShadow_compareData_14 [31:24], Q = \heldCompareBytes_14_3).
Adding EN signal on $procdff$35745 ($dff) from module AecGmemLsu (D = $ternary$rtl/sv/generated/eval_core/AecEvalCore.sv:43805$15127_Y [31:24], Q = \heldAddressBytes_9_3).
Adding EN signal on $procdff$35746 ($dff) from module AecGmemLsu (D = $ternary$rtl/sv/generated/eval_core/AecEvalCore.sv:43812$15130_Y [7:0], Q = \heldAddressBytes_10_0).
Adding EN signal on $procdff$36022 ($dff) from module AecGmemLsu (D = \inputShadow_compareData_15 [7:0], Q = \heldCompareBytes_15_0).
Adding EN signal on $procdff$35747 ($dff) from module AecGmemLsu (D = $ternary$rtl/sv/generated/eval_core/AecEvalCore.sv:43812$15130_Y [15:8], Q = \heldAddressBytes_10_1).
Adding EN signal on $procdff$35748 ($dff) from module AecGmemLsu (D = $ternary$rtl/sv/generated/eval_core/AecEvalCore.sv:43812$15130_Y [23:16], Q = \heldAddressBytes_10_2).
Adding EN signal on $procdff$36023 ($dff) from module AecGmemLsu (D = \inputShadow_compareData_15 [15:8], Q = \heldCompareBytes_15_1).
Adding EN signal on $procdff$35749 ($dff) from module AecGmemLsu (D = $ternary$rtl/sv/generated/eval_core/AecEvalCore.sv:43812$15130_Y [31:24], Q = \heldAddressBytes_10_3).
Adding EN signal on $procdff$35750 ($dff) from module AecGmemLsu (D = $ternary$rtl/sv/generated/eval_core/AecEvalCore.sv:43819$15133_Y [7:0], Q = \heldAddressBytes_11_0).
Adding EN signal on $procdff$36024 ($dff) from module AecGmemLsu (D = \inputShadow_compareData_15 [23:16], Q = \heldCompareBytes_15_2).
Adding EN signal on $procdff$35751 ($dff) from module AecGmemLsu (D = $ternary$rtl/sv/generated/eval_core/AecEvalCore.sv:43819$15133_Y [15:8], Q = \heldAddressBytes_11_1).
Adding EN signal on $procdff$35752 ($dff) from module AecGmemLsu (D = $ternary$rtl/sv/generated/eval_core/AecEvalCore.sv:43819$15133_Y [23:16], Q = \heldAddressBytes_11_2).
Adding EN signal on $procdff$36025 ($dff) from module AecGmemLsu (D = \inputShadow_compareData_15 [31:24], Q = \heldCompareBytes_15_3).
Adding EN signal on $procdff$35753 ($dff) from module AecGmemLsu (D = $ternary$rtl/sv/generated/eval_core/AecEvalCore.sv:43819$15133_Y [31:24], Q = \heldAddressBytes_11_3).
Adding EN signal on $procdff$35754 ($dff) from module AecGmemLsu (D = $ternary$rtl/sv/generated/eval_core/AecEvalCore.sv:43826$15136_Y [7:0], Q = \heldAddressBytes_12_0).
Adding EN signal on $procdff$36026 ($dff) from module AecGmemLsu (D = \inputShadow_compareData_16 [7:0], Q = \heldCompareBytes_16_0).
Adding EN signal on $procdff$35755 ($dff) from module AecGmemLsu (D = $ternary$rtl/sv/generated/eval_core/AecEvalCore.sv:43826$15136_Y [15:8], Q = \heldAddressBytes_12_1).
Adding EN signal on $procdff$35756 ($dff) from module AecGmemLsu (D = $ternary$rtl/sv/generated/eval_core/AecEvalCore.sv:43826$15136_Y [23:16], Q = \heldAddressBytes_12_2).
Adding EN signal on $procdff$36027 ($dff) from module AecGmemLsu (D = \inputShadow_compareData_16 [15:8], Q = \heldCompareBytes_16_1).
Adding EN signal on $procdff$35757 ($dff) from module AecGmemLsu (D = $ternary$rtl/sv/generated/eval_core/AecEvalCore.sv:43826$15136_Y [31:24], Q = \heldAddressBytes_12_3).
Adding EN signal on $procdff$35758 ($dff) from module AecGmemLsu (D = $ternary$rtl/sv/generated/eval_core/AecEvalCore.sv:43833$15139_Y [7:0], Q = \heldAddressBytes_13_0).
Adding EN signal on $procdff$36028 ($dff) from module AecGmemLsu (D = \inputShadow_compareData_16 [23:16], Q = \heldCompareBytes_16_2).
Adding EN signal on $procdff$35759 ($dff) from module AecGmemLsu (D = $ternary$rtl/sv/generated/eval_core/AecEvalCore.sv:43833$15139_Y [15:8], Q = \heldAddressBytes_13_1).
Adding EN signal on $procdff$35760 ($dff) from module AecGmemLsu (D = $ternary$rtl/sv/generated/eval_core/AecEvalCore.sv:43833$15139_Y [23:16], Q = \heldAddressBytes_13_2).
Adding EN signal on $procdff$36029 ($dff) from module AecGmemLsu (D = \inputShadow_compareData_16 [31:24], Q = \heldCompareBytes_16_3).
Adding EN signal on $procdff$35761 ($dff) from module AecGmemLsu (D = $ternary$rtl/sv/generated/eval_core/AecEvalCore.sv:43833$15139_Y [31:24], Q = \heldAddressBytes_13_3).
Adding EN signal on $procdff$35762 ($dff) from module AecGmemLsu (D = $ternary$rtl/sv/generated/eval_core/AecEvalCore.sv:43840$15142_Y [7:0], Q = \heldAddressBytes_14_0).
Adding EN signal on $procdff$36030 ($dff) from module AecGmemLsu (D = \inputShadow_compareData_17 [7:0], Q = \heldCompareBytes_17_0).
Adding EN signal on $procdff$35763 ($dff) from module AecGmemLsu (D = $ternary$rtl/sv/generated/eval_core/AecEvalCore.sv:43840$15142_Y [15:8], Q = \heldAddressBytes_14_1).
Adding EN signal on $procdff$35764 ($dff) from module AecGmemLsu (D = $ternary$rtl/sv/generated/eval_core/AecEvalCore.sv:43840$15142_Y [23:16], Q = \heldAddressBytes_14_2).
Adding EN signal on $procdff$36031 ($dff) from module AecGmemLsu (D = \inputShadow_compareData_17 [15:8], Q = \heldCompareBytes_17_1).
Adding EN signal on $procdff$35765 ($dff) from module AecGmemLsu (D = $ternary$rtl/sv/generated/eval_core/AecEvalCore.sv:43840$15142_Y [31:24], Q = \heldAddressBytes_14_3).
Adding EN signal on $procdff$35766 ($dff) from module AecGmemLsu (D = $ternary$rtl/sv/generated/eval_core/AecEvalCore.sv:43847$15145_Y [7:0], Q = \heldAddressBytes_15_0).
Adding EN signal on $procdff$36032 ($dff) from module AecGmemLsu (D = \inputShadow_compareData_17 [23:16], Q = \heldCompareBytes_17_2).
Adding EN signal on $procdff$35767 ($dff) from module AecGmemLsu (D = $ternary$rtl/sv/generated/eval_core/AecEvalCore.sv:43847$15145_Y [15:8], Q = \heldAddressBytes_15_1).
Adding EN signal on $procdff$35768 ($dff) from module AecGmemLsu (D = $ternary$rtl/sv/generated/eval_core/AecEvalCore.sv:43847$15145_Y [23:16], Q = \heldAddressBytes_15_2).
Adding EN signal on $procdff$36033 ($dff) from module AecGmemLsu (D = \inputShadow_compareData_17 [31:24], Q = \heldCompareBytes_17_3).
Adding EN signal on $procdff$35769 ($dff) from module AecGmemLsu (D = $ternary$rtl/sv/generated/eval_core/AecEvalCore.sv:43847$15145_Y [31:24], Q = \heldAddressBytes_15_3).
Adding EN signal on $procdff$35770 ($dff) from module AecGmemLsu (D = $ternary$rtl/sv/generated/eval_core/AecEvalCore.sv:43854$15148_Y [7:0], Q = \heldAddressBytes_16_0).
Adding EN signal on $procdff$36034 ($dff) from module AecGmemLsu (D = \inputShadow_compareData_18 [7:0], Q = \heldCompareBytes_18_0).
Adding EN signal on $procdff$35771 ($dff) from module AecGmemLsu (D = $ternary$rtl/sv/generated/eval_core/AecEvalCore.sv:43854$15148_Y [15:8], Q = \heldAddressBytes_16_1).
Adding EN signal on $procdff$35772 ($dff) from module AecGmemLsu (D = $ternary$rtl/sv/generated/eval_core/AecEvalCore.sv:43854$15148_Y [23:16], Q = \heldAddressBytes_16_2).
Adding EN signal on $procdff$36035 ($dff) from module AecGmemLsu (D = \inputShadow_compareData_18 [15:8], Q = \heldCompareBytes_18_1).
Adding EN signal on $procdff$35773 ($dff) from module AecGmemLsu (D = $ternary$rtl/sv/generated/eval_core/AecEvalCore.sv:43854$15148_Y [31:24], Q = \heldAddressBytes_16_3).
Adding EN signal on $procdff$36036 ($dff) from module AecGmemLsu (D = \inputShadow_compareData_18 [23:16], Q = \heldCompareBytes_18_2).
Adding EN signal on $procdff$35774 ($dff) from module AecGmemLsu (D = $ternary$rtl/sv/generated/eval_core/AecEvalCore.sv:43861$15151_Y [7:0], Q = \heldAddressBytes_17_0).
Adding EN signal on $procdff$35775 ($dff) from module AecGmemLsu (D = $ternary$rtl/sv/generated/eval_core/AecEvalCore.sv:43861$15151_Y [15:8], Q = \heldAddressBytes_17_1).
Adding EN signal on $procdff$36037 ($dff) from module AecGmemLsu (D = \inputShadow_compareData_18 [31:24], Q = \heldCompareBytes_18_3).
Adding EN signal on $procdff$35776 ($dff) from module AecGmemLsu (D = $ternary$rtl/sv/generated/eval_core/AecEvalCore.sv:43861$15151_Y [23:16], Q = \heldAddressBytes_17_2).
Adding EN signal on $procdff$35777 ($dff) from module AecGmemLsu (D = $ternary$rtl/sv/generated/eval_core/AecEvalCore.sv:43861$15151_Y [31:24], Q = \heldAddressBytes_17_3).
Adding EN signal on $procdff$36038 ($dff) from module AecGmemLsu (D = \inputShadow_compareData_19 [7:0], Q = \heldCompareBytes_19_0).
Adding EN signal on $procdff$35778 ($dff) from module AecGmemLsu (D = $ternary$rtl/sv/generated/eval_core/AecEvalCore.sv:43868$15154_Y [7:0], Q = \heldAddressBytes_18_0).
Adding EN signal on $procdff$35779 ($dff) from module AecGmemLsu (D = $ternary$rtl/sv/generated/eval_core/AecEvalCore.sv:43868$15154_Y [15:8], Q = \heldAddressBytes_18_1).
Adding EN signal on $procdff$36039 ($dff) from module AecGmemLsu (D = \inputShadow_compareData_19 [15:8], Q = \heldCompareBytes_19_1).
Adding EN signal on $procdff$35780 ($dff) from module AecGmemLsu (D = $ternary$rtl/sv/generated/eval_core/AecEvalCore.sv:43868$15154_Y [23:16], Q = \heldAddressBytes_18_2).
Adding EN signal on $procdff$35781 ($dff) from module AecGmemLsu (D = $ternary$rtl/sv/generated/eval_core/AecEvalCore.sv:43868$15154_Y [31:24], Q = \heldAddressBytes_18_3).
Adding EN signal on $procdff$36040 ($dff) from module AecGmemLsu (D = \inputShadow_compareData_19 [23:16], Q = \heldCompareBytes_19_2).
Adding EN signal on $procdff$35782 ($dff) from module AecGmemLsu (D = $ternary$rtl/sv/generated/eval_core/AecEvalCore.sv:43875$15157_Y [7:0], Q = \heldAddressBytes_19_0).
Adding EN signal on $procdff$35783 ($dff) from module AecGmemLsu (D = $ternary$rtl/sv/generated/eval_core/AecEvalCore.sv:43875$15157_Y [15:8], Q = \heldAddressBytes_19_1).
Adding EN signal on $procdff$36041 ($dff) from module AecGmemLsu (D = \inputShadow_compareData_19 [31:24], Q = \heldCompareBytes_19_3).
Adding EN signal on $procdff$35784 ($dff) from module AecGmemLsu (D = $ternary$rtl/sv/generated/eval_core/AecEvalCore.sv:43875$15157_Y [23:16], Q = \heldAddressBytes_19_2).
Adding EN signal on $procdff$35785 ($dff) from module AecGmemLsu (D = $ternary$rtl/sv/generated/eval_core/AecEvalCore.sv:43875$15157_Y [31:24], Q = \heldAddressBytes_19_3).
Adding EN signal on $procdff$36042 ($dff) from module AecGmemLsu (D = \inputShadow_compareData_20 [7:0], Q = \heldCompareBytes_20_0).
Adding EN signal on $procdff$35786 ($dff) from module AecGmemLsu (D = $ternary$rtl/sv/generated/eval_core/AecEvalCore.sv:43882$15160_Y [7:0], Q = \heldAddressBytes_20_0).
Adding EN signal on $procdff$35787 ($dff) from module AecGmemLsu (D = $ternary$rtl/sv/generated/eval_core/AecEvalCore.sv:43882$15160_Y [15:8], Q = \heldAddressBytes_20_1).
Adding EN signal on $procdff$36043 ($dff) from module AecGmemLsu (D = \inputShadow_compareData_20 [15:8], Q = \heldCompareBytes_20_1).
Adding EN signal on $procdff$35788 ($dff) from module AecGmemLsu (D = $ternary$rtl/sv/generated/eval_core/AecEvalCore.sv:43882$15160_Y [23:16], Q = \heldAddressBytes_20_2).
Adding EN signal on $procdff$35789 ($dff) from module AecGmemLsu (D = $ternary$rtl/sv/generated/eval_core/AecEvalCore.sv:43882$15160_Y [31:24], Q = \heldAddressBytes_20_3).
Adding EN signal on $procdff$36044 ($dff) from module AecGmemLsu (D = \inputShadow_compareData_20 [23:16], Q = \heldCompareBytes_20_2).
Adding EN signal on $procdff$35790 ($dff) from module AecGmemLsu (D = $ternary$rtl/sv/generated/eval_core/AecEvalCore.sv:43889$15163_Y [7:0], Q = \heldAddressBytes_21_0).
Adding EN signal on $procdff$35791 ($dff) from module AecGmemLsu (D = $ternary$rtl/sv/generated/eval_core/AecEvalCore.sv:43889$15163_Y [15:8], Q = \heldAddressBytes_21_1).
Adding EN signal on $procdff$36045 ($dff) from module AecGmemLsu (D = \inputShadow_compareData_20 [31:24], Q = \heldCompareBytes_20_3).
Adding EN signal on $procdff$35792 ($dff) from module AecGmemLsu (D = $ternary$rtl/sv/generated/eval_core/AecEvalCore.sv:43889$15163_Y [23:16], Q = \heldAddressBytes_21_2).
Adding EN signal on $procdff$35793 ($dff) from module AecGmemLsu (D = $ternary$rtl/sv/generated/eval_core/AecEvalCore.sv:43889$15163_Y [31:24], Q = \heldAddressBytes_21_3).
Adding EN signal on $procdff$36046 ($dff) from module AecGmemLsu (D = \inputShadow_compareData_21 [7:0], Q = \heldCompareBytes_21_0).
Adding EN signal on $procdff$35794 ($dff) from module AecGmemLsu (D = $ternary$rtl/sv/generated/eval_core/AecEvalCore.sv:43896$15166_Y [7:0], Q = \heldAddressBytes_22_0).
Adding EN signal on $procdff$35795 ($dff) from module AecGmemLsu (D = $ternary$rtl/sv/generated/eval_core/AecEvalCore.sv:43896$15166_Y [15:8], Q = \heldAddressBytes_22_1).
Adding EN signal on $procdff$36047 ($dff) from module AecGmemLsu (D = \inputShadow_compareData_21 [15:8], Q = \heldCompareBytes_21_1).
Adding EN signal on $procdff$35796 ($dff) from module AecGmemLsu (D = $ternary$rtl/sv/generated/eval_core/AecEvalCore.sv:43896$15166_Y [23:16], Q = \heldAddressBytes_22_2).
Adding EN signal on $procdff$35797 ($dff) from module AecGmemLsu (D = $ternary$rtl/sv/generated/eval_core/AecEvalCore.sv:43896$15166_Y [31:24], Q = \heldAddressBytes_22_3).
Adding EN signal on $procdff$36048 ($dff) from module AecGmemLsu (D = \inputShadow_compareData_21 [23:16], Q = \heldCompareBytes_21_2).
Adding EN signal on $procdff$35798 ($dff) from module AecGmemLsu (D = $ternary$rtl/sv/generated/eval_core/AecEvalCore.sv:43903$15169_Y [7:0], Q = \heldAddressBytes_23_0).
Adding EN signal on $procdff$35799 ($dff) from module AecGmemLsu (D = $ternary$rtl/sv/generated/eval_core/AecEvalCore.sv:43903$15169_Y [15:8], Q = \heldAddressBytes_23_1).
Adding EN signal on $procdff$36049 ($dff) from module AecGmemLsu (D = \inputShadow_compareData_21 [31:24], Q = \heldCompareBytes_21_3).
Adding EN signal on $procdff$35800 ($dff) from module AecGmemLsu (D = $ternary$rtl/sv/generated/eval_core/AecEvalCore.sv:43903$15169_Y [23:16], Q = \heldAddressBytes_23_2).
Adding EN signal on $procdff$35801 ($dff) from module AecGmemLsu (D = $ternary$rtl/sv/generated/eval_core/AecEvalCore.sv:43903$15169_Y [31:24], Q = \heldAddressBytes_23_3).
Adding EN signal on $procdff$36050 ($dff) from module AecGmemLsu (D = \inputShadow_compareData_22 [7:0], Q = \heldCompareBytes_22_0).
Adding EN signal on $procdff$35802 ($dff) from module AecGmemLsu (D = $ternary$rtl/sv/generated/eval_core/AecEvalCore.sv:43910$15172_Y [7:0], Q = \heldAddressBytes_24_0).
Adding EN signal on $procdff$35803 ($dff) from module AecGmemLsu (D = $ternary$rtl/sv/generated/eval_core/AecEvalCore.sv:43910$15172_Y [15:8], Q = \heldAddressBytes_24_1).
Adding EN signal on $procdff$36051 ($dff) from module AecGmemLsu (D = \inputShadow_compareData_22 [15:8], Q = \heldCompareBytes_22_1).
Adding EN signal on $procdff$35804 ($dff) from module AecGmemLsu (D = $ternary$rtl/sv/generated/eval_core/AecEvalCore.sv:43910$15172_Y [23:16], Q = \heldAddressBytes_24_2).
Adding EN signal on $procdff$35805 ($dff) from module AecGmemLsu (D = $ternary$rtl/sv/generated/eval_core/AecEvalCore.sv:43910$15172_Y [31:24], Q = \heldAddressBytes_24_3).
Adding EN signal on $procdff$36052 ($dff) from module AecGmemLsu (D = \inputShadow_compareData_22 [23:16], Q = \heldCompareBytes_22_2).
Adding EN signal on $procdff$35806 ($dff) from module AecGmemLsu (D = $ternary$rtl/sv/generated/eval_core/AecEvalCore.sv:43917$15175_Y [7:0], Q = \heldAddressBytes_25_0).
Adding EN signal on $procdff$36113 ($dff) from module AecGmemLsu (D = $procmux$33265_Y, Q = \loadSlotLine_7).
Adding EN signal on $procdff$35807 ($dff) from module AecGmemLsu (D = $ternary$rtl/sv/generated/eval_core/AecEvalCore.sv:43917$15175_Y [15:8], Q = \heldAddressBytes_25_1).
Adding EN signal on $procdff$36053 ($dff) from module AecGmemLsu (D = \inputShadow_compareData_22 [31:24], Q = \heldCompareBytes_22_3).
Adding EN signal on $procdff$35808 ($dff) from module AecGmemLsu (D = $ternary$rtl/sv/generated/eval_core/AecEvalCore.sv:43917$15175_Y [23:16], Q = \heldAddressBytes_25_2).
Adding EN signal on $procdff$35809 ($dff) from module AecGmemLsu (D = $ternary$rtl/sv/generated/eval_core/AecEvalCore.sv:43917$15175_Y [31:24], Q = \heldAddressBytes_25_3).
Adding EN signal on $procdff$36054 ($dff) from module AecGmemLsu (D = \inputShadow_compareData_23 [7:0], Q = \heldCompareBytes_23_0).
Adding EN signal on $procdff$35810 ($dff) from module AecGmemLsu (D = $ternary$rtl/sv/generated/eval_core/AecEvalCore.sv:43924$15178_Y [7:0], Q = \heldAddressBytes_26_0).
Adding EN signal on $procdff$35811 ($dff) from module AecGmemLsu (D = $ternary$rtl/sv/generated/eval_core/AecEvalCore.sv:43924$15178_Y [15:8], Q = \heldAddressBytes_26_1).
Adding EN signal on $procdff$36055 ($dff) from module AecGmemLsu (D = \inputShadow_compareData_23 [15:8], Q = \heldCompareBytes_23_1).
Adding EN signal on $procdff$35812 ($dff) from module AecGmemLsu (D = $ternary$rtl/sv/generated/eval_core/AecEvalCore.sv:43924$15178_Y [23:16], Q = \heldAddressBytes_26_2).
Adding EN signal on $procdff$35813 ($dff) from module AecGmemLsu (D = $ternary$rtl/sv/generated/eval_core/AecEvalCore.sv:43924$15178_Y [31:24], Q = \heldAddressBytes_26_3).
Adding EN signal on $procdff$36056 ($dff) from module AecGmemLsu (D = \inputShadow_compareData_23 [23:16], Q = \heldCompareBytes_23_2).
Adding EN signal on $procdff$35814 ($dff) from module AecGmemLsu (D = $ternary$rtl/sv/generated/eval_core/AecEvalCore.sv:43931$15181_Y [7:0], Q = \heldAddressBytes_27_0).
Adding EN signal on $procdff$35815 ($dff) from module AecGmemLsu (D = $ternary$rtl/sv/generated/eval_core/AecEvalCore.sv:43931$15181_Y [15:8], Q = \heldAddressBytes_27_1).
Adding EN signal on $procdff$36057 ($dff) from module AecGmemLsu (D = \inputShadow_compareData_23 [31:24], Q = \heldCompareBytes_23_3).
Adding EN signal on $procdff$35816 ($dff) from module AecGmemLsu (D = $ternary$rtl/sv/generated/eval_core/AecEvalCore.sv:43931$15181_Y [23:16], Q = \heldAddressBytes_27_2).
Adding EN signal on $procdff$35817 ($dff) from module AecGmemLsu (D = $ternary$rtl/sv/generated/eval_core/AecEvalCore.sv:43931$15181_Y [31:24], Q = \heldAddressBytes_27_3).
Adding EN signal on $procdff$36058 ($dff) from module AecGmemLsu (D = \inputShadow_compareData_24 [7:0], Q = \heldCompareBytes_24_0).
Adding EN signal on $procdff$35818 ($dff) from module AecGmemLsu (D = $ternary$rtl/sv/generated/eval_core/AecEvalCore.sv:43938$15184_Y [7:0], Q = \heldAddressBytes_28_0).
Adding EN signal on $procdff$35819 ($dff) from module AecGmemLsu (D = $ternary$rtl/sv/generated/eval_core/AecEvalCore.sv:43938$15184_Y [15:8], Q = \heldAddressBytes_28_1).
Adding EN signal on $procdff$36059 ($dff) from module AecGmemLsu (D = \inputShadow_compareData_24 [15:8], Q = \heldCompareBytes_24_1).
Adding EN signal on $procdff$35820 ($dff) from module AecGmemLsu (D = $ternary$rtl/sv/generated/eval_core/AecEvalCore.sv:43938$15184_Y [23:16], Q = \heldAddressBytes_28_2).
Adding EN signal on $procdff$35821 ($dff) from module AecGmemLsu (D = $ternary$rtl/sv/generated/eval_core/AecEvalCore.sv:43938$15184_Y [31:24], Q = \heldAddressBytes_28_3).
Adding EN signal on $procdff$36060 ($dff) from module AecGmemLsu (D = \inputShadow_compareData_24 [23:16], Q = \heldCompareBytes_24_2).
Adding EN signal on $procdff$35928 ($dff) from module AecGmemLsu (D = \inputShadow_storeData_23 [23:16], Q = \heldStoreBytes_23_2).
Adding EN signal on $procdff$35822 ($dff) from module AecGmemLsu (D = $ternary$rtl/sv/generated/eval_core/AecEvalCore.sv:43945$15187_Y [7:0], Q = \heldAddressBytes_29_0).
Adding EN signal on $procdff$35823 ($dff) from module AecGmemLsu (D = $ternary$rtl/sv/generated/eval_core/AecEvalCore.sv:43945$15187_Y [15:8], Q = \heldAddressBytes_29_1).
Adding EN signal on $procdff$36061 ($dff) from module AecGmemLsu (D = \inputShadow_compareData_24 [31:24], Q = \heldCompareBytes_24_3).
Adding EN signal on $procdff$35824 ($dff) from module AecGmemLsu (D = $ternary$rtl/sv/generated/eval_core/AecEvalCore.sv:43945$15187_Y [23:16], Q = \heldAddressBytes_29_2).
Adding EN signal on $procdff$35825 ($dff) from module AecGmemLsu (D = $ternary$rtl/sv/generated/eval_core/AecEvalCore.sv:43945$15187_Y [31:24], Q = \heldAddressBytes_29_3).
Adding EN signal on $procdff$36062 ($dff) from module AecGmemLsu (D = \inputShadow_compareData_25 [7:0], Q = \heldCompareBytes_25_0).
Adding EN signal on $procdff$35826 ($dff) from module AecGmemLsu (D = $ternary$rtl/sv/generated/eval_core/AecEvalCore.sv:43952$15190_Y [7:0], Q = \heldAddressBytes_30_0).
Adding EN signal on $procdff$35827 ($dff) from module AecGmemLsu (D = $ternary$rtl/sv/generated/eval_core/AecEvalCore.sv:43952$15190_Y [15:8], Q = \heldAddressBytes_30_1).
Adding EN signal on $procdff$36063 ($dff) from module AecGmemLsu (D = \inputShadow_compareData_25 [15:8], Q = \heldCompareBytes_25_1).
Adding EN signal on $procdff$35828 ($dff) from module AecGmemLsu (D = $ternary$rtl/sv/generated/eval_core/AecEvalCore.sv:43952$15190_Y [23:16], Q = \heldAddressBytes_30_2).
Adding EN signal on $procdff$35829 ($dff) from module AecGmemLsu (D = $ternary$rtl/sv/generated/eval_core/AecEvalCore.sv:43952$15190_Y [31:24], Q = \heldAddressBytes_30_3).
Adding EN signal on $procdff$36064 ($dff) from module AecGmemLsu (D = \inputShadow_compareData_25 [23:16], Q = \heldCompareBytes_25_2).
Adding EN signal on $procdff$35830 ($dff) from module AecGmemLsu (D = $ternary$rtl/sv/generated/eval_core/AecEvalCore.sv:43959$15193_Y [7:0], Q = \heldAddressBytes_31_0).
Adding EN signal on $procdff$35831 ($dff) from module AecGmemLsu (D = $ternary$rtl/sv/generated/eval_core/AecEvalCore.sv:43959$15193_Y [15:8], Q = \heldAddressBytes_31_1).
Adding EN signal on $procdff$36065 ($dff) from module AecGmemLsu (D = \inputShadow_compareData_25 [31:24], Q = \heldCompareBytes_25_3).
Adding EN signal on $procdff$35832 ($dff) from module AecGmemLsu (D = $ternary$rtl/sv/generated/eval_core/AecEvalCore.sv:43959$15193_Y [23:16], Q = \heldAddressBytes_31_2).
Adding EN signal on $procdff$35833 ($dff) from module AecGmemLsu (D = $ternary$rtl/sv/generated/eval_core/AecEvalCore.sv:43959$15193_Y [31:24], Q = \heldAddressBytes_31_3).
Adding EN signal on $procdff$36066 ($dff) from module AecGmemLsu (D = \inputShadow_compareData_26 [7:0], Q = \heldCompareBytes_26_0).
Adding EN signal on $procdff$35834 ($dff) from module AecGmemLsu (D = \inputShadow_storeData_0 [7:0], Q = \heldStoreBytes_0_0).
Adding EN signal on $procdff$35835 ($dff) from module AecGmemLsu (D = \inputShadow_storeData_0 [15:8], Q = \heldStoreBytes_0_1).
Adding EN signal on $procdff$36067 ($dff) from module AecGmemLsu (D = \inputShadow_compareData_26 [15:8], Q = \heldCompareBytes_26_1).
Adding EN signal on $procdff$35836 ($dff) from module AecGmemLsu (D = \inputShadow_storeData_0 [23:16], Q = \heldStoreBytes_0_2).
Adding EN signal on $procdff$35837 ($dff) from module AecGmemLsu (D = \inputShadow_storeData_0 [31:24], Q = \heldStoreBytes_0_3).
Adding EN signal on $procdff$36068 ($dff) from module AecGmemLsu (D = \inputShadow_compareData_26 [23:16], Q = \heldCompareBytes_26_2).
Adding EN signal on $procdff$35838 ($dff) from module AecGmemLsu (D = \inputShadow_storeData_1 [7:0], Q = \heldStoreBytes_1_0).
Adding EN signal on $procdff$35839 ($dff) from module AecGmemLsu (D = \inputShadow_storeData_1 [15:8], Q = \heldStoreBytes_1_1).
Adding EN signal on $procdff$36069 ($dff) from module AecGmemLsu (D = \inputShadow_compareData_26 [31:24], Q = \heldCompareBytes_26_3).
Adding EN signal on $procdff$35840 ($dff) from module AecGmemLsu (D = \inputShadow_storeData_1 [23:16], Q = \heldStoreBytes_1_2).
Adding EN signal on $procdff$35841 ($dff) from module AecGmemLsu (D = \inputShadow_storeData_1 [31:24], Q = \heldStoreBytes_1_3).
Adding EN signal on $procdff$36070 ($dff) from module AecGmemLsu (D = \inputShadow_compareData_27 [7:0], Q = \heldCompareBytes_27_0).
Adding EN signal on $procdff$35842 ($dff) from module AecGmemLsu (D = \inputShadow_storeData_2 [7:0], Q = \heldStoreBytes_2_0).
Adding EN signal on $procdff$35843 ($dff) from module AecGmemLsu (D = \inputShadow_storeData_2 [15:8], Q = \heldStoreBytes_2_1).
Adding EN signal on $procdff$36071 ($dff) from module AecGmemLsu (D = \inputShadow_compareData_27 [15:8], Q = \heldCompareBytes_27_1).
Adding EN signal on $procdff$35844 ($dff) from module AecGmemLsu (D = \inputShadow_storeData_2 [23:16], Q = \heldStoreBytes_2_2).
Adding EN signal on $procdff$35845 ($dff) from module AecGmemLsu (D = \inputShadow_storeData_2 [31:24], Q = \heldStoreBytes_2_3).
Adding EN signal on $procdff$36072 ($dff) from module AecGmemLsu (D = \inputShadow_compareData_27 [23:16], Q = \heldCompareBytes_27_2).
Adding EN signal on $procdff$35846 ($dff) from module AecGmemLsu (D = \inputShadow_storeData_3 [7:0], Q = \heldStoreBytes_3_0).
Adding EN signal on $procdff$35847 ($dff) from module AecGmemLsu (D = \inputShadow_storeData_3 [15:8], Q = \heldStoreBytes_3_1).
Adding EN signal on $procdff$36073 ($dff) from module AecGmemLsu (D = \inputShadow_compareData_27 [31:24], Q = \heldCompareBytes_27_3).
Adding EN signal on $procdff$35848 ($dff) from module AecGmemLsu (D = \inputShadow_storeData_3 [23:16], Q = \heldStoreBytes_3_2).
Adding EN signal on $procdff$35849 ($dff) from module AecGmemLsu (D = \inputShadow_storeData_3 [31:24], Q = \heldStoreBytes_3_3).
Adding EN signal on $procdff$36074 ($dff) from module AecGmemLsu (D = \inputShadow_compareData_28 [7:0], Q = \heldCompareBytes_28_0).
Adding EN signal on $procdff$35850 ($dff) from module AecGmemLsu (D = \inputShadow_storeData_4 [7:0], Q = \heldStoreBytes_4_0).
Adding EN signal on $procdff$35851 ($dff) from module AecGmemLsu (D = \inputShadow_storeData_4 [15:8], Q = \heldStoreBytes_4_1).
Adding EN signal on $procdff$36075 ($dff) from module AecGmemLsu (D = \inputShadow_compareData_28 [15:8], Q = \heldCompareBytes_28_1).
Adding EN signal on $procdff$35852 ($dff) from module AecGmemLsu (D = \inputShadow_storeData_4 [23:16], Q = \heldStoreBytes_4_2).
Adding EN signal on $procdff$35853 ($dff) from module AecGmemLsu (D = \inputShadow_storeData_4 [31:24], Q = \heldStoreBytes_4_3).
Adding EN signal on $procdff$36076 ($dff) from module AecGmemLsu (D = \inputShadow_compareData_28 [23:16], Q = \heldCompareBytes_28_2).
Adding EN signal on $procdff$35854 ($dff) from module AecGmemLsu (D = \inputShadow_storeData_5 [7:0], Q = \heldStoreBytes_5_0).
Adding EN signal on $procdff$35855 ($dff) from module AecGmemLsu (D = \inputShadow_storeData_5 [15:8], Q = \heldStoreBytes_5_1).
Adding EN signal on $procdff$36077 ($dff) from module AecGmemLsu (D = \inputShadow_compareData_28 [31:24], Q = \heldCompareBytes_28_3).
Adding EN signal on $procdff$35856 ($dff) from module AecGmemLsu (D = \inputShadow_storeData_5 [23:16], Q = \heldStoreBytes_5_2).
Adding EN signal on $procdff$35857 ($dff) from module AecGmemLsu (D = \inputShadow_storeData_5 [31:24], Q = \heldStoreBytes_5_3).
Adding EN signal on $procdff$36078 ($dff) from module AecGmemLsu (D = \inputShadow_compareData_29 [7:0], Q = \heldCompareBytes_29_0).
Adding EN signal on $procdff$35858 ($dff) from module AecGmemLsu (D = \inputShadow_storeData_6 [7:0], Q = \heldStoreBytes_6_0).
Adding EN signal on $procdff$35859 ($dff) from module AecGmemLsu (D = \inputShadow_storeData_6 [15:8], Q = \heldStoreBytes_6_1).
Adding EN signal on $procdff$36079 ($dff) from module AecGmemLsu (D = \inputShadow_compareData_29 [15:8], Q = \heldCompareBytes_29_1).
Adding EN signal on $procdff$35860 ($dff) from module AecGmemLsu (D = \inputShadow_storeData_6 [23:16], Q = \heldStoreBytes_6_2).
Adding EN signal on $procdff$35861 ($dff) from module AecGmemLsu (D = \inputShadow_storeData_6 [31:24], Q = \heldStoreBytes_6_3).
Adding EN signal on $procdff$36080 ($dff) from module AecGmemLsu (D = \inputShadow_compareData_29 [23:16], Q = \heldCompareBytes_29_2).
Adding EN signal on $procdff$35862 ($dff) from module AecGmemLsu (D = \inputShadow_storeData_7 [7:0], Q = \heldStoreBytes_7_0).
Adding EN signal on $procdff$35863 ($dff) from module AecGmemLsu (D = \inputShadow_storeData_7 [15:8], Q = \heldStoreBytes_7_1).
Adding EN signal on $procdff$36081 ($dff) from module AecGmemLsu (D = \inputShadow_compareData_29 [31:24], Q = \heldCompareBytes_29_3).
Adding EN signal on $procdff$35864 ($dff) from module AecGmemLsu (D = \inputShadow_storeData_7 [23:16], Q = \heldStoreBytes_7_2).
Adding EN signal on $procdff$35865 ($dff) from module AecGmemLsu (D = \inputShadow_storeData_7 [31:24], Q = \heldStoreBytes_7_3).
Adding EN signal on $procdff$36082 ($dff) from module AecGmemLsu (D = \inputShadow_compareData_30 [7:0], Q = \heldCompareBytes_30_0).
Adding EN signal on $procdff$35866 ($dff) from module AecGmemLsu (D = \inputShadow_storeData_8 [7:0], Q = \heldStoreBytes_8_0).
Adding EN signal on $procdff$35867 ($dff) from module AecGmemLsu (D = \inputShadow_storeData_8 [15:8], Q = \heldStoreBytes_8_1).
Adding EN signal on $procdff$36083 ($dff) from module AecGmemLsu (D = \inputShadow_compareData_30 [15:8], Q = \heldCompareBytes_30_1).
Adding EN signal on $procdff$35868 ($dff) from module AecGmemLsu (D = \inputShadow_storeData_8 [23:16], Q = \heldStoreBytes_8_2).
Adding EN signal on $procdff$35869 ($dff) from module AecGmemLsu (D = \inputShadow_storeData_8 [31:24], Q = \heldStoreBytes_8_3).
Adding EN signal on $procdff$36084 ($dff) from module AecGmemLsu (D = \inputShadow_compareData_30 [23:16], Q = \heldCompareBytes_30_2).
Adding EN signal on $procdff$35870 ($dff) from module AecGmemLsu (D = \inputShadow_storeData_9 [7:0], Q = \heldStoreBytes_9_0).
Adding EN signal on $procdff$35871 ($dff) from module AecGmemLsu (D = \inputShadow_storeData_9 [15:8], Q = \heldStoreBytes_9_1).
Adding EN signal on $procdff$36085 ($dff) from module AecGmemLsu (D = \inputShadow_compareData_30 [31:24], Q = \heldCompareBytes_30_3).
Adding EN signal on $procdff$35872 ($dff) from module AecGmemLsu (D = \inputShadow_storeData_9 [23:16], Q = \heldStoreBytes_9_2).
Adding EN signal on $procdff$35873 ($dff) from module AecGmemLsu (D = \inputShadow_storeData_9 [31:24], Q = \heldStoreBytes_9_3).
Adding EN signal on $procdff$36086 ($dff) from module AecGmemLsu (D = \inputShadow_compareData_31 [7:0], Q = \heldCompareBytes_31_0).
Adding EN signal on $procdff$35874 ($dff) from module AecGmemLsu (D = \inputShadow_storeData_10 [7:0], Q = \heldStoreBytes_10_0).
Adding EN signal on $procdff$35875 ($dff) from module AecGmemLsu (D = \inputShadow_storeData_10 [15:8], Q = \heldStoreBytes_10_1).
Adding EN signal on $procdff$36087 ($dff) from module AecGmemLsu (D = \inputShadow_compareData_31 [15:8], Q = \heldCompareBytes_31_1).
Adding EN signal on $procdff$35876 ($dff) from module AecGmemLsu (D = \inputShadow_storeData_10 [23:16], Q = \heldStoreBytes_10_2).
Adding EN signal on $procdff$35877 ($dff) from module AecGmemLsu (D = \inputShadow_storeData_10 [31:24], Q = \heldStoreBytes_10_3).
Adding EN signal on $procdff$36088 ($dff) from module AecGmemLsu (D = \inputShadow_compareData_31 [23:16], Q = \heldCompareBytes_31_2).
Adding EN signal on $procdff$35878 ($dff) from module AecGmemLsu (D = \inputShadow_storeData_11 [7:0], Q = \heldStoreBytes_11_0).
Adding EN signal on $procdff$35879 ($dff) from module AecGmemLsu (D = \inputShadow_storeData_11 [15:8], Q = \heldStoreBytes_11_1).
Adding EN signal on $procdff$36089 ($dff) from module AecGmemLsu (D = \inputShadow_compareData_31 [31:24], Q = \heldCompareBytes_31_3).
Adding EN signal on $procdff$35880 ($dff) from module AecGmemLsu (D = \inputShadow_storeData_11 [23:16], Q = \heldStoreBytes_11_2).
Adding EN signal on $procdff$35881 ($dff) from module AecGmemLsu (D = \inputShadow_storeData_11 [31:24], Q = \heldStoreBytes_11_3).
Adding EN signal on $procdff$36090 ($dff) from module AecGmemLsu (D = { $and$rtl/sv/generated/eval_core/AecEvalCore.sv:44400$15673_Y $and$rtl/sv/generated/eval_core/AecEvalCore.sv:44399$15671_Y $and$rtl/sv/generated/eval_core/AecEvalCore.sv:44398$15669_Y $and$rtl/sv/generated/eval_core/AecEvalCore.sv:44397$15667_Y $and$rtl/sv/generated/eval_core/AecEvalCore.sv:44396$15665_Y $and$rtl/sv/generated/eval_core/AecEvalCore.sv:44395$15663_Y $and$rtl/sv/generated/eval_core/AecEvalCore.sv:44394$15661_Y $and$rtl/sv/generated/eval_core/AecEvalCore.sv:44393$15659_Y $and$rtl/sv/generated/eval_core/AecEvalCore.sv:44392$15657_Y $and$rtl/sv/generated/eval_core/AecEvalCore.sv:44391$15655_Y $and$rtl/sv/generated/eval_core/AecEvalCore.sv:44390$15653_Y $and$rtl/sv/generated/eval_core/AecEvalCore.sv:44389$15651_Y $and$rtl/sv/generated/eval_core/AecEvalCore.sv:44388$15649_Y $and$rtl/sv/generated/eval_core/AecEvalCore.sv:44387$15647_Y $and$rtl/sv/generated/eval_core/AecEvalCore.sv:44386$15645_Y $and$rtl/sv/generated/eval_core/AecEvalCore.sv:44385$15643_Y $and$rtl/sv/generated/eval_core/AecEvalCore.sv:44384$15641_Y $and$rtl/sv/generated/eval_core/AecEvalCore.sv:44383$15639_Y $and$rtl/sv/generated/eval_core/AecEvalCore.sv:44382$15637_Y $and$rtl/sv/generated/eval_core/AecEvalCore.sv:44381$15635_Y $and$rtl/sv/generated/eval_core/AecEvalCore.sv:44380$15633_Y $and$rtl/sv/generated/eval_core/AecEvalCore.sv:44379$15631_Y $and$rtl/sv/generated/eval_core/AecEvalCore.sv:44378$15629_Y $and$rtl/sv/generated/eval_core/AecEvalCore.sv:44377$15627_Y $and$rtl/sv/generated/eval_core/AecEvalCore.sv:44376$15625_Y $and$rtl/sv/generated/eval_core/AecEvalCore.sv:44375$15623_Y $and$rtl/sv/generated/eval_core/AecEvalCore.sv:44374$15621_Y $and$rtl/sv/generated/eval_core/AecEvalCore.sv:44373$15619_Y $and$rtl/sv/generated/eval_core/AecEvalCore.sv:44372$15617_Y $and$rtl/sv/generated/eval_core/AecEvalCore.sv:44371$15615_Y $and$rtl/sv/generated/eval_core/AecEvalCore.sv:44370$15613_Y $and$rtl/sv/generated/eval_core/AecEvalCore.sv:44369$15611_Y $and$rtl/sv/generated/eval_core/AecEvalCore.sv:44368$15609_Y $and$rtl/sv/generated/eval_core/AecEvalCore.sv:44367$15607_Y $and$rtl/sv/generated/eval_core/AecEvalCore.sv:44366$15605_Y $and$rtl/sv/generated/eval_core/AecEvalCore.sv:44365$15603_Y $and$rtl/sv/generated/eval_core/AecEvalCore.sv:44364$15601_Y $and$rtl/sv/generated/eval_core/AecEvalCore.sv:44363$15599_Y $and$rtl/sv/generated/eval_core/AecEvalCore.sv:44362$15597_Y $and$rtl/sv/generated/eval_core/AecEvalCore.sv:44361$15595_Y $and$rtl/sv/generated/eval_core/AecEvalCore.sv:44360$15593_Y $and$rtl/sv/generated/eval_core/AecEvalCore.sv:44359$15591_Y $and$rtl/sv/generated/eval_core/AecEvalCore.sv:44358$15589_Y $and$rtl/sv/generated/eval_core/AecEvalCore.sv:44357$15587_Y $and$rtl/sv/generated/eval_core/AecEvalCore.sv:44356$15585_Y $and$rtl/sv/generated/eval_core/AecEvalCore.sv:44355$15583_Y $and$rtl/sv/generated/eval_core/AecEvalCore.sv:44354$15581_Y $and$rtl/sv/generated/eval_core/AecEvalCore.sv:44353$15579_Y $and$rtl/sv/generated/eval_core/AecEvalCore.sv:44352$15577_Y $and$rtl/sv/generated/eval_core/AecEvalCore.sv:44351$15575_Y $and$rtl/sv/generated/eval_core/AecEvalCore.sv:44350$15573_Y $and$rtl/sv/generated/eval_core/AecEvalCore.sv:44349$15571_Y $and$rtl/sv/generated/eval_core/AecEvalCore.sv:44348$15569_Y $and$rtl/sv/generated/eval_core/AecEvalCore.sv:44347$15567_Y $and$rtl/sv/generated/eval_core/AecEvalCore.sv:44346$15565_Y $and$rtl/sv/generated/eval_core/AecEvalCore.sv:44345$15563_Y $and$rtl/sv/generated/eval_core/AecEvalCore.sv:44344$15561_Y $and$rtl/sv/generated/eval_core/AecEvalCore.sv:44343$15559_Y $and$rtl/sv/generated/eval_core/AecEvalCore.sv:44342$15557_Y $and$rtl/sv/generated/eval_core/AecEvalCore.sv:44341$15555_Y $and$rtl/sv/generated/eval_core/AecEvalCore.sv:44340$15553_Y $and$rtl/sv/generated/eval_core/AecEvalCore.sv:44339$15551_Y $and$rtl/sv/generated/eval_core/AecEvalCore.sv:44338$15549_Y $and$rtl/sv/generated/eval_core/AecEvalCore.sv:44337$15547_Y }, Q = \loadSlotGroup_0).
Adding EN signal on $procdff$35882 ($dff) from module AecGmemLsu (D = \inputShadow_storeData_12 [7:0], Q = \heldStoreBytes_12_0).
Adding EN signal on $procdff$35883 ($dff) from module AecGmemLsu (D = \inputShadow_storeData_12 [15:8], Q = \heldStoreBytes_12_1).
Adding EN signal on $procdff$36091 ($dff) from module AecGmemLsu (D = { $and$rtl/sv/generated/eval_core/AecEvalCore.sv:44400$15673_Y $and$rtl/sv/generated/eval_core/AecEvalCore.sv:44399$15671_Y $and$rtl/sv/generated/eval_core/AecEvalCore.sv:44398$15669_Y $and$rtl/sv/generated/eval_core/AecEvalCore.sv:44397$15667_Y $and$rtl/sv/generated/eval_core/AecEvalCore.sv:44396$15665_Y $and$rtl/sv/generated/eval_core/AecEvalCore.sv:44395$15663_Y $and$rtl/sv/generated/eval_core/AecEvalCore.sv:44394$15661_Y $and$rtl/sv/generated/eval_core/AecEvalCore.sv:44393$15659_Y $and$rtl/sv/generated/eval_core/AecEvalCore.sv:44392$15657_Y $and$rtl/sv/generated/eval_core/AecEvalCore.sv:44391$15655_Y $and$rtl/sv/generated/eval_core/AecEvalCore.sv:44390$15653_Y $and$rtl/sv/generated/eval_core/AecEvalCore.sv:44389$15651_Y $and$rtl/sv/generated/eval_core/AecEvalCore.sv:44388$15649_Y $and$rtl/sv/generated/eval_core/AecEvalCore.sv:44387$15647_Y $and$rtl/sv/generated/eval_core/AecEvalCore.sv:44386$15645_Y $and$rtl/sv/generated/eval_core/AecEvalCore.sv:44385$15643_Y $and$rtl/sv/generated/eval_core/AecEvalCore.sv:44384$15641_Y $and$rtl/sv/generated/eval_core/AecEvalCore.sv:44383$15639_Y $and$rtl/sv/generated/eval_core/AecEvalCore.sv:44382$15637_Y $and$rtl/sv/generated/eval_core/AecEvalCore.sv:44381$15635_Y $and$rtl/sv/generated/eval_core/AecEvalCore.sv:44380$15633_Y $and$rtl/sv/generated/eval_core/AecEvalCore.sv:44379$15631_Y $and$rtl/sv/generated/eval_core/AecEvalCore.sv:44378$15629_Y $and$rtl/sv/generated/eval_core/AecEvalCore.sv:44377$15627_Y $and$rtl/sv/generated/eval_core/AecEvalCore.sv:44376$15625_Y $and$rtl/sv/generated/eval_core/AecEvalCore.sv:44375$15623_Y $and$rtl/sv/generated/eval_core/AecEvalCore.sv:44374$15621_Y $and$rtl/sv/generated/eval_core/AecEvalCore.sv:44373$15619_Y $and$rtl/sv/generated/eval_core/AecEvalCore.sv:44372$15617_Y $and$rtl/sv/generated/eval_core/AecEvalCore.sv:44371$15615_Y $and$rtl/sv/generated/eval_core/AecEvalCore.sv:44370$15613_Y $and$rtl/sv/generated/eval_core/AecEvalCore.sv:44369$15611_Y $and$rtl/sv/generated/eval_core/AecEvalCore.sv:44368$15609_Y $and$rtl/sv/generated/eval_core/AecEvalCore.sv:44367$15607_Y $and$rtl/sv/generated/eval_core/AecEvalCore.sv:44366$15605_Y $and$rtl/sv/generated/eval_core/AecEvalCore.sv:44365$15603_Y $and$rtl/sv/generated/eval_core/AecEvalCore.sv:44364$15601_Y $and$rtl/sv/generated/eval_core/AecEvalCore.sv:44363$15599_Y $and$rtl/sv/generated/eval_core/AecEvalCore.sv:44362$15597_Y $and$rtl/sv/generated/eval_core/AecEvalCore.sv:44361$15595_Y $and$rtl/sv/generated/eval_core/AecEvalCore.sv:44360$15593_Y $and$rtl/sv/generated/eval_core/AecEvalCore.sv:44359$15591_Y $and$rtl/sv/generated/eval_core/AecEvalCore.sv:44358$15589_Y $and$rtl/sv/generated/eval_core/AecEvalCore.sv:44357$15587_Y $and$rtl/sv/generated/eval_core/AecEvalCore.sv:44356$15585_Y $and$rtl/sv/generated/eval_core/AecEvalCore.sv:44355$15583_Y $and$rtl/sv/generated/eval_core/AecEvalCore.sv:44354$15581_Y $and$rtl/sv/generated/eval_core/AecEvalCore.sv:44353$15579_Y $and$rtl/sv/generated/eval_core/AecEvalCore.sv:44352$15577_Y $and$rtl/sv/generated/eval_core/AecEvalCore.sv:44351$15575_Y $and$rtl/sv/generated/eval_core/AecEvalCore.sv:44350$15573_Y $and$rtl/sv/generated/eval_core/AecEvalCore.sv:44349$15571_Y $and$rtl/sv/generated/eval_core/AecEvalCore.sv:44348$15569_Y $and$rtl/sv/generated/eval_core/AecEvalCore.sv:44347$15567_Y $and$rtl/sv/generated/eval_core/AecEvalCore.sv:44346$15565_Y $and$rtl/sv/generated/eval_core/AecEvalCore.sv:44345$15563_Y $and$rtl/sv/generated/eval_core/AecEvalCore.sv:44344$15561_Y $and$rtl/sv/generated/eval_core/AecEvalCore.sv:44343$15559_Y $and$rtl/sv/generated/eval_core/AecEvalCore.sv:44342$15557_Y $and$rtl/sv/generated/eval_core/AecEvalCore.sv:44341$15555_Y $and$rtl/sv/generated/eval_core/AecEvalCore.sv:44340$15553_Y $and$rtl/sv/generated/eval_core/AecEvalCore.sv:44339$15551_Y $and$rtl/sv/generated/eval_core/AecEvalCore.sv:44338$15549_Y $and$rtl/sv/generated/eval_core/AecEvalCore.sv:44337$15547_Y }, Q = \loadSlotGroup_1).
Adding EN signal on $procdff$35884 ($dff) from module AecGmemLsu (D = \inputShadow_storeData_12 [23:16], Q = \heldStoreBytes_12_2).
Adding EN signal on $procdff$35885 ($dff) from module AecGmemLsu (D = \inputShadow_storeData_12 [31:24], Q = \heldStoreBytes_12_3).
Adding EN signal on $procdff$36092 ($dff) from module AecGmemLsu (D = { $and$rtl/sv/generated/eval_core/AecEvalCore.sv:44400$15673_Y $and$rtl/sv/generated/eval_core/AecEvalCore.sv:44399$15671_Y $and$rtl/sv/generated/eval_core/AecEvalCore.sv:44398$15669_Y $and$rtl/sv/generated/eval_core/AecEvalCore.sv:44397$15667_Y $and$rtl/sv/generated/eval_core/AecEvalCore.sv:44396$15665_Y $and$rtl/sv/generated/eval_core/AecEvalCore.sv:44395$15663_Y $and$rtl/sv/generated/eval_core/AecEvalCore.sv:44394$15661_Y $and$rtl/sv/generated/eval_core/AecEvalCore.sv:44393$15659_Y $and$rtl/sv/generated/eval_core/AecEvalCore.sv:44392$15657_Y $and$rtl/sv/generated/eval_core/AecEvalCore.sv:44391$15655_Y $and$rtl/sv/generated/eval_core/AecEvalCore.sv:44390$15653_Y $and$rtl/sv/generated/eval_core/AecEvalCore.sv:44389$15651_Y $and$rtl/sv/generated/eval_core/AecEvalCore.sv:44388$15649_Y $and$rtl/sv/generated/eval_core/AecEvalCore.sv:44387$15647_Y $and$rtl/sv/generated/eval_core/AecEvalCore.sv:44386$15645_Y $and$rtl/sv/generated/eval_core/AecEvalCore.sv:44385$15643_Y $and$rtl/sv/generated/eval_core/AecEvalCore.sv:44384$15641_Y $and$rtl/sv/generated/eval_core/AecEvalCore.sv:44383$15639_Y $and$rtl/sv/generated/eval_core/AecEvalCore.sv:44382$15637_Y $and$rtl/sv/generated/eval_core/AecEvalCore.sv:44381$15635_Y $and$rtl/sv/generated/eval_core/AecEvalCore.sv:44380$15633_Y $and$rtl/sv/generated/eval_core/AecEvalCore.sv:44379$15631_Y $and$rtl/sv/generated/eval_core/AecEvalCore.sv:44378$15629_Y $and$rtl/sv/generated/eval_core/AecEvalCore.sv:44377$15627_Y $and$rtl/sv/generated/eval_core/AecEvalCore.sv:44376$15625_Y $and$rtl/sv/generated/eval_core/AecEvalCore.sv:44375$15623_Y $and$rtl/sv/generated/eval_core/AecEvalCore.sv:44374$15621_Y $and$rtl/sv/generated/eval_core/AecEvalCore.sv:44373$15619_Y $and$rtl/sv/generated/eval_core/AecEvalCore.sv:44372$15617_Y $and$rtl/sv/generated/eval_core/AecEvalCore.sv:44371$15615_Y $and$rtl/sv/generated/eval_core/AecEvalCore.sv:44370$15613_Y $and$rtl/sv/generated/eval_core/AecEvalCore.sv:44369$15611_Y $and$rtl/sv/generated/eval_core/AecEvalCore.sv:44368$15609_Y $and$rtl/sv/generated/eval_core/AecEvalCore.sv:44367$15607_Y $and$rtl/sv/generated/eval_core/AecEvalCore.sv:44366$15605_Y $and$rtl/sv/generated/eval_core/AecEvalCore.sv:44365$15603_Y $and$rtl/sv/generated/eval_core/AecEvalCore.sv:44364$15601_Y $and$rtl/sv/generated/eval_core/AecEvalCore.sv:44363$15599_Y $and$rtl/sv/generated/eval_core/AecEvalCore.sv:44362$15597_Y $and$rtl/sv/generated/eval_core/AecEvalCore.sv:44361$15595_Y $and$rtl/sv/generated/eval_core/AecEvalCore.sv:44360$15593_Y $and$rtl/sv/generated/eval_core/AecEvalCore.sv:44359$15591_Y $and$rtl/sv/generated/eval_core/AecEvalCore.sv:44358$15589_Y $and$rtl/sv/generated/eval_core/AecEvalCore.sv:44357$15587_Y $and$rtl/sv/generated/eval_core/AecEvalCore.sv:44356$15585_Y $and$rtl/sv/generated/eval_core/AecEvalCore.sv:44355$15583_Y $and$rtl/sv/generated/eval_core/AecEvalCore.sv:44354$15581_Y $and$rtl/sv/generated/eval_core/AecEvalCore.sv:44353$15579_Y $and$rtl/sv/generated/eval_core/AecEvalCore.sv:44352$15577_Y $and$rtl/sv/generated/eval_core/AecEvalCore.sv:44351$15575_Y $and$rtl/sv/generated/eval_core/AecEvalCore.sv:44350$15573_Y $and$rtl/sv/generated/eval_core/AecEvalCore.sv:44349$15571_Y $and$rtl/sv/generated/eval_core/AecEvalCore.sv:44348$15569_Y $and$rtl/sv/generated/eval_core/AecEvalCore.sv:44347$15567_Y $and$rtl/sv/generated/eval_core/AecEvalCore.sv:44346$15565_Y $and$rtl/sv/generated/eval_core/AecEvalCore.sv:44345$15563_Y $and$rtl/sv/generated/eval_core/AecEvalCore.sv:44344$15561_Y $and$rtl/sv/generated/eval_core/AecEvalCore.sv:44343$15559_Y $and$rtl/sv/generated/eval_core/AecEvalCore.sv:44342$15557_Y $and$rtl/sv/generated/eval_core/AecEvalCore.sv:44341$15555_Y $and$rtl/sv/generated/eval_core/AecEvalCore.sv:44340$15553_Y $and$rtl/sv/generated/eval_core/AecEvalCore.sv:44339$15551_Y $and$rtl/sv/generated/eval_core/AecEvalCore.sv:44338$15549_Y $and$rtl/sv/generated/eval_core/AecEvalCore.sv:44337$15547_Y }, Q = \loadSlotGroup_2).
Adding EN signal on $procdff$35886 ($dff) from module AecGmemLsu (D = \inputShadow_storeData_13 [7:0], Q = \heldStoreBytes_13_0).
Adding EN signal on $procdff$35887 ($dff) from module AecGmemLsu (D = \inputShadow_storeData_13 [15:8], Q = \heldStoreBytes_13_1).
Adding EN signal on $procdff$36093 ($dff) from module AecGmemLsu (D = { $and$rtl/sv/generated/eval_core/AecEvalCore.sv:44400$15673_Y $and$rtl/sv/generated/eval_core/AecEvalCore.sv:44399$15671_Y $and$rtl/sv/generated/eval_core/AecEvalCore.sv:44398$15669_Y $and$rtl/sv/generated/eval_core/AecEvalCore.sv:44397$15667_Y $and$rtl/sv/generated/eval_core/AecEvalCore.sv:44396$15665_Y $and$rtl/sv/generated/eval_core/AecEvalCore.sv:44395$15663_Y $and$rtl/sv/generated/eval_core/AecEvalCore.sv:44394$15661_Y $and$rtl/sv/generated/eval_core/AecEvalCore.sv:44393$15659_Y $and$rtl/sv/generated/eval_core/AecEvalCore.sv:44392$15657_Y $and$rtl/sv/generated/eval_core/AecEvalCore.sv:44391$15655_Y $and$rtl/sv/generated/eval_core/AecEvalCore.sv:44390$15653_Y $and$rtl/sv/generated/eval_core/AecEvalCore.sv:44389$15651_Y $and$rtl/sv/generated/eval_core/AecEvalCore.sv:44388$15649_Y $and$rtl/sv/generated/eval_core/AecEvalCore.sv:44387$15647_Y $and$rtl/sv/generated/eval_core/AecEvalCore.sv:44386$15645_Y $and$rtl/sv/generated/eval_core/AecEvalCore.sv:44385$15643_Y $and$rtl/sv/generated/eval_core/AecEvalCore.sv:44384$15641_Y $and$rtl/sv/generated/eval_core/AecEvalCore.sv:44383$15639_Y $and$rtl/sv/generated/eval_core/AecEvalCore.sv:44382$15637_Y $and$rtl/sv/generated/eval_core/AecEvalCore.sv:44381$15635_Y $and$rtl/sv/generated/eval_core/AecEvalCore.sv:44380$15633_Y $and$rtl/sv/generated/eval_core/AecEvalCore.sv:44379$15631_Y $and$rtl/sv/generated/eval_core/AecEvalCore.sv:44378$15629_Y $and$rtl/sv/generated/eval_core/AecEvalCore.sv:44377$15627_Y $and$rtl/sv/generated/eval_core/AecEvalCore.sv:44376$15625_Y $and$rtl/sv/generated/eval_core/AecEvalCore.sv:44375$15623_Y $and$rtl/sv/generated/eval_core/AecEvalCore.sv:44374$15621_Y $and$rtl/sv/generated/eval_core/AecEvalCore.sv:44373$15619_Y $and$rtl/sv/generated/eval_core/AecEvalCore.sv:44372$15617_Y $and$rtl/sv/generated/eval_core/AecEvalCore.sv:44371$15615_Y $and$rtl/sv/generated/eval_core/AecEvalCore.sv:44370$15613_Y $and$rtl/sv/generated/eval_core/AecEvalCore.sv:44369$15611_Y $and$rtl/sv/generated/eval_core/AecEvalCore.sv:44368$15609_Y $and$rtl/sv/generated/eval_core/AecEvalCore.sv:44367$15607_Y $and$rtl/sv/generated/eval_core/AecEvalCore.sv:44366$15605_Y $and$rtl/sv/generated/eval_core/AecEvalCore.sv:44365$15603_Y $and$rtl/sv/generated/eval_core/AecEvalCore.sv:44364$15601_Y $and$rtl/sv/generated/eval_core/AecEvalCore.sv:44363$15599_Y $and$rtl/sv/generated/eval_core/AecEvalCore.sv:44362$15597_Y $and$rtl/sv/generated/eval_core/AecEvalCore.sv:44361$15595_Y $and$rtl/sv/generated/eval_core/AecEvalCore.sv:44360$15593_Y $and$rtl/sv/generated/eval_core/AecEvalCore.sv:44359$15591_Y $and$rtl/sv/generated/eval_core/AecEvalCore.sv:44358$15589_Y $and$rtl/sv/generated/eval_core/AecEvalCore.sv:44357$15587_Y $and$rtl/sv/generated/eval_core/AecEvalCore.sv:44356$15585_Y $and$rtl/sv/generated/eval_core/AecEvalCore.sv:44355$15583_Y $and$rtl/sv/generated/eval_core/AecEvalCore.sv:44354$15581_Y $and$rtl/sv/generated/eval_core/AecEvalCore.sv:44353$15579_Y $and$rtl/sv/generated/eval_core/AecEvalCore.sv:44352$15577_Y $and$rtl/sv/generated/eval_core/AecEvalCore.sv:44351$15575_Y $and$rtl/sv/generated/eval_core/AecEvalCore.sv:44350$15573_Y $and$rtl/sv/generated/eval_core/AecEvalCore.sv:44349$15571_Y $and$rtl/sv/generated/eval_core/AecEvalCore.sv:44348$15569_Y $and$rtl/sv/generated/eval_core/AecEvalCore.sv:44347$15567_Y $and$rtl/sv/generated/eval_core/AecEvalCore.sv:44346$15565_Y $and$rtl/sv/generated/eval_core/AecEvalCore.sv:44345$15563_Y $and$rtl/sv/generated/eval_core/AecEvalCore.sv:44344$15561_Y $and$rtl/sv/generated/eval_core/AecEvalCore.sv:44343$15559_Y $and$rtl/sv/generated/eval_core/AecEvalCore.sv:44342$15557_Y $and$rtl/sv/generated/eval_core/AecEvalCore.sv:44341$15555_Y $and$rtl/sv/generated/eval_core/AecEvalCore.sv:44340$15553_Y $and$rtl/sv/generated/eval_core/AecEvalCore.sv:44339$15551_Y $and$rtl/sv/generated/eval_core/AecEvalCore.sv:44338$15549_Y $and$rtl/sv/generated/eval_core/AecEvalCore.sv:44337$15547_Y }, Q = \loadSlotGroup_3).
Adding EN signal on $procdff$35888 ($dff) from module AecGmemLsu (D = \inputShadow_storeData_13 [23:16], Q = \heldStoreBytes_13_2).
Adding EN signal on $procdff$35889 ($dff) from module AecGmemLsu (D = \inputShadow_storeData_13 [31:24], Q = \heldStoreBytes_13_3).
Adding EN signal on $procdff$36094 ($dff) from module AecGmemLsu (D = { $and$rtl/sv/generated/eval_core/AecEvalCore.sv:44400$15673_Y $and$rtl/sv/generated/eval_core/AecEvalCore.sv:44399$15671_Y $and$rtl/sv/generated/eval_core/AecEvalCore.sv:44398$15669_Y $and$rtl/sv/generated/eval_core/AecEvalCore.sv:44397$15667_Y $and$rtl/sv/generated/eval_core/AecEvalCore.sv:44396$15665_Y $and$rtl/sv/generated/eval_core/AecEvalCore.sv:44395$15663_Y $and$rtl/sv/generated/eval_core/AecEvalCore.sv:44394$15661_Y $and$rtl/sv/generated/eval_core/AecEvalCore.sv:44393$15659_Y $and$rtl/sv/generated/eval_core/AecEvalCore.sv:44392$15657_Y $and$rtl/sv/generated/eval_core/AecEvalCore.sv:44391$15655_Y $and$rtl/sv/generated/eval_core/AecEvalCore.sv:44390$15653_Y $and$rtl/sv/generated/eval_core/AecEvalCore.sv:44389$15651_Y $and$rtl/sv/generated/eval_core/AecEvalCore.sv:44388$15649_Y $and$rtl/sv/generated/eval_core/AecEvalCore.sv:44387$15647_Y $and$rtl/sv/generated/eval_core/AecEvalCore.sv:44386$15645_Y $and$rtl/sv/generated/eval_core/AecEvalCore.sv:44385$15643_Y $and$rtl/sv/generated/eval_core/AecEvalCore.sv:44384$15641_Y $and$rtl/sv/generated/eval_core/AecEvalCore.sv:44383$15639_Y $and$rtl/sv/generated/eval_core/AecEvalCore.sv:44382$15637_Y $and$rtl/sv/generated/eval_core/AecEvalCore.sv:44381$15635_Y $and$rtl/sv/generated/eval_core/AecEvalCore.sv:44380$15633_Y $and$rtl/sv/generated/eval_core/AecEvalCore.sv:44379$15631_Y $and$rtl/sv/generated/eval_core/AecEvalCore.sv:44378$15629_Y $and$rtl/sv/generated/eval_core/AecEvalCore.sv:44377$15627_Y $and$rtl/sv/generated/eval_core/AecEvalCore.sv:44376$15625_Y $and$rtl/sv/generated/eval_core/AecEvalCore.sv:44375$15623_Y $and$rtl/sv/generated/eval_core/AecEvalCore.sv:44374$15621_Y $and$rtl/sv/generated/eval_core/AecEvalCore.sv:44373$15619_Y $and$rtl/sv/generated/eval_core/AecEvalCore.sv:44372$15617_Y $and$rtl/sv/generated/eval_core/AecEvalCore.sv:44371$15615_Y $and$rtl/sv/generated/eval_core/AecEvalCore.sv:44370$15613_Y $and$rtl/sv/generated/eval_core/AecEvalCore.sv:44369$15611_Y $and$rtl/sv/generated/eval_core/AecEvalCore.sv:44368$15609_Y $and$rtl/sv/generated/eval_core/AecEvalCore.sv:44367$15607_Y $and$rtl/sv/generated/eval_core/AecEvalCore.sv:44366$15605_Y $and$rtl/sv/generated/eval_core/AecEvalCore.sv:44365$15603_Y $and$rtl/sv/generated/eval_core/AecEvalCore.sv:44364$15601_Y $and$rtl/sv/generated/eval_core/AecEvalCore.sv:44363$15599_Y $and$rtl/sv/generated/eval_core/AecEvalCore.sv:44362$15597_Y $and$rtl/sv/generated/eval_core/AecEvalCore.sv:44361$15595_Y $and$rtl/sv/generated/eval_core/AecEvalCore.sv:44360$15593_Y $and$rtl/sv/generated/eval_core/AecEvalCore.sv:44359$15591_Y $and$rtl/sv/generated/eval_core/AecEvalCore.sv:44358$15589_Y $and$rtl/sv/generated/eval_core/AecEvalCore.sv:44357$15587_Y $and$rtl/sv/generated/eval_core/AecEvalCore.sv:44356$15585_Y $and$rtl/sv/generated/eval_core/AecEvalCore.sv:44355$15583_Y $and$rtl/sv/generated/eval_core/AecEvalCore.sv:44354$15581_Y $and$rtl/sv/generated/eval_core/AecEvalCore.sv:44353$15579_Y $and$rtl/sv/generated/eval_core/AecEvalCore.sv:44352$15577_Y $and$rtl/sv/generated/eval_core/AecEvalCore.sv:44351$15575_Y $and$rtl/sv/generated/eval_core/AecEvalCore.sv:44350$15573_Y $and$rtl/sv/generated/eval_core/AecEvalCore.sv:44349$15571_Y $and$rtl/sv/generated/eval_core/AecEvalCore.sv:44348$15569_Y $and$rtl/sv/generated/eval_core/AecEvalCore.sv:44347$15567_Y $and$rtl/sv/generated/eval_core/AecEvalCore.sv:44346$15565_Y $and$rtl/sv/generated/eval_core/AecEvalCore.sv:44345$15563_Y $and$rtl/sv/generated/eval_core/AecEvalCore.sv:44344$15561_Y $and$rtl/sv/generated/eval_core/AecEvalCore.sv:44343$15559_Y $and$rtl/sv/generated/eval_core/AecEvalCore.sv:44342$15557_Y $and$rtl/sv/generated/eval_core/AecEvalCore.sv:44341$15555_Y $and$rtl/sv/generated/eval_core/AecEvalCore.sv:44340$15553_Y $and$rtl/sv/generated/eval_core/AecEvalCore.sv:44339$15551_Y $and$rtl/sv/generated/eval_core/AecEvalCore.sv:44338$15549_Y $and$rtl/sv/generated/eval_core/AecEvalCore.sv:44337$15547_Y }, Q = \loadSlotGroup_4).
Adding EN signal on $procdff$35890 ($dff) from module AecGmemLsu (D = \inputShadow_storeData_14 [7:0], Q = \heldStoreBytes_14_0).
Adding EN signal on $procdff$35891 ($dff) from module AecGmemLsu (D = \inputShadow_storeData_14 [15:8], Q = \heldStoreBytes_14_1).
Adding EN signal on $procdff$36095 ($dff) from module AecGmemLsu (D = { $and$rtl/sv/generated/eval_core/AecEvalCore.sv:44400$15673_Y $and$rtl/sv/generated/eval_core/AecEvalCore.sv:44399$15671_Y $and$rtl/sv/generated/eval_core/AecEvalCore.sv:44398$15669_Y $and$rtl/sv/generated/eval_core/AecEvalCore.sv:44397$15667_Y $and$rtl/sv/generated/eval_core/AecEvalCore.sv:44396$15665_Y $and$rtl/sv/generated/eval_core/AecEvalCore.sv:44395$15663_Y $and$rtl/sv/generated/eval_core/AecEvalCore.sv:44394$15661_Y $and$rtl/sv/generated/eval_core/AecEvalCore.sv:44393$15659_Y $and$rtl/sv/generated/eval_core/AecEvalCore.sv:44392$15657_Y $and$rtl/sv/generated/eval_core/AecEvalCore.sv:44391$15655_Y $and$rtl/sv/generated/eval_core/AecEvalCore.sv:44390$15653_Y $and$rtl/sv/generated/eval_core/AecEvalCore.sv:44389$15651_Y $and$rtl/sv/generated/eval_core/AecEvalCore.sv:44388$15649_Y $and$rtl/sv/generated/eval_core/AecEvalCore.sv:44387$15647_Y $and$rtl/sv/generated/eval_core/AecEvalCore.sv:44386$15645_Y $and$rtl/sv/generated/eval_core/AecEvalCore.sv:44385$15643_Y $and$rtl/sv/generated/eval_core/AecEvalCore.sv:44384$15641_Y $and$rtl/sv/generated/eval_core/AecEvalCore.sv:44383$15639_Y $and$rtl/sv/generated/eval_core/AecEvalCore.sv:44382$15637_Y $and$rtl/sv/generated/eval_core/AecEvalCore.sv:44381$15635_Y $and$rtl/sv/generated/eval_core/AecEvalCore.sv:44380$15633_Y $and$rtl/sv/generated/eval_core/AecEvalCore.sv:44379$15631_Y $and$rtl/sv/generated/eval_core/AecEvalCore.sv:44378$15629_Y $and$rtl/sv/generated/eval_core/AecEvalCore.sv:44377$15627_Y $and$rtl/sv/generated/eval_core/AecEvalCore.sv:44376$15625_Y $and$rtl/sv/generated/eval_core/AecEvalCore.sv:44375$15623_Y $and$rtl/sv/generated/eval_core/AecEvalCore.sv:44374$15621_Y $and$rtl/sv/generated/eval_core/AecEvalCore.sv:44373$15619_Y $and$rtl/sv/generated/eval_core/AecEvalCore.sv:44372$15617_Y $and$rtl/sv/generated/eval_core/AecEvalCore.sv:44371$15615_Y $and$rtl/sv/generated/eval_core/AecEvalCore.sv:44370$15613_Y $and$rtl/sv/generated/eval_core/AecEvalCore.sv:44369$15611_Y $and$rtl/sv/generated/eval_core/AecEvalCore.sv:44368$15609_Y $and$rtl/sv/generated/eval_core/AecEvalCore.sv:44367$15607_Y $and$rtl/sv/generated/eval_core/AecEvalCore.sv:44366$15605_Y $and$rtl/sv/generated/eval_core/AecEvalCore.sv:44365$15603_Y $and$rtl/sv/generated/eval_core/AecEvalCore.sv:44364$15601_Y $and$rtl/sv/generated/eval_core/AecEvalCore.sv:44363$15599_Y $and$rtl/sv/generated/eval_core/AecEvalCore.sv:44362$15597_Y $and$rtl/sv/generated/eval_core/AecEvalCore.sv:44361$15595_Y $and$rtl/sv/generated/eval_core/AecEvalCore.sv:44360$15593_Y $and$rtl/sv/generated/eval_core/AecEvalCore.sv:44359$15591_Y $and$rtl/sv/generated/eval_core/AecEvalCore.sv:44358$15589_Y $and$rtl/sv/generated/eval_core/AecEvalCore.sv:44357$15587_Y $and$rtl/sv/generated/eval_core/AecEvalCore.sv:44356$15585_Y $and$rtl/sv/generated/eval_core/AecEvalCore.sv:44355$15583_Y $and$rtl/sv/generated/eval_core/AecEvalCore.sv:44354$15581_Y $and$rtl/sv/generated/eval_core/AecEvalCore.sv:44353$15579_Y $and$rtl/sv/generated/eval_core/AecEvalCore.sv:44352$15577_Y $and$rtl/sv/generated/eval_core/AecEvalCore.sv:44351$15575_Y $and$rtl/sv/generated/eval_core/AecEvalCore.sv:44350$15573_Y $and$rtl/sv/generated/eval_core/AecEvalCore.sv:44349$15571_Y $and$rtl/sv/generated/eval_core/AecEvalCore.sv:44348$15569_Y $and$rtl/sv/generated/eval_core/AecEvalCore.sv:44347$15567_Y $and$rtl/sv/generated/eval_core/AecEvalCore.sv:44346$15565_Y $and$rtl/sv/generated/eval_core/AecEvalCore.sv:44345$15563_Y $and$rtl/sv/generated/eval_core/AecEvalCore.sv:44344$15561_Y $and$rtl/sv/generated/eval_core/AecEvalCore.sv:44343$15559_Y $and$rtl/sv/generated/eval_core/AecEvalCore.sv:44342$15557_Y $and$rtl/sv/generated/eval_core/AecEvalCore.sv:44341$15555_Y $and$rtl/sv/generated/eval_core/AecEvalCore.sv:44340$15553_Y $and$rtl/sv/generated/eval_core/AecEvalCore.sv:44339$15551_Y $and$rtl/sv/generated/eval_core/AecEvalCore.sv:44338$15549_Y $and$rtl/sv/generated/eval_core/AecEvalCore.sv:44337$15547_Y }, Q = \loadSlotGroup_5).
Adding EN signal on $procdff$35892 ($dff) from module AecGmemLsu (D = \inputShadow_storeData_14 [23:16], Q = \heldStoreBytes_14_2).
Adding EN signal on $procdff$35893 ($dff) from module AecGmemLsu (D = \inputShadow_storeData_14 [31:24], Q = \heldStoreBytes_14_3).
Adding EN signal on $procdff$36096 ($dff) from module AecGmemLsu (D = { $and$rtl/sv/generated/eval_core/AecEvalCore.sv:44400$15673_Y $and$rtl/sv/generated/eval_core/AecEvalCore.sv:44399$15671_Y $and$rtl/sv/generated/eval_core/AecEvalCore.sv:44398$15669_Y $and$rtl/sv/generated/eval_core/AecEvalCore.sv:44397$15667_Y $and$rtl/sv/generated/eval_core/AecEvalCore.sv:44396$15665_Y $and$rtl/sv/generated/eval_core/AecEvalCore.sv:44395$15663_Y $and$rtl/sv/generated/eval_core/AecEvalCore.sv:44394$15661_Y $and$rtl/sv/generated/eval_core/AecEvalCore.sv:44393$15659_Y $and$rtl/sv/generated/eval_core/AecEvalCore.sv:44392$15657_Y $and$rtl/sv/generated/eval_core/AecEvalCore.sv:44391$15655_Y $and$rtl/sv/generated/eval_core/AecEvalCore.sv:44390$15653_Y $and$rtl/sv/generated/eval_core/AecEvalCore.sv:44389$15651_Y $and$rtl/sv/generated/eval_core/AecEvalCore.sv:44388$15649_Y $and$rtl/sv/generated/eval_core/AecEvalCore.sv:44387$15647_Y $and$rtl/sv/generated/eval_core/AecEvalCore.sv:44386$15645_Y $and$rtl/sv/generated/eval_core/AecEvalCore.sv:44385$15643_Y $and$rtl/sv/generated/eval_core/AecEvalCore.sv:44384$15641_Y $and$rtl/sv/generated/eval_core/AecEvalCore.sv:44383$15639_Y $and$rtl/sv/generated/eval_core/AecEvalCore.sv:44382$15637_Y $and$rtl/sv/generated/eval_core/AecEvalCore.sv:44381$15635_Y $and$rtl/sv/generated/eval_core/AecEvalCore.sv:44380$15633_Y $and$rtl/sv/generated/eval_core/AecEvalCore.sv:44379$15631_Y $and$rtl/sv/generated/eval_core/AecEvalCore.sv:44378$15629_Y $and$rtl/sv/generated/eval_core/AecEvalCore.sv:44377$15627_Y $and$rtl/sv/generated/eval_core/AecEvalCore.sv:44376$15625_Y $and$rtl/sv/generated/eval_core/AecEvalCore.sv:44375$15623_Y $and$rtl/sv/generated/eval_core/AecEvalCore.sv:44374$15621_Y $and$rtl/sv/generated/eval_core/AecEvalCore.sv:44373$15619_Y $and$rtl/sv/generated/eval_core/AecEvalCore.sv:44372$15617_Y $and$rtl/sv/generated/eval_core/AecEvalCore.sv:44371$15615_Y $and$rtl/sv/generated/eval_core/AecEvalCore.sv:44370$15613_Y $and$rtl/sv/generated/eval_core/AecEvalCore.sv:44369$15611_Y $and$rtl/sv/generated/eval_core/AecEvalCore.sv:44368$15609_Y $and$rtl/sv/generated/eval_core/AecEvalCore.sv:44367$15607_Y $and$rtl/sv/generated/eval_core/AecEvalCore.sv:44366$15605_Y $and$rtl/sv/generated/eval_core/AecEvalCore.sv:44365$15603_Y $and$rtl/sv/generated/eval_core/AecEvalCore.sv:44364$15601_Y $and$rtl/sv/generated/eval_core/AecEvalCore.sv:44363$15599_Y $and$rtl/sv/generated/eval_core/AecEvalCore.sv:44362$15597_Y $and$rtl/sv/generated/eval_core/AecEvalCore.sv:44361$15595_Y $and$rtl/sv/generated/eval_core/AecEvalCore.sv:44360$15593_Y $and$rtl/sv/generated/eval_core/AecEvalCore.sv:44359$15591_Y $and$rtl/sv/generated/eval_core/AecEvalCore.sv:44358$15589_Y $and$rtl/sv/generated/eval_core/AecEvalCore.sv:44357$15587_Y $and$rtl/sv/generated/eval_core/AecEvalCore.sv:44356$15585_Y $and$rtl/sv/generated/eval_core/AecEvalCore.sv:44355$15583_Y $and$rtl/sv/generated/eval_core/AecEvalCore.sv:44354$15581_Y $and$rtl/sv/generated/eval_core/AecEvalCore.sv:44353$15579_Y $and$rtl/sv/generated/eval_core/AecEvalCore.sv:44352$15577_Y $and$rtl/sv/generated/eval_core/AecEvalCore.sv:44351$15575_Y $and$rtl/sv/generated/eval_core/AecEvalCore.sv:44350$15573_Y $and$rtl/sv/generated/eval_core/AecEvalCore.sv:44349$15571_Y $and$rtl/sv/generated/eval_core/AecEvalCore.sv:44348$15569_Y $and$rtl/sv/generated/eval_core/AecEvalCore.sv:44347$15567_Y $and$rtl/sv/generated/eval_core/AecEvalCore.sv:44346$15565_Y $and$rtl/sv/generated/eval_core/AecEvalCore.sv:44345$15563_Y $and$rtl/sv/generated/eval_core/AecEvalCore.sv:44344$15561_Y $and$rtl/sv/generated/eval_core/AecEvalCore.sv:44343$15559_Y $and$rtl/sv/generated/eval_core/AecEvalCore.sv:44342$15557_Y $and$rtl/sv/generated/eval_core/AecEvalCore.sv:44341$15555_Y $and$rtl/sv/generated/eval_core/AecEvalCore.sv:44340$15553_Y $and$rtl/sv/generated/eval_core/AecEvalCore.sv:44339$15551_Y $and$rtl/sv/generated/eval_core/AecEvalCore.sv:44338$15549_Y $and$rtl/sv/generated/eval_core/AecEvalCore.sv:44337$15547_Y }, Q = \loadSlotGroup_6).
Adding EN signal on $procdff$35894 ($dff) from module AecGmemLsu (D = \inputShadow_storeData_15 [7:0], Q = \heldStoreBytes_15_0).
Adding EN signal on $procdff$35895 ($dff) from module AecGmemLsu (D = \inputShadow_storeData_15 [15:8], Q = \heldStoreBytes_15_1).
Adding EN signal on $procdff$36097 ($dff) from module AecGmemLsu (D = { $and$rtl/sv/generated/eval_core/AecEvalCore.sv:44400$15673_Y $and$rtl/sv/generated/eval_core/AecEvalCore.sv:44399$15671_Y $and$rtl/sv/generated/eval_core/AecEvalCore.sv:44398$15669_Y $and$rtl/sv/generated/eval_core/AecEvalCore.sv:44397$15667_Y $and$rtl/sv/generated/eval_core/AecEvalCore.sv:44396$15665_Y $and$rtl/sv/generated/eval_core/AecEvalCore.sv:44395$15663_Y $and$rtl/sv/generated/eval_core/AecEvalCore.sv:44394$15661_Y $and$rtl/sv/generated/eval_core/AecEvalCore.sv:44393$15659_Y $and$rtl/sv/generated/eval_core/AecEvalCore.sv:44392$15657_Y $and$rtl/sv/generated/eval_core/AecEvalCore.sv:44391$15655_Y $and$rtl/sv/generated/eval_core/AecEvalCore.sv:44390$15653_Y $and$rtl/sv/generated/eval_core/AecEvalCore.sv:44389$15651_Y $and$rtl/sv/generated/eval_core/AecEvalCore.sv:44388$15649_Y $and$rtl/sv/generated/eval_core/AecEvalCore.sv:44387$15647_Y $and$rtl/sv/generated/eval_core/AecEvalCore.sv:44386$15645_Y $and$rtl/sv/generated/eval_core/AecEvalCore.sv:44385$15643_Y $and$rtl/sv/generated/eval_core/AecEvalCore.sv:44384$15641_Y $and$rtl/sv/generated/eval_core/AecEvalCore.sv:44383$15639_Y $and$rtl/sv/generated/eval_core/AecEvalCore.sv:44382$15637_Y $and$rtl/sv/generated/eval_core/AecEvalCore.sv:44381$15635_Y $and$rtl/sv/generated/eval_core/AecEvalCore.sv:44380$15633_Y $and$rtl/sv/generated/eval_core/AecEvalCore.sv:44379$15631_Y $and$rtl/sv/generated/eval_core/AecEvalCore.sv:44378$15629_Y $and$rtl/sv/generated/eval_core/AecEvalCore.sv:44377$15627_Y $and$rtl/sv/generated/eval_core/AecEvalCore.sv:44376$15625_Y $and$rtl/sv/generated/eval_core/AecEvalCore.sv:44375$15623_Y $and$rtl/sv/generated/eval_core/AecEvalCore.sv:44374$15621_Y $and$rtl/sv/generated/eval_core/AecEvalCore.sv:44373$15619_Y $and$rtl/sv/generated/eval_core/AecEvalCore.sv:44372$15617_Y $and$rtl/sv/generated/eval_core/AecEvalCore.sv:44371$15615_Y $and$rtl/sv/generated/eval_core/AecEvalCore.sv:44370$15613_Y $and$rtl/sv/generated/eval_core/AecEvalCore.sv:44369$15611_Y $and$rtl/sv/generated/eval_core/AecEvalCore.sv:44368$15609_Y $and$rtl/sv/generated/eval_core/AecEvalCore.sv:44367$15607_Y $and$rtl/sv/generated/eval_core/AecEvalCore.sv:44366$15605_Y $and$rtl/sv/generated/eval_core/AecEvalCore.sv:44365$15603_Y $and$rtl/sv/generated/eval_core/AecEvalCore.sv:44364$15601_Y $and$rtl/sv/generated/eval_core/AecEvalCore.sv:44363$15599_Y $and$rtl/sv/generated/eval_core/AecEvalCore.sv:44362$15597_Y $and$rtl/sv/generated/eval_core/AecEvalCore.sv:44361$15595_Y $and$rtl/sv/generated/eval_core/AecEvalCore.sv:44360$15593_Y $and$rtl/sv/generated/eval_core/AecEvalCore.sv:44359$15591_Y $and$rtl/sv/generated/eval_core/AecEvalCore.sv:44358$15589_Y $and$rtl/sv/generated/eval_core/AecEvalCore.sv:44357$15587_Y $and$rtl/sv/generated/eval_core/AecEvalCore.sv:44356$15585_Y $and$rtl/sv/generated/eval_core/AecEvalCore.sv:44355$15583_Y $and$rtl/sv/generated/eval_core/AecEvalCore.sv:44354$15581_Y $and$rtl/sv/generated/eval_core/AecEvalCore.sv:44353$15579_Y $and$rtl/sv/generated/eval_core/AecEvalCore.sv:44352$15577_Y $and$rtl/sv/generated/eval_core/AecEvalCore.sv:44351$15575_Y $and$rtl/sv/generated/eval_core/AecEvalCore.sv:44350$15573_Y $and$rtl/sv/generated/eval_core/AecEvalCore.sv:44349$15571_Y $and$rtl/sv/generated/eval_core/AecEvalCore.sv:44348$15569_Y $and$rtl/sv/generated/eval_core/AecEvalCore.sv:44347$15567_Y $and$rtl/sv/generated/eval_core/AecEvalCore.sv:44346$15565_Y $and$rtl/sv/generated/eval_core/AecEvalCore.sv:44345$15563_Y $and$rtl/sv/generated/eval_core/AecEvalCore.sv:44344$15561_Y $and$rtl/sv/generated/eval_core/AecEvalCore.sv:44343$15559_Y $and$rtl/sv/generated/eval_core/AecEvalCore.sv:44342$15557_Y $and$rtl/sv/generated/eval_core/AecEvalCore.sv:44341$15555_Y $and$rtl/sv/generated/eval_core/AecEvalCore.sv:44340$15553_Y $and$rtl/sv/generated/eval_core/AecEvalCore.sv:44339$15551_Y $and$rtl/sv/generated/eval_core/AecEvalCore.sv:44338$15549_Y $and$rtl/sv/generated/eval_core/AecEvalCore.sv:44337$15547_Y }, Q = \loadSlotGroup_7).
Adding EN signal on $procdff$35896 ($dff) from module AecGmemLsu (D = \inputShadow_storeData_15 [23:16], Q = \heldStoreBytes_15_2).
Adding EN signal on $procdff$35897 ($dff) from module AecGmemLsu (D = \inputShadow_storeData_15 [31:24], Q = \heldStoreBytes_15_3).
Adding EN signal on $procdff$36098 ($dff) from module AecGmemLsu (D = { $and$rtl/sv/generated/eval_core/AecEvalCore.sv:44400$15673_Y $and$rtl/sv/generated/eval_core/AecEvalCore.sv:44399$15671_Y $and$rtl/sv/generated/eval_core/AecEvalCore.sv:44398$15669_Y $and$rtl/sv/generated/eval_core/AecEvalCore.sv:44397$15667_Y $and$rtl/sv/generated/eval_core/AecEvalCore.sv:44396$15665_Y $and$rtl/sv/generated/eval_core/AecEvalCore.sv:44395$15663_Y $and$rtl/sv/generated/eval_core/AecEvalCore.sv:44394$15661_Y $and$rtl/sv/generated/eval_core/AecEvalCore.sv:44393$15659_Y $and$rtl/sv/generated/eval_core/AecEvalCore.sv:44392$15657_Y $and$rtl/sv/generated/eval_core/AecEvalCore.sv:44391$15655_Y $and$rtl/sv/generated/eval_core/AecEvalCore.sv:44390$15653_Y $and$rtl/sv/generated/eval_core/AecEvalCore.sv:44389$15651_Y $and$rtl/sv/generated/eval_core/AecEvalCore.sv:44388$15649_Y $and$rtl/sv/generated/eval_core/AecEvalCore.sv:44387$15647_Y $and$rtl/sv/generated/eval_core/AecEvalCore.sv:44386$15645_Y $and$rtl/sv/generated/eval_core/AecEvalCore.sv:44385$15643_Y $and$rtl/sv/generated/eval_core/AecEvalCore.sv:44384$15641_Y $and$rtl/sv/generated/eval_core/AecEvalCore.sv:44383$15639_Y $and$rtl/sv/generated/eval_core/AecEvalCore.sv:44382$15637_Y $and$rtl/sv/generated/eval_core/AecEvalCore.sv:44381$15635_Y $and$rtl/sv/generated/eval_core/AecEvalCore.sv:44380$15633_Y $and$rtl/sv/generated/eval_core/AecEvalCore.sv:44379$15631_Y $and$rtl/sv/generated/eval_core/AecEvalCore.sv:44378$15629_Y $and$rtl/sv/generated/eval_core/AecEvalCore.sv:44377$15627_Y $and$rtl/sv/generated/eval_core/AecEvalCore.sv:44376$15625_Y $and$rtl/sv/generated/eval_core/AecEvalCore.sv:44375$15623_Y $and$rtl/sv/generated/eval_core/AecEvalCore.sv:44374$15621_Y $and$rtl/sv/generated/eval_core/AecEvalCore.sv:44373$15619_Y $and$rtl/sv/generated/eval_core/AecEvalCore.sv:44372$15617_Y $and$rtl/sv/generated/eval_core/AecEvalCore.sv:44371$15615_Y $and$rtl/sv/generated/eval_core/AecEvalCore.sv:44370$15613_Y $and$rtl/sv/generated/eval_core/AecEvalCore.sv:44369$15611_Y $and$rtl/sv/generated/eval_core/AecEvalCore.sv:44368$15609_Y $and$rtl/sv/generated/eval_core/AecEvalCore.sv:44367$15607_Y $and$rtl/sv/generated/eval_core/AecEvalCore.sv:44366$15605_Y $and$rtl/sv/generated/eval_core/AecEvalCore.sv:44365$15603_Y $and$rtl/sv/generated/eval_core/AecEvalCore.sv:44364$15601_Y $and$rtl/sv/generated/eval_core/AecEvalCore.sv:44363$15599_Y $and$rtl/sv/generated/eval_core/AecEvalCore.sv:44362$15597_Y $and$rtl/sv/generated/eval_core/AecEvalCore.sv:44361$15595_Y $and$rtl/sv/generated/eval_core/AecEvalCore.sv:44360$15593_Y $and$rtl/sv/generated/eval_core/AecEvalCore.sv:44359$15591_Y $and$rtl/sv/generated/eval_core/AecEvalCore.sv:44358$15589_Y $and$rtl/sv/generated/eval_core/AecEvalCore.sv:44357$15587_Y $and$rtl/sv/generated/eval_core/AecEvalCore.sv:44356$15585_Y $and$rtl/sv/generated/eval_core/AecEvalCore.sv:44355$15583_Y $and$rtl/sv/generated/eval_core/AecEvalCore.sv:44354$15581_Y $and$rtl/sv/generated/eval_core/AecEvalCore.sv:44353$15579_Y $and$rtl/sv/generated/eval_core/AecEvalCore.sv:44352$15577_Y $and$rtl/sv/generated/eval_core/AecEvalCore.sv:44351$15575_Y $and$rtl/sv/generated/eval_core/AecEvalCore.sv:44350$15573_Y $and$rtl/sv/generated/eval_core/AecEvalCore.sv:44349$15571_Y $and$rtl/sv/generated/eval_core/AecEvalCore.sv:44348$15569_Y $and$rtl/sv/generated/eval_core/AecEvalCore.sv:44347$15567_Y $and$rtl/sv/generated/eval_core/AecEvalCore.sv:44346$15565_Y $and$rtl/sv/generated/eval_core/AecEvalCore.sv:44345$15563_Y $and$rtl/sv/generated/eval_core/AecEvalCore.sv:44344$15561_Y $and$rtl/sv/generated/eval_core/AecEvalCore.sv:44343$15559_Y $and$rtl/sv/generated/eval_core/AecEvalCore.sv:44342$15557_Y $and$rtl/sv/generated/eval_core/AecEvalCore.sv:44341$15555_Y $and$rtl/sv/generated/eval_core/AecEvalCore.sv:44340$15553_Y $and$rtl/sv/generated/eval_core/AecEvalCore.sv:44339$15551_Y $and$rtl/sv/generated/eval_core/AecEvalCore.sv:44338$15549_Y $and$rtl/sv/generated/eval_core/AecEvalCore.sv:44337$15547_Y }, Q = \loadSlotGroup_8).
Adding EN signal on $procdff$35898 ($dff) from module AecGmemLsu (D = \inputShadow_storeData_16 [7:0], Q = \heldStoreBytes_16_0).
Adding EN signal on $procdff$35899 ($dff) from module AecGmemLsu (D = \inputShadow_storeData_16 [15:8], Q = \heldStoreBytes_16_1).
Adding EN signal on $procdff$36099 ($dff) from module AecGmemLsu (D = { $and$rtl/sv/generated/eval_core/AecEvalCore.sv:44400$15673_Y $and$rtl/sv/generated/eval_core/AecEvalCore.sv:44399$15671_Y $and$rtl/sv/generated/eval_core/AecEvalCore.sv:44398$15669_Y $and$rtl/sv/generated/eval_core/AecEvalCore.sv:44397$15667_Y $and$rtl/sv/generated/eval_core/AecEvalCore.sv:44396$15665_Y $and$rtl/sv/generated/eval_core/AecEvalCore.sv:44395$15663_Y $and$rtl/sv/generated/eval_core/AecEvalCore.sv:44394$15661_Y $and$rtl/sv/generated/eval_core/AecEvalCore.sv:44393$15659_Y $and$rtl/sv/generated/eval_core/AecEvalCore.sv:44392$15657_Y $and$rtl/sv/generated/eval_core/AecEvalCore.sv:44391$15655_Y $and$rtl/sv/generated/eval_core/AecEvalCore.sv:44390$15653_Y $and$rtl/sv/generated/eval_core/AecEvalCore.sv:44389$15651_Y $and$rtl/sv/generated/eval_core/AecEvalCore.sv:44388$15649_Y $and$rtl/sv/generated/eval_core/AecEvalCore.sv:44387$15647_Y $and$rtl/sv/generated/eval_core/AecEvalCore.sv:44386$15645_Y $and$rtl/sv/generated/eval_core/AecEvalCore.sv:44385$15643_Y $and$rtl/sv/generated/eval_core/AecEvalCore.sv:44384$15641_Y $and$rtl/sv/generated/eval_core/AecEvalCore.sv:44383$15639_Y $and$rtl/sv/generated/eval_core/AecEvalCore.sv:44382$15637_Y $and$rtl/sv/generated/eval_core/AecEvalCore.sv:44381$15635_Y $and$rtl/sv/generated/eval_core/AecEvalCore.sv:44380$15633_Y $and$rtl/sv/generated/eval_core/AecEvalCore.sv:44379$15631_Y $and$rtl/sv/generated/eval_core/AecEvalCore.sv:44378$15629_Y $and$rtl/sv/generated/eval_core/AecEvalCore.sv:44377$15627_Y $and$rtl/sv/generated/eval_core/AecEvalCore.sv:44376$15625_Y $and$rtl/sv/generated/eval_core/AecEvalCore.sv:44375$15623_Y $and$rtl/sv/generated/eval_core/AecEvalCore.sv:44374$15621_Y $and$rtl/sv/generated/eval_core/AecEvalCore.sv:44373$15619_Y $and$rtl/sv/generated/eval_core/AecEvalCore.sv:44372$15617_Y $and$rtl/sv/generated/eval_core/AecEvalCore.sv:44371$15615_Y $and$rtl/sv/generated/eval_core/AecEvalCore.sv:44370$15613_Y $and$rtl/sv/generated/eval_core/AecEvalCore.sv:44369$15611_Y $and$rtl/sv/generated/eval_core/AecEvalCore.sv:44368$15609_Y $and$rtl/sv/generated/eval_core/AecEvalCore.sv:44367$15607_Y $and$rtl/sv/generated/eval_core/AecEvalCore.sv:44366$15605_Y $and$rtl/sv/generated/eval_core/AecEvalCore.sv:44365$15603_Y $and$rtl/sv/generated/eval_core/AecEvalCore.sv:44364$15601_Y $and$rtl/sv/generated/eval_core/AecEvalCore.sv:44363$15599_Y $and$rtl/sv/generated/eval_core/AecEvalCore.sv:44362$15597_Y $and$rtl/sv/generated/eval_core/AecEvalCore.sv:44361$15595_Y $and$rtl/sv/generated/eval_core/AecEvalCore.sv:44360$15593_Y $and$rtl/sv/generated/eval_core/AecEvalCore.sv:44359$15591_Y $and$rtl/sv/generated/eval_core/AecEvalCore.sv:44358$15589_Y $and$rtl/sv/generated/eval_core/AecEvalCore.sv:44357$15587_Y $and$rtl/sv/generated/eval_core/AecEvalCore.sv:44356$15585_Y $and$rtl/sv/generated/eval_core/AecEvalCore.sv:44355$15583_Y $and$rtl/sv/generated/eval_core/AecEvalCore.sv:44354$15581_Y $and$rtl/sv/generated/eval_core/AecEvalCore.sv:44353$15579_Y $and$rtl/sv/generated/eval_core/AecEvalCore.sv:44352$15577_Y $and$rtl/sv/generated/eval_core/AecEvalCore.sv:44351$15575_Y $and$rtl/sv/generated/eval_core/AecEvalCore.sv:44350$15573_Y $and$rtl/sv/generated/eval_core/AecEvalCore.sv:44349$15571_Y $and$rtl/sv/generated/eval_core/AecEvalCore.sv:44348$15569_Y $and$rtl/sv/generated/eval_core/AecEvalCore.sv:44347$15567_Y $and$rtl/sv/generated/eval_core/AecEvalCore.sv:44346$15565_Y $and$rtl/sv/generated/eval_core/AecEvalCore.sv:44345$15563_Y $and$rtl/sv/generated/eval_core/AecEvalCore.sv:44344$15561_Y $and$rtl/sv/generated/eval_core/AecEvalCore.sv:44343$15559_Y $and$rtl/sv/generated/eval_core/AecEvalCore.sv:44342$15557_Y $and$rtl/sv/generated/eval_core/AecEvalCore.sv:44341$15555_Y $and$rtl/sv/generated/eval_core/AecEvalCore.sv:44340$15553_Y $and$rtl/sv/generated/eval_core/AecEvalCore.sv:44339$15551_Y $and$rtl/sv/generated/eval_core/AecEvalCore.sv:44338$15549_Y $and$rtl/sv/generated/eval_core/AecEvalCore.sv:44337$15547_Y }, Q = \loadSlotGroup_9).
Adding EN signal on $procdff$35900 ($dff) from module AecGmemLsu (D = \inputShadow_storeData_16 [23:16], Q = \heldStoreBytes_16_2).
Adding EN signal on $procdff$35901 ($dff) from module AecGmemLsu (D = \inputShadow_storeData_16 [31:24], Q = \heldStoreBytes_16_3).
Adding EN signal on $procdff$36100 ($dff) from module AecGmemLsu (D = { $and$rtl/sv/generated/eval_core/AecEvalCore.sv:44400$15673_Y $and$rtl/sv/generated/eval_core/AecEvalCore.sv:44399$15671_Y $and$rtl/sv/generated/eval_core/AecEvalCore.sv:44398$15669_Y $and$rtl/sv/generated/eval_core/AecEvalCore.sv:44397$15667_Y $and$rtl/sv/generated/eval_core/AecEvalCore.sv:44396$15665_Y $and$rtl/sv/generated/eval_core/AecEvalCore.sv:44395$15663_Y $and$rtl/sv/generated/eval_core/AecEvalCore.sv:44394$15661_Y $and$rtl/sv/generated/eval_core/AecEvalCore.sv:44393$15659_Y $and$rtl/sv/generated/eval_core/AecEvalCore.sv:44392$15657_Y $and$rtl/sv/generated/eval_core/AecEvalCore.sv:44391$15655_Y $and$rtl/sv/generated/eval_core/AecEvalCore.sv:44390$15653_Y $and$rtl/sv/generated/eval_core/AecEvalCore.sv:44389$15651_Y $and$rtl/sv/generated/eval_core/AecEvalCore.sv:44388$15649_Y $and$rtl/sv/generated/eval_core/AecEvalCore.sv:44387$15647_Y $and$rtl/sv/generated/eval_core/AecEvalCore.sv:44386$15645_Y $and$rtl/sv/generated/eval_core/AecEvalCore.sv:44385$15643_Y $and$rtl/sv/generated/eval_core/AecEvalCore.sv:44384$15641_Y $and$rtl/sv/generated/eval_core/AecEvalCore.sv:44383$15639_Y $and$rtl/sv/generated/eval_core/AecEvalCore.sv:44382$15637_Y $and$rtl/sv/generated/eval_core/AecEvalCore.sv:44381$15635_Y $and$rtl/sv/generated/eval_core/AecEvalCore.sv:44380$15633_Y $and$rtl/sv/generated/eval_core/AecEvalCore.sv:44379$15631_Y $and$rtl/sv/generated/eval_core/AecEvalCore.sv:44378$15629_Y $and$rtl/sv/generated/eval_core/AecEvalCore.sv:44377$15627_Y $and$rtl/sv/generated/eval_core/AecEvalCore.sv:44376$15625_Y $and$rtl/sv/generated/eval_core/AecEvalCore.sv:44375$15623_Y $and$rtl/sv/generated/eval_core/AecEvalCore.sv:44374$15621_Y $and$rtl/sv/generated/eval_core/AecEvalCore.sv:44373$15619_Y $and$rtl/sv/generated/eval_core/AecEvalCore.sv:44372$15617_Y $and$rtl/sv/generated/eval_core/AecEvalCore.sv:44371$15615_Y $and$rtl/sv/generated/eval_core/AecEvalCore.sv:44370$15613_Y $and$rtl/sv/generated/eval_core/AecEvalCore.sv:44369$15611_Y $and$rtl/sv/generated/eval_core/AecEvalCore.sv:44368$15609_Y $and$rtl/sv/generated/eval_core/AecEvalCore.sv:44367$15607_Y $and$rtl/sv/generated/eval_core/AecEvalCore.sv:44366$15605_Y $and$rtl/sv/generated/eval_core/AecEvalCore.sv:44365$15603_Y $and$rtl/sv/generated/eval_core/AecEvalCore.sv:44364$15601_Y $and$rtl/sv/generated/eval_core/AecEvalCore.sv:44363$15599_Y $and$rtl/sv/generated/eval_core/AecEvalCore.sv:44362$15597_Y $and$rtl/sv/generated/eval_core/AecEvalCore.sv:44361$15595_Y $and$rtl/sv/generated/eval_core/AecEvalCore.sv:44360$15593_Y $and$rtl/sv/generated/eval_core/AecEvalCore.sv:44359$15591_Y $and$rtl/sv/generated/eval_core/AecEvalCore.sv:44358$15589_Y $and$rtl/sv/generated/eval_core/AecEvalCore.sv:44357$15587_Y $and$rtl/sv/generated/eval_core/AecEvalCore.sv:44356$15585_Y $and$rtl/sv/generated/eval_core/AecEvalCore.sv:44355$15583_Y $and$rtl/sv/generated/eval_core/AecEvalCore.sv:44354$15581_Y $and$rtl/sv/generated/eval_core/AecEvalCore.sv:44353$15579_Y $and$rtl/sv/generated/eval_core/AecEvalCore.sv:44352$15577_Y $and$rtl/sv/generated/eval_core/AecEvalCore.sv:44351$15575_Y $and$rtl/sv/generated/eval_core/AecEvalCore.sv:44350$15573_Y $and$rtl/sv/generated/eval_core/AecEvalCore.sv:44349$15571_Y $and$rtl/sv/generated/eval_core/AecEvalCore.sv:44348$15569_Y $and$rtl/sv/generated/eval_core/AecEvalCore.sv:44347$15567_Y $and$rtl/sv/generated/eval_core/AecEvalCore.sv:44346$15565_Y $and$rtl/sv/generated/eval_core/AecEvalCore.sv:44345$15563_Y $and$rtl/sv/generated/eval_core/AecEvalCore.sv:44344$15561_Y $and$rtl/sv/generated/eval_core/AecEvalCore.sv:44343$15559_Y $and$rtl/sv/generated/eval_core/AecEvalCore.sv:44342$15557_Y $and$rtl/sv/generated/eval_core/AecEvalCore.sv:44341$15555_Y $and$rtl/sv/generated/eval_core/AecEvalCore.sv:44340$15553_Y $and$rtl/sv/generated/eval_core/AecEvalCore.sv:44339$15551_Y $and$rtl/sv/generated/eval_core/AecEvalCore.sv:44338$15549_Y $and$rtl/sv/generated/eval_core/AecEvalCore.sv:44337$15547_Y }, Q = \loadSlotGroup_10).
Adding EN signal on $procdff$35902 ($dff) from module AecGmemLsu (D = \inputShadow_storeData_17 [7:0], Q = \heldStoreBytes_17_0).
Adding EN signal on $procdff$35903 ($dff) from module AecGmemLsu (D = \inputShadow_storeData_17 [15:8], Q = \heldStoreBytes_17_1).
Adding EN signal on $procdff$36101 ($dff) from module AecGmemLsu (D = { $and$rtl/sv/generated/eval_core/AecEvalCore.sv:44400$15673_Y $and$rtl/sv/generated/eval_core/AecEvalCore.sv:44399$15671_Y $and$rtl/sv/generated/eval_core/AecEvalCore.sv:44398$15669_Y $and$rtl/sv/generated/eval_core/AecEvalCore.sv:44397$15667_Y $and$rtl/sv/generated/eval_core/AecEvalCore.sv:44396$15665_Y $and$rtl/sv/generated/eval_core/AecEvalCore.sv:44395$15663_Y $and$rtl/sv/generated/eval_core/AecEvalCore.sv:44394$15661_Y $and$rtl/sv/generated/eval_core/AecEvalCore.sv:44393$15659_Y $and$rtl/sv/generated/eval_core/AecEvalCore.sv:44392$15657_Y $and$rtl/sv/generated/eval_core/AecEvalCore.sv:44391$15655_Y $and$rtl/sv/generated/eval_core/AecEvalCore.sv:44390$15653_Y $and$rtl/sv/generated/eval_core/AecEvalCore.sv:44389$15651_Y $and$rtl/sv/generated/eval_core/AecEvalCore.sv:44388$15649_Y $and$rtl/sv/generated/eval_core/AecEvalCore.sv:44387$15647_Y $and$rtl/sv/generated/eval_core/AecEvalCore.sv:44386$15645_Y $and$rtl/sv/generated/eval_core/AecEvalCore.sv:44385$15643_Y $and$rtl/sv/generated/eval_core/AecEvalCore.sv:44384$15641_Y $and$rtl/sv/generated/eval_core/AecEvalCore.sv:44383$15639_Y $and$rtl/sv/generated/eval_core/AecEvalCore.sv:44382$15637_Y $and$rtl/sv/generated/eval_core/AecEvalCore.sv:44381$15635_Y $and$rtl/sv/generated/eval_core/AecEvalCore.sv:44380$15633_Y $and$rtl/sv/generated/eval_core/AecEvalCore.sv:44379$15631_Y $and$rtl/sv/generated/eval_core/AecEvalCore.sv:44378$15629_Y $and$rtl/sv/generated/eval_core/AecEvalCore.sv:44377$15627_Y $and$rtl/sv/generated/eval_core/AecEvalCore.sv:44376$15625_Y $and$rtl/sv/generated/eval_core/AecEvalCore.sv:44375$15623_Y $and$rtl/sv/generated/eval_core/AecEvalCore.sv:44374$15621_Y $and$rtl/sv/generated/eval_core/AecEvalCore.sv:44373$15619_Y $and$rtl/sv/generated/eval_core/AecEvalCore.sv:44372$15617_Y $and$rtl/sv/generated/eval_core/AecEvalCore.sv:44371$15615_Y $and$rtl/sv/generated/eval_core/AecEvalCore.sv:44370$15613_Y $and$rtl/sv/generated/eval_core/AecEvalCore.sv:44369$15611_Y $and$rtl/sv/generated/eval_core/AecEvalCore.sv:44368$15609_Y $and$rtl/sv/generated/eval_core/AecEvalCore.sv:44367$15607_Y $and$rtl/sv/generated/eval_core/AecEvalCore.sv:44366$15605_Y $and$rtl/sv/generated/eval_core/AecEvalCore.sv:44365$15603_Y $and$rtl/sv/generated/eval_core/AecEvalCore.sv:44364$15601_Y $and$rtl/sv/generated/eval_core/AecEvalCore.sv:44363$15599_Y $and$rtl/sv/generated/eval_core/AecEvalCore.sv:44362$15597_Y $and$rtl/sv/generated/eval_core/AecEvalCore.sv:44361$15595_Y $and$rtl/sv/generated/eval_core/AecEvalCore.sv:44360$15593_Y $and$rtl/sv/generated/eval_core/AecEvalCore.sv:44359$15591_Y $and$rtl/sv/generated/eval_core/AecEvalCore.sv:44358$15589_Y $and$rtl/sv/generated/eval_core/AecEvalCore.sv:44357$15587_Y $and$rtl/sv/generated/eval_core/AecEvalCore.sv:44356$15585_Y $and$rtl/sv/generated/eval_core/AecEvalCore.sv:44355$15583_Y $and$rtl/sv/generated/eval_core/AecEvalCore.sv:44354$15581_Y $and$rtl/sv/generated/eval_core/AecEvalCore.sv:44353$15579_Y $and$rtl/sv/generated/eval_core/AecEvalCore.sv:44352$15577_Y $and$rtl/sv/generated/eval_core/AecEvalCore.sv:44351$15575_Y $and$rtl/sv/generated/eval_core/AecEvalCore.sv:44350$15573_Y $and$rtl/sv/generated/eval_core/AecEvalCore.sv:44349$15571_Y $and$rtl/sv/generated/eval_core/AecEvalCore.sv:44348$15569_Y $and$rtl/sv/generated/eval_core/AecEvalCore.sv:44347$15567_Y $and$rtl/sv/generated/eval_core/AecEvalCore.sv:44346$15565_Y $and$rtl/sv/generated/eval_core/AecEvalCore.sv:44345$15563_Y $and$rtl/sv/generated/eval_core/AecEvalCore.sv:44344$15561_Y $and$rtl/sv/generated/eval_core/AecEvalCore.sv:44343$15559_Y $and$rtl/sv/generated/eval_core/AecEvalCore.sv:44342$15557_Y $and$rtl/sv/generated/eval_core/AecEvalCore.sv:44341$15555_Y $and$rtl/sv/generated/eval_core/AecEvalCore.sv:44340$15553_Y $and$rtl/sv/generated/eval_core/AecEvalCore.sv:44339$15551_Y $and$rtl/sv/generated/eval_core/AecEvalCore.sv:44338$15549_Y $and$rtl/sv/generated/eval_core/AecEvalCore.sv:44337$15547_Y }, Q = \loadSlotGroup_11).
Adding EN signal on $procdff$35904 ($dff) from module AecGmemLsu (D = \inputShadow_storeData_17 [23:16], Q = \heldStoreBytes_17_2).
Adding EN signal on $procdff$35905 ($dff) from module AecGmemLsu (D = \inputShadow_storeData_17 [31:24], Q = \heldStoreBytes_17_3).
Adding EN signal on $procdff$36102 ($dff) from module AecGmemLsu (D = { $and$rtl/sv/generated/eval_core/AecEvalCore.sv:44400$15673_Y $and$rtl/sv/generated/eval_core/AecEvalCore.sv:44399$15671_Y $and$rtl/sv/generated/eval_core/AecEvalCore.sv:44398$15669_Y $and$rtl/sv/generated/eval_core/AecEvalCore.sv:44397$15667_Y $and$rtl/sv/generated/eval_core/AecEvalCore.sv:44396$15665_Y $and$rtl/sv/generated/eval_core/AecEvalCore.sv:44395$15663_Y $and$rtl/sv/generated/eval_core/AecEvalCore.sv:44394$15661_Y $and$rtl/sv/generated/eval_core/AecEvalCore.sv:44393$15659_Y $and$rtl/sv/generated/eval_core/AecEvalCore.sv:44392$15657_Y $and$rtl/sv/generated/eval_core/AecEvalCore.sv:44391$15655_Y $and$rtl/sv/generated/eval_core/AecEvalCore.sv:44390$15653_Y $and$rtl/sv/generated/eval_core/AecEvalCore.sv:44389$15651_Y $and$rtl/sv/generated/eval_core/AecEvalCore.sv:44388$15649_Y $and$rtl/sv/generated/eval_core/AecEvalCore.sv:44387$15647_Y $and$rtl/sv/generated/eval_core/AecEvalCore.sv:44386$15645_Y $and$rtl/sv/generated/eval_core/AecEvalCore.sv:44385$15643_Y $and$rtl/sv/generated/eval_core/AecEvalCore.sv:44384$15641_Y $and$rtl/sv/generated/eval_core/AecEvalCore.sv:44383$15639_Y $and$rtl/sv/generated/eval_core/AecEvalCore.sv:44382$15637_Y $and$rtl/sv/generated/eval_core/AecEvalCore.sv:44381$15635_Y $and$rtl/sv/generated/eval_core/AecEvalCore.sv:44380$15633_Y $and$rtl/sv/generated/eval_core/AecEvalCore.sv:44379$15631_Y $and$rtl/sv/generated/eval_core/AecEvalCore.sv:44378$15629_Y $and$rtl/sv/generated/eval_core/AecEvalCore.sv:44377$15627_Y $and$rtl/sv/generated/eval_core/AecEvalCore.sv:44376$15625_Y $and$rtl/sv/generated/eval_core/AecEvalCore.sv:44375$15623_Y $and$rtl/sv/generated/eval_core/AecEvalCore.sv:44374$15621_Y $and$rtl/sv/generated/eval_core/AecEvalCore.sv:44373$15619_Y $and$rtl/sv/generated/eval_core/AecEvalCore.sv:44372$15617_Y $and$rtl/sv/generated/eval_core/AecEvalCore.sv:44371$15615_Y $and$rtl/sv/generated/eval_core/AecEvalCore.sv:44370$15613_Y $and$rtl/sv/generated/eval_core/AecEvalCore.sv:44369$15611_Y $and$rtl/sv/generated/eval_core/AecEvalCore.sv:44368$15609_Y $and$rtl/sv/generated/eval_core/AecEvalCore.sv:44367$15607_Y $and$rtl/sv/generated/eval_core/AecEvalCore.sv:44366$15605_Y $and$rtl/sv/generated/eval_core/AecEvalCore.sv:44365$15603_Y $and$rtl/sv/generated/eval_core/AecEvalCore.sv:44364$15601_Y $and$rtl/sv/generated/eval_core/AecEvalCore.sv:44363$15599_Y $and$rtl/sv/generated/eval_core/AecEvalCore.sv:44362$15597_Y $and$rtl/sv/generated/eval_core/AecEvalCore.sv:44361$15595_Y $and$rtl/sv/generated/eval_core/AecEvalCore.sv:44360$15593_Y $and$rtl/sv/generated/eval_core/AecEvalCore.sv:44359$15591_Y $and$rtl/sv/generated/eval_core/AecEvalCore.sv:44358$15589_Y $and$rtl/sv/generated/eval_core/AecEvalCore.sv:44357$15587_Y $and$rtl/sv/generated/eval_core/AecEvalCore.sv:44356$15585_Y $and$rtl/sv/generated/eval_core/AecEvalCore.sv:44355$15583_Y $and$rtl/sv/generated/eval_core/AecEvalCore.sv:44354$15581_Y $and$rtl/sv/generated/eval_core/AecEvalCore.sv:44353$15579_Y $and$rtl/sv/generated/eval_core/AecEvalCore.sv:44352$15577_Y $and$rtl/sv/generated/eval_core/AecEvalCore.sv:44351$15575_Y $and$rtl/sv/generated/eval_core/AecEvalCore.sv:44350$15573_Y $and$rtl/sv/generated/eval_core/AecEvalCore.sv:44349$15571_Y $and$rtl/sv/generated/eval_core/AecEvalCore.sv:44348$15569_Y $and$rtl/sv/generated/eval_core/AecEvalCore.sv:44347$15567_Y $and$rtl/sv/generated/eval_core/AecEvalCore.sv:44346$15565_Y $and$rtl/sv/generated/eval_core/AecEvalCore.sv:44345$15563_Y $and$rtl/sv/generated/eval_core/AecEvalCore.sv:44344$15561_Y $and$rtl/sv/generated/eval_core/AecEvalCore.sv:44343$15559_Y $and$rtl/sv/generated/eval_core/AecEvalCore.sv:44342$15557_Y $and$rtl/sv/generated/eval_core/AecEvalCore.sv:44341$15555_Y $and$rtl/sv/generated/eval_core/AecEvalCore.sv:44340$15553_Y $and$rtl/sv/generated/eval_core/AecEvalCore.sv:44339$15551_Y $and$rtl/sv/generated/eval_core/AecEvalCore.sv:44338$15549_Y $and$rtl/sv/generated/eval_core/AecEvalCore.sv:44337$15547_Y }, Q = \loadSlotGroup_12).
Adding EN signal on $procdff$35906 ($dff) from module AecGmemLsu (D = \inputShadow_storeData_18 [7:0], Q = \heldStoreBytes_18_0).
Adding EN signal on $procdff$35907 ($dff) from module AecGmemLsu (D = \inputShadow_storeData_18 [15:8], Q = \heldStoreBytes_18_1).
Adding EN signal on $procdff$36103 ($dff) from module AecGmemLsu (D = { $and$rtl/sv/generated/eval_core/AecEvalCore.sv:44400$15673_Y $and$rtl/sv/generated/eval_core/AecEvalCore.sv:44399$15671_Y $and$rtl/sv/generated/eval_core/AecEvalCore.sv:44398$15669_Y $and$rtl/sv/generated/eval_core/AecEvalCore.sv:44397$15667_Y $and$rtl/sv/generated/eval_core/AecEvalCore.sv:44396$15665_Y $and$rtl/sv/generated/eval_core/AecEvalCore.sv:44395$15663_Y $and$rtl/sv/generated/eval_core/AecEvalCore.sv:44394$15661_Y $and$rtl/sv/generated/eval_core/AecEvalCore.sv:44393$15659_Y $and$rtl/sv/generated/eval_core/AecEvalCore.sv:44392$15657_Y $and$rtl/sv/generated/eval_core/AecEvalCore.sv:44391$15655_Y $and$rtl/sv/generated/eval_core/AecEvalCore.sv:44390$15653_Y $and$rtl/sv/generated/eval_core/AecEvalCore.sv:44389$15651_Y $and$rtl/sv/generated/eval_core/AecEvalCore.sv:44388$15649_Y $and$rtl/sv/generated/eval_core/AecEvalCore.sv:44387$15647_Y $and$rtl/sv/generated/eval_core/AecEvalCore.sv:44386$15645_Y $and$rtl/sv/generated/eval_core/AecEvalCore.sv:44385$15643_Y $and$rtl/sv/generated/eval_core/AecEvalCore.sv:44384$15641_Y $and$rtl/sv/generated/eval_core/AecEvalCore.sv:44383$15639_Y $and$rtl/sv/generated/eval_core/AecEvalCore.sv:44382$15637_Y $and$rtl/sv/generated/eval_core/AecEvalCore.sv:44381$15635_Y $and$rtl/sv/generated/eval_core/AecEvalCore.sv:44380$15633_Y $and$rtl/sv/generated/eval_core/AecEvalCore.sv:44379$15631_Y $and$rtl/sv/generated/eval_core/AecEvalCore.sv:44378$15629_Y $and$rtl/sv/generated/eval_core/AecEvalCore.sv:44377$15627_Y $and$rtl/sv/generated/eval_core/AecEvalCore.sv:44376$15625_Y $and$rtl/sv/generated/eval_core/AecEvalCore.sv:44375$15623_Y $and$rtl/sv/generated/eval_core/AecEvalCore.sv:44374$15621_Y $and$rtl/sv/generated/eval_core/AecEvalCore.sv:44373$15619_Y $and$rtl/sv/generated/eval_core/AecEvalCore.sv:44372$15617_Y $and$rtl/sv/generated/eval_core/AecEvalCore.sv:44371$15615_Y $and$rtl/sv/generated/eval_core/AecEvalCore.sv:44370$15613_Y $and$rtl/sv/generated/eval_core/AecEvalCore.sv:44369$15611_Y $and$rtl/sv/generated/eval_core/AecEvalCore.sv:44368$15609_Y $and$rtl/sv/generated/eval_core/AecEvalCore.sv:44367$15607_Y $and$rtl/sv/generated/eval_core/AecEvalCore.sv:44366$15605_Y $and$rtl/sv/generated/eval_core/AecEvalCore.sv:44365$15603_Y $and$rtl/sv/generated/eval_core/AecEvalCore.sv:44364$15601_Y $and$rtl/sv/generated/eval_core/AecEvalCore.sv:44363$15599_Y $and$rtl/sv/generated/eval_core/AecEvalCore.sv:44362$15597_Y $and$rtl/sv/generated/eval_core/AecEvalCore.sv:44361$15595_Y $and$rtl/sv/generated/eval_core/AecEvalCore.sv:44360$15593_Y $and$rtl/sv/generated/eval_core/AecEvalCore.sv:44359$15591_Y $and$rtl/sv/generated/eval_core/AecEvalCore.sv:44358$15589_Y $and$rtl/sv/generated/eval_core/AecEvalCore.sv:44357$15587_Y $and$rtl/sv/generated/eval_core/AecEvalCore.sv:44356$15585_Y $and$rtl/sv/generated/eval_core/AecEvalCore.sv:44355$15583_Y $and$rtl/sv/generated/eval_core/AecEvalCore.sv:44354$15581_Y $and$rtl/sv/generated/eval_core/AecEvalCore.sv:44353$15579_Y $and$rtl/sv/generated/eval_core/AecEvalCore.sv:44352$15577_Y $and$rtl/sv/generated/eval_core/AecEvalCore.sv:44351$15575_Y $and$rtl/sv/generated/eval_core/AecEvalCore.sv:44350$15573_Y $and$rtl/sv/generated/eval_core/AecEvalCore.sv:44349$15571_Y $and$rtl/sv/generated/eval_core/AecEvalCore.sv:44348$15569_Y $and$rtl/sv/generated/eval_core/AecEvalCore.sv:44347$15567_Y $and$rtl/sv/generated/eval_core/AecEvalCore.sv:44346$15565_Y $and$rtl/sv/generated/eval_core/AecEvalCore.sv:44345$15563_Y $and$rtl/sv/generated/eval_core/AecEvalCore.sv:44344$15561_Y $and$rtl/sv/generated/eval_core/AecEvalCore.sv:44343$15559_Y $and$rtl/sv/generated/eval_core/AecEvalCore.sv:44342$15557_Y $and$rtl/sv/generated/eval_core/AecEvalCore.sv:44341$15555_Y $and$rtl/sv/generated/eval_core/AecEvalCore.sv:44340$15553_Y $and$rtl/sv/generated/eval_core/AecEvalCore.sv:44339$15551_Y $and$rtl/sv/generated/eval_core/AecEvalCore.sv:44338$15549_Y $and$rtl/sv/generated/eval_core/AecEvalCore.sv:44337$15547_Y }, Q = \loadSlotGroup_13).
Adding EN signal on $procdff$35908 ($dff) from module AecGmemLsu (D = \inputShadow_storeData_18 [23:16], Q = \heldStoreBytes_18_2).
Adding EN signal on $procdff$35909 ($dff) from module AecGmemLsu (D = \inputShadow_storeData_18 [31:24], Q = \heldStoreBytes_18_3).
Adding EN signal on $procdff$36104 ($dff) from module AecGmemLsu (D = { $and$rtl/sv/generated/eval_core/AecEvalCore.sv:44400$15673_Y $and$rtl/sv/generated/eval_core/AecEvalCore.sv:44399$15671_Y $and$rtl/sv/generated/eval_core/AecEvalCore.sv:44398$15669_Y $and$rtl/sv/generated/eval_core/AecEvalCore.sv:44397$15667_Y $and$rtl/sv/generated/eval_core/AecEvalCore.sv:44396$15665_Y $and$rtl/sv/generated/eval_core/AecEvalCore.sv:44395$15663_Y $and$rtl/sv/generated/eval_core/AecEvalCore.sv:44394$15661_Y $and$rtl/sv/generated/eval_core/AecEvalCore.sv:44393$15659_Y $and$rtl/sv/generated/eval_core/AecEvalCore.sv:44392$15657_Y $and$rtl/sv/generated/eval_core/AecEvalCore.sv:44391$15655_Y $and$rtl/sv/generated/eval_core/AecEvalCore.sv:44390$15653_Y $and$rtl/sv/generated/eval_core/AecEvalCore.sv:44389$15651_Y $and$rtl/sv/generated/eval_core/AecEvalCore.sv:44388$15649_Y $and$rtl/sv/generated/eval_core/AecEvalCore.sv:44387$15647_Y $and$rtl/sv/generated/eval_core/AecEvalCore.sv:44386$15645_Y $and$rtl/sv/generated/eval_core/AecEvalCore.sv:44385$15643_Y $and$rtl/sv/generated/eval_core/AecEvalCore.sv:44384$15641_Y $and$rtl/sv/generated/eval_core/AecEvalCore.sv:44383$15639_Y $and$rtl/sv/generated/eval_core/AecEvalCore.sv:44382$15637_Y $and$rtl/sv/generated/eval_core/AecEvalCore.sv:44381$15635_Y $and$rtl/sv/generated/eval_core/AecEvalCore.sv:44380$15633_Y $and$rtl/sv/generated/eval_core/AecEvalCore.sv:44379$15631_Y $and$rtl/sv/generated/eval_core/AecEvalCore.sv:44378$15629_Y $and$rtl/sv/generated/eval_core/AecEvalCore.sv:44377$15627_Y $and$rtl/sv/generated/eval_core/AecEvalCore.sv:44376$15625_Y $and$rtl/sv/generated/eval_core/AecEvalCore.sv:44375$15623_Y $and$rtl/sv/generated/eval_core/AecEvalCore.sv:44374$15621_Y $and$rtl/sv/generated/eval_core/AecEvalCore.sv:44373$15619_Y $and$rtl/sv/generated/eval_core/AecEvalCore.sv:44372$15617_Y $and$rtl/sv/generated/eval_core/AecEvalCore.sv:44371$15615_Y $and$rtl/sv/generated/eval_core/AecEvalCore.sv:44370$15613_Y $and$rtl/sv/generated/eval_core/AecEvalCore.sv:44369$15611_Y $and$rtl/sv/generated/eval_core/AecEvalCore.sv:44368$15609_Y $and$rtl/sv/generated/eval_core/AecEvalCore.sv:44367$15607_Y $and$rtl/sv/generated/eval_core/AecEvalCore.sv:44366$15605_Y $and$rtl/sv/generated/eval_core/AecEvalCore.sv:44365$15603_Y $and$rtl/sv/generated/eval_core/AecEvalCore.sv:44364$15601_Y $and$rtl/sv/generated/eval_core/AecEvalCore.sv:44363$15599_Y $and$rtl/sv/generated/eval_core/AecEvalCore.sv:44362$15597_Y $and$rtl/sv/generated/eval_core/AecEvalCore.sv:44361$15595_Y $and$rtl/sv/generated/eval_core/AecEvalCore.sv:44360$15593_Y $and$rtl/sv/generated/eval_core/AecEvalCore.sv:44359$15591_Y $and$rtl/sv/generated/eval_core/AecEvalCore.sv:44358$15589_Y $and$rtl/sv/generated/eval_core/AecEvalCore.sv:44357$15587_Y $and$rtl/sv/generated/eval_core/AecEvalCore.sv:44356$15585_Y $and$rtl/sv/generated/eval_core/AecEvalCore.sv:44355$15583_Y $and$rtl/sv/generated/eval_core/AecEvalCore.sv:44354$15581_Y $and$rtl/sv/generated/eval_core/AecEvalCore.sv:44353$15579_Y $and$rtl/sv/generated/eval_core/AecEvalCore.sv:44352$15577_Y $and$rtl/sv/generated/eval_core/AecEvalCore.sv:44351$15575_Y $and$rtl/sv/generated/eval_core/AecEvalCore.sv:44350$15573_Y $and$rtl/sv/generated/eval_core/AecEvalCore.sv:44349$15571_Y $and$rtl/sv/generated/eval_core/AecEvalCore.sv:44348$15569_Y $and$rtl/sv/generated/eval_core/AecEvalCore.sv:44347$15567_Y $and$rtl/sv/generated/eval_core/AecEvalCore.sv:44346$15565_Y $and$rtl/sv/generated/eval_core/AecEvalCore.sv:44345$15563_Y $and$rtl/sv/generated/eval_core/AecEvalCore.sv:44344$15561_Y $and$rtl/sv/generated/eval_core/AecEvalCore.sv:44343$15559_Y $and$rtl/sv/generated/eval_core/AecEvalCore.sv:44342$15557_Y $and$rtl/sv/generated/eval_core/AecEvalCore.sv:44341$15555_Y $and$rtl/sv/generated/eval_core/AecEvalCore.sv:44340$15553_Y $and$rtl/sv/generated/eval_core/AecEvalCore.sv:44339$15551_Y $and$rtl/sv/generated/eval_core/AecEvalCore.sv:44338$15549_Y $and$rtl/sv/generated/eval_core/AecEvalCore.sv:44337$15547_Y }, Q = \loadSlotGroup_14).
Adding EN signal on $procdff$35910 ($dff) from module AecGmemLsu (D = \inputShadow_storeData_19 [7:0], Q = \heldStoreBytes_19_0).
Adding EN signal on $procdff$35911 ($dff) from module AecGmemLsu (D = \inputShadow_storeData_19 [15:8], Q = \heldStoreBytes_19_1).
Adding EN signal on $procdff$36105 ($dff) from module AecGmemLsu (D = { $and$rtl/sv/generated/eval_core/AecEvalCore.sv:44400$15673_Y $and$rtl/sv/generated/eval_core/AecEvalCore.sv:44399$15671_Y $and$rtl/sv/generated/eval_core/AecEvalCore.sv:44398$15669_Y $and$rtl/sv/generated/eval_core/AecEvalCore.sv:44397$15667_Y $and$rtl/sv/generated/eval_core/AecEvalCore.sv:44396$15665_Y $and$rtl/sv/generated/eval_core/AecEvalCore.sv:44395$15663_Y $and$rtl/sv/generated/eval_core/AecEvalCore.sv:44394$15661_Y $and$rtl/sv/generated/eval_core/AecEvalCore.sv:44393$15659_Y $and$rtl/sv/generated/eval_core/AecEvalCore.sv:44392$15657_Y $and$rtl/sv/generated/eval_core/AecEvalCore.sv:44391$15655_Y $and$rtl/sv/generated/eval_core/AecEvalCore.sv:44390$15653_Y $and$rtl/sv/generated/eval_core/AecEvalCore.sv:44389$15651_Y $and$rtl/sv/generated/eval_core/AecEvalCore.sv:44388$15649_Y $and$rtl/sv/generated/eval_core/AecEvalCore.sv:44387$15647_Y $and$rtl/sv/generated/eval_core/AecEvalCore.sv:44386$15645_Y $and$rtl/sv/generated/eval_core/AecEvalCore.sv:44385$15643_Y $and$rtl/sv/generated/eval_core/AecEvalCore.sv:44384$15641_Y $and$rtl/sv/generated/eval_core/AecEvalCore.sv:44383$15639_Y $and$rtl/sv/generated/eval_core/AecEvalCore.sv:44382$15637_Y $and$rtl/sv/generated/eval_core/AecEvalCore.sv:44381$15635_Y $and$rtl/sv/generated/eval_core/AecEvalCore.sv:44380$15633_Y $and$rtl/sv/generated/eval_core/AecEvalCore.sv:44379$15631_Y $and$rtl/sv/generated/eval_core/AecEvalCore.sv:44378$15629_Y $and$rtl/sv/generated/eval_core/AecEvalCore.sv:44377$15627_Y $and$rtl/sv/generated/eval_core/AecEvalCore.sv:44376$15625_Y $and$rtl/sv/generated/eval_core/AecEvalCore.sv:44375$15623_Y $and$rtl/sv/generated/eval_core/AecEvalCore.sv:44374$15621_Y $and$rtl/sv/generated/eval_core/AecEvalCore.sv:44373$15619_Y $and$rtl/sv/generated/eval_core/AecEvalCore.sv:44372$15617_Y $and$rtl/sv/generated/eval_core/AecEvalCore.sv:44371$15615_Y $and$rtl/sv/generated/eval_core/AecEvalCore.sv:44370$15613_Y $and$rtl/sv/generated/eval_core/AecEvalCore.sv:44369$15611_Y $and$rtl/sv/generated/eval_core/AecEvalCore.sv:44368$15609_Y $and$rtl/sv/generated/eval_core/AecEvalCore.sv:44367$15607_Y $and$rtl/sv/generated/eval_core/AecEvalCore.sv:44366$15605_Y $and$rtl/sv/generated/eval_core/AecEvalCore.sv:44365$15603_Y $and$rtl/sv/generated/eval_core/AecEvalCore.sv:44364$15601_Y $and$rtl/sv/generated/eval_core/AecEvalCore.sv:44363$15599_Y $and$rtl/sv/generated/eval_core/AecEvalCore.sv:44362$15597_Y $and$rtl/sv/generated/eval_core/AecEvalCore.sv:44361$15595_Y $and$rtl/sv/generated/eval_core/AecEvalCore.sv:44360$15593_Y $and$rtl/sv/generated/eval_core/AecEvalCore.sv:44359$15591_Y $and$rtl/sv/generated/eval_core/AecEvalCore.sv:44358$15589_Y $and$rtl/sv/generated/eval_core/AecEvalCore.sv:44357$15587_Y $and$rtl/sv/generated/eval_core/AecEvalCore.sv:44356$15585_Y $and$rtl/sv/generated/eval_core/AecEvalCore.sv:44355$15583_Y $and$rtl/sv/generated/eval_core/AecEvalCore.sv:44354$15581_Y $and$rtl/sv/generated/eval_core/AecEvalCore.sv:44353$15579_Y $and$rtl/sv/generated/eval_core/AecEvalCore.sv:44352$15577_Y $and$rtl/sv/generated/eval_core/AecEvalCore.sv:44351$15575_Y $and$rtl/sv/generated/eval_core/AecEvalCore.sv:44350$15573_Y $and$rtl/sv/generated/eval_core/AecEvalCore.sv:44349$15571_Y $and$rtl/sv/generated/eval_core/AecEvalCore.sv:44348$15569_Y $and$rtl/sv/generated/eval_core/AecEvalCore.sv:44347$15567_Y $and$rtl/sv/generated/eval_core/AecEvalCore.sv:44346$15565_Y $and$rtl/sv/generated/eval_core/AecEvalCore.sv:44345$15563_Y $and$rtl/sv/generated/eval_core/AecEvalCore.sv:44344$15561_Y $and$rtl/sv/generated/eval_core/AecEvalCore.sv:44343$15559_Y $and$rtl/sv/generated/eval_core/AecEvalCore.sv:44342$15557_Y $and$rtl/sv/generated/eval_core/AecEvalCore.sv:44341$15555_Y $and$rtl/sv/generated/eval_core/AecEvalCore.sv:44340$15553_Y $and$rtl/sv/generated/eval_core/AecEvalCore.sv:44339$15551_Y $and$rtl/sv/generated/eval_core/AecEvalCore.sv:44338$15549_Y $and$rtl/sv/generated/eval_core/AecEvalCore.sv:44337$15547_Y }, Q = \loadSlotGroup_15).
Adding EN signal on $procdff$35912 ($dff) from module AecGmemLsu (D = \inputShadow_storeData_19 [23:16], Q = \heldStoreBytes_19_2).
Adding EN signal on $procdff$35913 ($dff) from module AecGmemLsu (D = \inputShadow_storeData_19 [31:24], Q = \heldStoreBytes_19_3).
Adding EN signal on $procdff$36106 ($dff) from module AecGmemLsu (D = $procmux$33328_Y, Q = \loadSlotLine_0).
Adding EN signal on $procdff$35914 ($dff) from module AecGmemLsu (D = \inputShadow_storeData_20 [7:0], Q = \heldStoreBytes_20_0).
Adding EN signal on $procdff$35915 ($dff) from module AecGmemLsu (D = \inputShadow_storeData_20 [15:8], Q = \heldStoreBytes_20_1).
Adding EN signal on $procdff$36107 ($dff) from module AecGmemLsu (D = $procmux$33319_Y, Q = \loadSlotLine_1).
Adding EN signal on $procdff$35916 ($dff) from module AecGmemLsu (D = \inputShadow_storeData_20 [23:16], Q = \heldStoreBytes_20_2).
Adding EN signal on $procdff$35917 ($dff) from module AecGmemLsu (D = \inputShadow_storeData_20 [31:24], Q = \heldStoreBytes_20_3).
Adding EN signal on $procdff$36124 ($dff) from module AecGmemLineWord (D = $procmux$34234_Y, Q = \word).
Adding SRST signal on $procdff$36125 ($dff) from module AecGmemLineWord (D = $procmux$34219_Y, Q = \strb, rval = 4'1111).
Adding EN signal on $auto$ff.cc:337:slice$36632 ($sdff) from module AecGmemLineWord (D = $procmux$34219_Y, Q = \strb).

4.7. Executing OPT_CLEAN pass (remove unused cells and wires).
Finding unused cells or wires in module \AecGmemLsu..
Finding unused cells or wires in module \AecGmemLineWord..
Removed 501 unused cells and 6804 unused wires.
<suppressed ~503 debug messages>

4.8. Executing OPT_EXPR pass (perform const folding).
Optimizing module AecGmemLsu.
<suppressed ~1 debug messages>
Optimizing module AecGmemLineWord.
<suppressed ~2 debug messages>

4.9. Rerunning OPT passes. (Maybe there is more to do..)

4.10. Executing OPT_MUXTREE pass (detect dead branches in mux trees).
Running muxtree optimizer on module \AecGmemLsu..
  Creating internal representation of mux trees.
  Evaluating internal representation of mux trees.
  Analyzing evaluation results.
Running muxtree optimizer on module \AecGmemLineWord..
  Creating internal representation of mux trees.
  Evaluating internal representation of mux trees.
  Analyzing evaluation results.
Removed 0 multiplexer ports.
<suppressed ~3871 debug messages>

4.11. Executing OPT_REDUCE pass (consolidate $*mux and $reduce_* inputs).
  Optimizing cells in module \AecGmemLsu.
  Optimizing cells in module \AecGmemLineWord.
Performed a total of 0 changes.

4.12. Executing OPT_MERGE pass (detect identical cells).
Finding identical cells in module `\AecGmemLsu'.
Computing hashes of 3796 cells of `\AecGmemLsu'.
Finding duplicate cells in `\AecGmemLsu'.
Computing hashes of 3779 cells of `\AecGmemLsu'.
Finding duplicate cells in `\AecGmemLsu'.
<suppressed ~51 debug messages>
Finding identical cells in module `\AecGmemLineWord'.
Computing hashes of 17 cells of `\AecGmemLineWord'.
Finding duplicate cells in `\AecGmemLineWord'.
Removed a total of 17 cells.

4.13. Executing OPT_DFF pass (perform DFF optimizations).

4.14. Executing OPT_CLEAN pass (remove unused cells and wires).
Finding unused cells or wires in module \AecGmemLsu..
Finding unused cells or wires in module \AecGmemLineWord..
Removed 0 unused cells and 17 unused wires.
<suppressed ~1 debug messages>

4.15. Executing OPT_EXPR pass (perform const folding).
Optimizing module AecGmemLsu.
Optimizing module AecGmemLineWord.

4.16. Rerunning OPT passes. (Maybe there is more to do..)

4.17. Executing OPT_MUXTREE pass (detect dead branches in mux trees).
Running muxtree optimizer on module \AecGmemLsu..
  Creating internal representation of mux trees.
  Evaluating internal representation of mux trees.
  Analyzing evaluation results.
Running muxtree optimizer on module \AecGmemLineWord..
  Creating internal representation of mux trees.
  Evaluating internal representation of mux trees.
  Analyzing evaluation results.
Removed 0 multiplexer ports.
<suppressed ~3871 debug messages>

4.18. Executing OPT_REDUCE pass (consolidate $*mux and $reduce_* inputs).
  Optimizing cells in module \AecGmemLsu.
  Optimizing cells in module \AecGmemLineWord.
Performed a total of 0 changes.

4.19. Executing OPT_MERGE pass (detect identical cells).
Finding identical cells in module `\AecGmemLsu'.
Computing hashes of 3779 cells of `\AecGmemLsu'.
Finding duplicate cells in `\AecGmemLsu'.
Finding identical cells in module `\AecGmemLineWord'.
Computing hashes of 17 cells of `\AecGmemLineWord'.
Finding duplicate cells in `\AecGmemLineWord'.
Removed a total of 0 cells.

4.20. Executing OPT_DFF pass (perform DFF optimizations).

4.21. Executing OPT_CLEAN pass (remove unused cells and wires).
Finding unused cells or wires in module \AecGmemLsu..
Finding unused cells or wires in module \AecGmemLineWord..

4.22. Executing OPT_EXPR pass (perform const folding).
Optimizing module AecGmemLsu.
Optimizing module AecGmemLineWord.

4.23. Finished fast OPT passes. (There is nothing left to do.)

5. Executing MEMORY_DFF pass (merging $dff cells to $memrd).

6. Executing OPT pass (performing simple optimizations).

6.1. Executing OPT_EXPR pass (perform const folding).
Optimizing module AecGmemLsu.
Optimizing module AecGmemLineWord.

6.2. Executing OPT_MERGE pass (detect identical cells).
Finding identical cells in module `\AecGmemLsu'.
Computing hashes of 3779 cells of `\AecGmemLsu'.
Finding duplicate cells in `\AecGmemLsu'.
Finding identical cells in module `\AecGmemLineWord'.
Computing hashes of 17 cells of `\AecGmemLineWord'.
Finding duplicate cells in `\AecGmemLineWord'.
Removed a total of 0 cells.

6.3. Executing OPT_MUXTREE pass (detect dead branches in mux trees).
Running muxtree optimizer on module \AecGmemLsu..
  Creating internal representation of mux trees.
  Evaluating internal representation of mux trees.
  Analyzing evaluation results.
Running muxtree optimizer on module \AecGmemLineWord..
  Creating internal representation of mux trees.
  Evaluating internal representation of mux trees.
  Analyzing evaluation results.
Removed 0 multiplexer ports.
<suppressed ~3871 debug messages>

6.4. Executing OPT_REDUCE pass (consolidate $*mux and $reduce_* inputs).
  Optimizing cells in module \AecGmemLsu.
  Optimizing cells in module \AecGmemLineWord.
Performed a total of 0 changes.

6.5. Executing OPT_MERGE pass (detect identical cells).
Finding identical cells in module `\AecGmemLsu'.
Computing hashes of 3779 cells of `\AecGmemLsu'.
Finding duplicate cells in `\AecGmemLsu'.
Finding identical cells in module `\AecGmemLineWord'.
Computing hashes of 17 cells of `\AecGmemLineWord'.
Finding duplicate cells in `\AecGmemLineWord'.
Removed a total of 0 cells.

6.6. Executing OPT_DFF pass (perform DFF optimizations).

6.7. Executing OPT_CLEAN pass (remove unused cells and wires).
Finding unused cells or wires in module \AecGmemLsu..
Finding unused cells or wires in module \AecGmemLineWord..

6.8. Executing OPT_EXPR pass (perform const folding).
Optimizing module AecGmemLsu.
Optimizing module AecGmemLineWord.

6.9. Finished fast OPT passes. (There is nothing left to do.)

7. Printing statistics.

=== AecGmemLsu ===

        +----------Local Count, excluding submodules.
        | 
     4903 wires
    86424 wire bits
     4135 public wires
    80598 public wire bits
      158 ports
     7414 port bits
     3747 cells
      135   $add
       61   $adff
        9   $adffe
      422   $and
      105   $dff
      424   $dffe
      456   $eq
       67   $ge
       34   $gt
        8   $logic_not
        2   $lt
     1774   $mux
       34   $ne
       32   $not
       70   $or
       17   $reduce_and
       33   $reduce_bool
       12   $reduce_or
       10   $shl
        3   $shr
       38   $sub
        1   $xor
       32 submodules
       32   AecGmemLineWord

=== AecGmemLineWord ===

        +----------Local Count, excluding submodules.
        | 
       31 wires
      464 wire bits
       22 public wires
      322 public wire bits
       14 ports
      178 port bits
       17 cells
        1   $dffe
        9   $mux
        4   $or
        2   $reduce_bool
        1   $sdffe

=== design hierarchy ===

        +----------Count including submodules.
        | 
     4291 AecGmemLsu
       17 AecGmemLineWord

        +----------Count including submodules.
        | 
     5895 wires
   101272 wire bits
     4839 public wires
    90902 public wire bits
      606 ports
    13110 port bits
        - memories
        - memory bits
        - processes
     4291 cells
      135   $add
       61   $adff
        9   $adffe
      422   $and
      105   $dff
      456   $dffe
      456   $eq
       67   $ge
       34   $gt
        8   $logic_not
        2   $lt
     2062   $mux
       34   $ne
       32   $not
      198   $or
       17   $reduce_and
       97   $reduce_bool
       12   $reduce_or
       32   $sdffe
       10   $shl
        3   $shr
       38   $sub
        1   $xor
       32 submodules
       32   AecGmemLineWord

End of script. Logfile hash: fe1f68a9ca, time: 3.50s, user: 3.38s, system: 0.17s, MEM: 347.80 MB peak
Yosys 0.64+308 (git sha1 78e05dfb0, Release, GNU /usr/bin/c++ 13.3.0)
Time spent: 42% 2x read_verilog (1 sec), 14% 4x opt_dff (0 sec), ...
