
-- Running command `read_verilog -sv rtl/sv/generated/fp32/AecFp32Unit.sv; hierarchy -top AecFp32Unit; proc; opt; stat' --

1. Executing Verilog-2005 frontend: rtl/sv/generated/fp32/AecFp32Unit.sv
Parsing SystemVerilog input from `rtl/sv/generated/fp32/AecFp32Unit.sv' to AST representation.
Generating RTLIL representation for module `\BoothEncoderF64F32F16'.
Generating RTLIL representation for module `\CSA3to2'.
Generating RTLIL representation for module `\CSA4to2'.
Generating RTLIL representation for module `\CSA_Nto2With3to2MainPipeline'.
Generating RTLIL representation for module `\FloatFMA'.
Generating RTLIL representation for module `\Queue'.
Generating RTLIL representation for module `\YunSuanFmaPipe'.
Generating RTLIL representation for module `\Queue_1'.
Generating RTLIL representation for module `\Queue_2'.
Generating RTLIL representation for module `\CLZ'.
Generating RTLIL representation for module `\FPUpConverter'.
Generating RTLIL representation for module `\FPToFP'.
Generating RTLIL representation for module `\CompareRecFN'.
Generating RTLIL representation for module `\CompareRecFN_1'.
Generating RTLIL representation for module `\RoundingUnit'.
Generating RTLIL representation for module `\ShiftRightJam'.
Generating RTLIL representation for module `\FPDownConverter'.
Generating RTLIL representation for module `\FPToFP_5'.
Generating RTLIL representation for module `\CLZ_5'.
Generating RTLIL representation for module `\FPUpConverter_5'.
Generating RTLIL representation for module `\FPToFP_6'.
Generating RTLIL representation for module `\RoundingUnit_2'.
Generating RTLIL representation for module `\ShiftRightJam_1'.
Generating RTLIL representation for module `\FPDownConverter_1'.
Generating RTLIL representation for module `\FPToFP_7'.
Generating RTLIL representation for module `\AecFp32PipeUnit'.
Generating RTLIL representation for module `\AecFpWarpRequestStage'.
Generating RTLIL representation for module `\AecWarpRequestLaneBank'.
Generating RTLIL representation for module `\AecWarpRequestBuffer'.
Generating RTLIL representation for module `\AecResultLaneBank'.
Generating RTLIL representation for module `\AecFp32Unit'.
Successfully finished Verilog frontend.

2. Executing HIERARCHY pass (managing design hierarchy).

2.1. Analyzing design hierarchy..
Top module:  \AecFp32Unit
Used module:     \AecResultLaneBank
Used module:     \AecWarpRequestBuffer
Used module:         \AecWarpRequestLaneBank
Used module:     \AecFpWarpRequestStage
Used module:     \AecFp32PipeUnit
Used module:         \FPToFP_7
Used module:             \FPDownConverter_1
Used module:                 \RoundingUnit_2
Used module:                 \ShiftRightJam_1
Used module:         \FPToFP_6
Used module:             \FPUpConverter_5
Used module:                 \CLZ_5
Used module:         \FPToFP_5
Used module:             \FPDownConverter
Used module:                 \RoundingUnit
Used module:                 \ShiftRightJam
Used module:         \CompareRecFN_1
Used module:         \FPToFP
Used module:             \FPUpConverter
Used module:                 \CLZ
Used module:         \CompareRecFN
Used module:         \Queue_2
Used module:         \Queue_1
Used module:         \YunSuanFmaPipe
Used module:             \Queue
Used module:             \FloatFMA
Used module:                 \CSA3to2
Used module:                 \CSA_Nto2With3to2MainPipeline
Used module:                     \CSA4to2
Used module:                 \BoothEncoderF64F32F16

2.2. Analyzing design hierarchy..
Top module:  \AecFp32Unit
Used module:     \AecResultLaneBank
Used module:     \AecWarpRequestBuffer
Used module:         \AecWarpRequestLaneBank
Used module:     \AecFpWarpRequestStage
Used module:     \AecFp32PipeUnit
Used module:         \FPToFP_7
Used module:             \FPDownConverter_1
Used module:                 \RoundingUnit_2
Used module:                 \ShiftRightJam_1
Used module:         \FPToFP_6
Used module:             \FPUpConverter_5
Used module:                 \CLZ_5
Used module:         \FPToFP_5
Used module:             \FPDownConverter
Used module:                 \RoundingUnit
Used module:                 \ShiftRightJam
Used module:         \CompareRecFN_1
Used module:         \FPToFP
Used module:             \FPUpConverter
Used module:                 \CLZ
Used module:         \CompareRecFN
Used module:         \Queue_2
Used module:         \Queue_1
Used module:         \YunSuanFmaPipe
Used module:             \Queue
Used module:             \FloatFMA
Used module:                 \CSA3to2
Used module:                 \CSA_Nto2With3to2MainPipeline
Used module:                     \CSA4to2
Used module:                 \BoothEncoderF64F32F16
Removed 0 unused modules.

3. Executing PROC pass (convert processes to netlists).

3.1. Executing PROC_CLEAN pass (remove empty switches from decision trees).
Cleaned up 0 empty switches.

3.2. Executing PROC_RMDEAD pass (remove dead branches from decision trees).
Marked 24 switch rules as full_case in process $proc$rtl/sv/generated/fp32/AecFp32Unit.sv:10096$2884 in module AecFp32Unit.
Marked 5 switch rules as full_case in process $proc$rtl/sv/generated/fp32/AecFp32Unit.sv:6447$2504 in module AecResultLaneBank.
Marked 52 switch rules as full_case in process $proc$rtl/sv/generated/fp32/AecFp32Unit.sv:4746$2502 in module AecWarpRequestLaneBank.
Marked 7 switch rules as full_case in process $proc$rtl/sv/generated/fp32/AecFp32Unit.sv:4344$2501 in module AecFpWarpRequestStage.
Marked 1 switch rules as full_case in process $proc$rtl/sv/generated/fp32/AecFp32Unit.sv:4240$2494 in module AecFp32PipeUnit.
Marked 8 switch rules as full_case in process $proc$rtl/sv/generated/fp32/AecFp32Unit.sv:3110$1876 in module Queue_2.
Marked 4 switch rules as full_case in process $proc$rtl/sv/generated/fp32/AecFp32Unit.sv:2913$1842 in module Queue_1.
Marked 5 switch rules as full_case in process $proc$rtl/sv/generated/fp32/AecFp32Unit.sv:2759$1827 in module YunSuanFmaPipe.
Marked 7 switch rules as full_case in process $proc$rtl/sv/generated/fp32/AecFp32Unit.sv:2550$1782 in module Queue.
Marked 6 switch rules as full_case in process $proc$rtl/sv/generated/fp32/AecFp32Unit.sv:2123$1736 in module FloatFMA.
Removed a total of 0 dead cases.

3.3. Executing PROC_PRUNE pass (remove redundant assignments in processes).
Removed 72 redundant assignments.
Promoted 54 assignments to connections.

3.4. Executing PROC_INIT pass (extract init attributes).

3.5. Executing PROC_ARST pass (detect async resets in processes).

3.6. Executing PROC_ROM pass (convert switches to ROMs).
Converted 0 switches.
<suppressed ~251 debug messages>

3.7. Executing PROC_MUX pass (convert decision trees to multiplexers).
Creating decoders for process `\AecFp32Unit.$proc$rtl/sv/generated/fp32/AecFp32Unit.sv:10096$2884'.
     1/15: $0\armClusters_7[0:0]
     2/15: $0\armClusters_6[0:0]
     3/15: $0\armClusters_5[0:0]
     4/15: $0\armClusters_4[0:0]
     5/15: $0\armClusters_3[0:0]
     6/15: $0\armClusters_2[0:0]
     7/15: $0\armClusters_1[0:0]
     8/15: $0\armClusters_0[0:0]
     9/15: $0\armPending[0:0]
    10/15: $0\commitPending[0:0]
    11/15: $0\groupIssued[0:0]
    12/15: $0\running[0:0]
    13/15: $0\capturePending[0:0]
    14/15: $0\outValid[0:0]
    15/15: $0\group[0:0]
Creating decoders for process `\AecResultLaneBank.$proc$rtl/sv/generated/fp32/AecFp32Unit.sv:6447$2504'.
     1/5: $0\pending[0:0]
     2/5: $0\error[0:0]
     3/5: $0\predicate[0:0]
     4/5: $0\flags[4:0]
     5/5: $0\result[63:0]
Creating decoders for process `\AecWarpRequestBuffer.$proc$rtl/sv/generated/fp32/AecFp32Unit.sv:6349$2503'.
     1/3: $0\dest[7:0]
     2/3: $0\dtype[3:0]
     3/3: $0\op[15:0]
Creating decoders for process `\AecWarpRequestLaneBank.$proc$rtl/sv/generated/fp32/AecFp32Unit.sv:4746$2502'.
     1/104: $0\maskCapture_3[0:0]
     2/104: $0\maskCapture_2[0:0]
     3/104: $0\maskCapture_1[0:0]
     4/104: $0\maskCapture_0[0:0]
     5/104: $0\operandCapture_3_11[0:0]
     6/104: $0\operandCapture_3_10[0:0]
     7/104: $0\operandCapture_3_9[0:0]
     8/104: $0\operandCapture_3_8[0:0]
     9/104: $0\operandCapture_3_7[0:0]
    10/104: $0\operandCapture_3_6[0:0]
    11/104: $0\operandCapture_3_5[0:0]
    12/104: $0\operandCapture_3_4[0:0]
    13/104: $0\operandCapture_3_3[0:0]
    14/104: $0\operandCapture_3_2[0:0]
    15/104: $0\operandCapture_3_1[0:0]
    16/104: $0\operandCapture_3_0[0:0]
    17/104: $0\operandCapture_2_11[0:0]
    18/104: $0\operandCapture_2_10[0:0]
    19/104: $0\operandCapture_2_9[0:0]
    20/104: $0\operandCapture_2_8[0:0]
    21/104: $0\operandCapture_2_7[0:0]
    22/104: $0\operandCapture_2_6[0:0]
    23/104: $0\operandCapture_2_5[0:0]
    24/104: $0\operandCapture_2_4[0:0]
    25/104: $0\operandCapture_2_3[0:0]
    26/104: $0\operandCapture_2_2[0:0]
    27/104: $0\operandCapture_2_1[0:0]
    28/104: $0\operandCapture_2_0[0:0]
    29/104: $0\operandCapture_1_11[0:0]
    30/104: $0\operandCapture_1_10[0:0]
    31/104: $0\operandCapture_1_9[0:0]
    32/104: $0\operandCapture_1_8[0:0]
    33/104: $0\operandCapture_1_7[0:0]
    34/104: $0\operandCapture_1_6[0:0]
    35/104: $0\operandCapture_1_5[0:0]
    36/104: $0\operandCapture_1_4[0:0]
    37/104: $0\operandCapture_1_3[0:0]
    38/104: $0\operandCapture_1_2[0:0]
    39/104: $0\operandCapture_1_1[0:0]
    40/104: $0\operandCapture_1_0[0:0]
    41/104: $0\operandCapture_0_11[0:0]
    42/104: $0\operandCapture_0_10[0:0]
    43/104: $0\operandCapture_0_9[0:0]
    44/104: $0\operandCapture_0_8[0:0]
    45/104: $0\operandCapture_0_7[0:0]
    46/104: $0\operandCapture_0_6[0:0]
    47/104: $0\operandCapture_0_5[0:0]
    48/104: $0\operandCapture_0_4[0:0]
    49/104: $0\operandCapture_0_3[0:0]
    50/104: $0\operandCapture_0_2[0:0]
    51/104: $0\operandCapture_0_1[0:0]
    52/104: $0\operandCapture_0_0[0:0]
    53/104: $0\active_3[0:0]
    54/104: $0\active_2[0:0]
    55/104: $0\active_1[0:0]
    56/104: $0\active_0[0:0]
    57/104: $0\c_3_3[15:0]
    58/104: $0\c_3_2[15:0]
    59/104: $0\c_3_1[15:0]
    60/104: $0\c_3_0[15:0]
    61/104: $0\c_2_3[15:0]
    62/104: $0\c_2_2[15:0]
    63/104: $0\c_2_1[15:0]
    64/104: $0\c_2_0[15:0]
    65/104: $0\c_1_3[15:0]
    66/104: $0\c_1_2[15:0]
    67/104: $0\c_1_1[15:0]
    68/104: $0\c_1_0[15:0]
    69/104: $0\c_0_3[15:0]
    70/104: $0\c_0_2[15:0]
    71/104: $0\c_0_1[15:0]
    72/104: $0\c_0_0[15:0]
    73/104: $0\b_3_3[15:0]
    74/104: $0\b_3_2[15:0]
    75/104: $0\b_3_1[15:0]
    76/104: $0\b_3_0[15:0]
    77/104: $0\b_2_3[15:0]
    78/104: $0\b_2_2[15:0]
    79/104: $0\b_2_1[15:0]
    80/104: $0\b_2_0[15:0]
    81/104: $0\b_1_3[15:0]
    82/104: $0\b_1_2[15:0]
    83/104: $0\b_1_1[15:0]
    84/104: $0\b_1_0[15:0]
    85/104: $0\b_0_3[15:0]
    86/104: $0\b_0_2[15:0]
    87/104: $0\b_0_1[15:0]
    88/104: $0\b_0_0[15:0]
    89/104: $0\a_3_3[15:0]
    90/104: $0\a_3_2[15:0]
    91/104: $0\a_3_1[15:0]
    92/104: $0\a_3_0[15:0]
    93/104: $0\a_2_3[15:0]
    94/104: $0\a_2_2[15:0]
    95/104: $0\a_2_1[15:0]
    96/104: $0\a_2_0[15:0]
    97/104: $0\a_1_3[15:0]
    98/104: $0\a_1_2[15:0]
    99/104: $0\a_1_1[15:0]
   100/104: $0\a_1_0[15:0]
   101/104: $0\a_0_3[15:0]
   102/104: $0\a_0_2[15:0]
   103/104: $0\a_0_1[15:0]
   104/104: $0\a_0_0[15:0]
Creating decoders for process `\AecFpWarpRequestStage.$proc$rtl/sv/generated/fp32/AecFp32Unit.sv:4344$2501'.
     1/8: $0\selectedGroup[0:0]
     2/8: $0\selectValid[0:0]
     3/8: $0\data_c[63:0]
     4/8: $0\data_b[63:0]
     5/8: $0\data_a[63:0]
     6/8: $0\data_dtype[3:0]
     7/8: $0\data_op[6:0]
     8/8: $0\dataValid[0:0]
Creating decoders for process `\AecFp32PipeUnit.$proc$rtl/sv/generated/fp32/AecFp32Unit.sv:4240$2494'.
     1/1: $0\issueSeq[5:0]
Creating decoders for process `\Queue_2.$proc$rtl/sv/generated/fp32/AecFp32Unit.sv:3110$1876'.
     1/18: $1$memwr$\ram_req_b$rtl/sv/generated/fp32/AecFp32Unit.sv:3124$1855_EN[63:0]$1911
     2/18: $1$memwr$\ram_req_b$rtl/sv/generated/fp32/AecFp32Unit.sv:3124$1855_DATA[63:0]$1910
     3/18: $1$memwr$\ram_req_b$rtl/sv/generated/fp32/AecFp32Unit.sv:3124$1855_ADDR[1:0]$1909
     4/18: $1$memwr$\ram_req_a$rtl/sv/generated/fp32/AecFp32Unit.sv:3121$1854_EN[63:0]$1907
     5/18: $1$memwr$\ram_req_a$rtl/sv/generated/fp32/AecFp32Unit.sv:3121$1854_DATA[63:0]$1906
     6/18: $1$memwr$\ram_req_a$rtl/sv/generated/fp32/AecFp32Unit.sv:3121$1854_ADDR[1:0]$1905
     7/18: $1$memwr$\ram_req_dtype$rtl/sv/generated/fp32/AecFp32Unit.sv:3118$1853_EN[3:0]$1903
     8/18: $1$memwr$\ram_req_dtype$rtl/sv/generated/fp32/AecFp32Unit.sv:3118$1853_DATA[3:0]$1902
     9/18: $1$memwr$\ram_req_dtype$rtl/sv/generated/fp32/AecFp32Unit.sv:3118$1853_ADDR[1:0]$1901
    10/18: $1$memwr$\ram_req_op$rtl/sv/generated/fp32/AecFp32Unit.sv:3115$1852_EN[6:0]$1899
    11/18: $1$memwr$\ram_req_op$rtl/sv/generated/fp32/AecFp32Unit.sv:3115$1852_DATA[6:0]$1898
    12/18: $1$memwr$\ram_req_op$rtl/sv/generated/fp32/AecFp32Unit.sv:3115$1852_ADDR[1:0]$1897
    13/18: $1$memwr$\ram_seq$rtl/sv/generated/fp32/AecFp32Unit.sv:3112$1851_EN[5:0]$1895
    14/18: $1$memwr$\ram_seq$rtl/sv/generated/fp32/AecFp32Unit.sv:3112$1851_DATA[5:0]$1894
    15/18: $1$memwr$\ram_seq$rtl/sv/generated/fp32/AecFp32Unit.sv:3112$1851_ADDR[1:0]$1893
    16/18: $0\maybe_full[0:0]
    17/18: $0\deq_ptr_value[1:0]
    18/18: $0\enq_ptr_value[1:0]
Creating decoders for process `\Queue_1.$proc$rtl/sv/generated/fp32/AecFp32Unit.sv:2913$1842'.
     1/6: $1$memwr$\ram$rtl/sv/generated/fp32/AecFp32Unit.sv:2915$1829_EN[5:0]$1849
     2/6: $1$memwr$\ram$rtl/sv/generated/fp32/AecFp32Unit.sv:2915$1829_DATA[5:0]$1848
     3/6: $1$memwr$\ram$rtl/sv/generated/fp32/AecFp32Unit.sv:2915$1829_ADDR[3:0]$1847
     4/6: $0\maybe_full[0:0]
     5/6: $0\deq_ptr_value[3:0]
     6/6: $0\enq_ptr_value[3:0]
Creating decoders for process `\YunSuanFmaPipe.$proc$rtl/sv/generated/fp32/AecFp32Unit.sv:2759$1827'.
     1/10: $0\valid2[0:0]
     2/10: $0\valid1[0:0]
     3/10: $0\valid0[0:0]
     4/10: $0\meta2_dtype[3:0]
     5/10: $0\meta2_seq[5:0]
     6/10: $0\meta1_dtype[3:0]
     7/10: $0\meta1_seq[5:0]
     8/10: $0\meta0_dtype[3:0]
     9/10: $0\meta0_seq[5:0]
    10/10: $0\outstanding[3:0]
Creating decoders for process `\Queue.$proc$rtl/sv/generated/fp32/AecFp32Unit.sv:2550$1782'.
     1/15: $1$memwr$\ram_dtype$rtl/sv/generated/fp32/AecFp32Unit.sv:2561$1762_EN[3:0]$1810
     2/15: $1$memwr$\ram_dtype$rtl/sv/generated/fp32/AecFp32Unit.sv:2561$1762_DATA[3:0]$1809
     3/15: $1$memwr$\ram_dtype$rtl/sv/generated/fp32/AecFp32Unit.sv:2561$1762_ADDR[2:0]$1808
     4/15: $1$memwr$\ram_seq$rtl/sv/generated/fp32/AecFp32Unit.sv:2558$1761_EN[5:0]$1806
     5/15: $1$memwr$\ram_seq$rtl/sv/generated/fp32/AecFp32Unit.sv:2558$1761_DATA[5:0]$1805
     6/15: $1$memwr$\ram_seq$rtl/sv/generated/fp32/AecFp32Unit.sv:2558$1761_ADDR[2:0]$1804
     7/15: $1$memwr$\ram_fflags$rtl/sv/generated/fp32/AecFp32Unit.sv:2555$1760_EN[4:0]$1802
     8/15: $1$memwr$\ram_fflags$rtl/sv/generated/fp32/AecFp32Unit.sv:2555$1760_DATA[4:0]$1801
     9/15: $1$memwr$\ram_fflags$rtl/sv/generated/fp32/AecFp32Unit.sv:2555$1760_ADDR[2:0]$1800
    10/15: $1$memwr$\ram_result$rtl/sv/generated/fp32/AecFp32Unit.sv:2552$1759_EN[63:0]$1798
    11/15: $1$memwr$\ram_result$rtl/sv/generated/fp32/AecFp32Unit.sv:2552$1759_DATA[63:0]$1797
    12/15: $1$memwr$\ram_result$rtl/sv/generated/fp32/AecFp32Unit.sv:2552$1759_ADDR[2:0]$1796
    13/15: $0\maybe_full[0:0]
    14/15: $0\deq_ptr_value[2:0]
    15/15: $0\enq_ptr_value[2:0]
Creating decoders for process `\FloatFMA.$proc$rtl/sv/generated/fp32/AecFp32Unit.sv:2123$1736'.
     1/43: $0\has_inf_f32_result_inf_sign_reg2_r[0:0]
     2/43: $0\rshift_sticky_f16[0:0]
     3/43: $0\fire_reg0_last_r[0:0]
     4/43: $0\fp_a_or_b_is_zero_f32_reg2[0:0]
     5/43: $0\fp_a_or_b_is_zero_f32_reg2_r_1[0:0]
     6/43: $0\has_inf_f32_result_inf_sign_reg2[0:0]
     7/43: $0\has_inf_f32_result_inf_sign_reg2_r_1[0:0]
     8/43: $0\has_inf_f32_is_NV_reg2[0:0]
     9/43: $0\has_inf_f32_is_NV_reg2_r_1[0:0]
    10/43: $0\has_inf_f32_reg2[0:0]
    11/43: $0\has_inf_f32_reg2_r_1[0:0]
    12/43: $0\has_nan_f32_is_NV_reg2[0:0]
    13/43: $0\has_nan_f32_is_NV_reg2_r_1[0:0]
    14/43: $0\has_nan_f32_reg2[0:0]
    15/43: $0\has_nan_f32_reg2_r_1[0:0]
    16/43: $0\fp_result_f64_fp_a_or_b_is_zero_reg2[63:0]
    17/43: $0\fp_result_fp_a_or_b_is_zero_reg_r_1[63:0]
    18/43: $0\has_zero_f32_reg2_r_2[0:0]
    19/43: $0\has_zero_f32_reg2_r_1[0:0]
    20/43: $0\normal_result_is_zero_f32_reg2[0:0]
    21/43: $0\normal_result_is_zero_f32_reg2_r[0:0]
    22/43: $0\exponent_is_min_f32[0:0]
    23/43: $0\lshift_value_reg2[7:0]
    24/43: $0\is_fix_reg2[0:0]
    25/43: $0\round_lshift_uf_f32_reg2[0:0]
    26/43: $0\guard_lshift_f32_reg2[0:0]
    27/43: $0\round_lshift_f32_reg2[0:0]
    28/43: $0\sticky_uf_f32_reg2[0:0]
    29/43: $0\sticky_uf_f32_reg2_r[0:0]
    30/43: $0\sticky_f32_reg2[0:0]
    31/43: $0\sticky_f32_reg2_r[0:0]
    32/43: $0\sign_result_temp_f32_reg2[0:0]
    33/43: $0\sign_result_temp_f32_reg2_r_2[0:0]
    34/43: $0\fraction_result_no_round_f64_reg2[51:0]
    35/43: $0\adder_f32_reg1[76:0]
    36/43: $0\lshift_mask_valid_f16_reg1[0:0]
    37/43: $0\lzd_adder_inv_mask_reg1[162:0]
    38/43: $0\tzd_adder_reg1[163:0]
    39/43: $0\E_greater_f64_reg2[11:0]
    40/43: $0\E_greater_reg2_r_1[11:0]
    41/43: $0\adder_is_negative_f16_reg2[0:0]
    42/43: $0\adder_is_negative_reg1[0:0]
    43/43: $0\fire_reg1_last_r[0:0]
Creating decoders for process `\CSA_Nto2With3to2MainPipeline.$proc$rtl/sv/generated/fp32/AecFp32Unit.sv:1302$1287'.

3.8. Executing PROC_DLATCH pass (convert process syncs to latches).

3.9. Executing PROC_DFF pass (convert process syncs to FFs).
Creating register for signal `\AecFp32Unit.\capturePending' using process `\AecFp32Unit.$proc$rtl/sv/generated/fp32/AecFp32Unit.sv:10096$2884'.
  created $dff cell `$procdff$3567' with positive edge clock.
Creating register for signal `\AecFp32Unit.\group' using process `\AecFp32Unit.$proc$rtl/sv/generated/fp32/AecFp32Unit.sv:10096$2884'.
  created $dff cell `$procdff$3568' with positive edge clock.
Creating register for signal `\AecFp32Unit.\outValid' using process `\AecFp32Unit.$proc$rtl/sv/generated/fp32/AecFp32Unit.sv:10096$2884'.
  created $dff cell `$procdff$3569' with positive edge clock.
Creating register for signal `\AecFp32Unit.\running' using process `\AecFp32Unit.$proc$rtl/sv/generated/fp32/AecFp32Unit.sv:10096$2884'.
  created $dff cell `$procdff$3570' with positive edge clock.
Creating register for signal `\AecFp32Unit.\groupIssued' using process `\AecFp32Unit.$proc$rtl/sv/generated/fp32/AecFp32Unit.sv:10096$2884'.
  created $dff cell `$procdff$3571' with positive edge clock.
Creating register for signal `\AecFp32Unit.\commitPending' using process `\AecFp32Unit.$proc$rtl/sv/generated/fp32/AecFp32Unit.sv:10096$2884'.
  created $dff cell `$procdff$3572' with positive edge clock.
Creating register for signal `\AecFp32Unit.\armPending' using process `\AecFp32Unit.$proc$rtl/sv/generated/fp32/AecFp32Unit.sv:10096$2884'.
  created $dff cell `$procdff$3573' with positive edge clock.
Creating register for signal `\AecFp32Unit.\armClusters_0' using process `\AecFp32Unit.$proc$rtl/sv/generated/fp32/AecFp32Unit.sv:10096$2884'.
  created $dff cell `$procdff$3574' with positive edge clock.
Creating register for signal `\AecFp32Unit.\armClusters_1' using process `\AecFp32Unit.$proc$rtl/sv/generated/fp32/AecFp32Unit.sv:10096$2884'.
  created $dff cell `$procdff$3575' with positive edge clock.
Creating register for signal `\AecFp32Unit.\armClusters_2' using process `\AecFp32Unit.$proc$rtl/sv/generated/fp32/AecFp32Unit.sv:10096$2884'.
  created $dff cell `$procdff$3576' with positive edge clock.
Creating register for signal `\AecFp32Unit.\armClusters_3' using process `\AecFp32Unit.$proc$rtl/sv/generated/fp32/AecFp32Unit.sv:10096$2884'.
  created $dff cell `$procdff$3577' with positive edge clock.
Creating register for signal `\AecFp32Unit.\armClusters_4' using process `\AecFp32Unit.$proc$rtl/sv/generated/fp32/AecFp32Unit.sv:10096$2884'.
  created $dff cell `$procdff$3578' with positive edge clock.
Creating register for signal `\AecFp32Unit.\armClusters_5' using process `\AecFp32Unit.$proc$rtl/sv/generated/fp32/AecFp32Unit.sv:10096$2884'.
  created $dff cell `$procdff$3579' with positive edge clock.
Creating register for signal `\AecFp32Unit.\armClusters_6' using process `\AecFp32Unit.$proc$rtl/sv/generated/fp32/AecFp32Unit.sv:10096$2884'.
  created $dff cell `$procdff$3580' with positive edge clock.
Creating register for signal `\AecFp32Unit.\armClusters_7' using process `\AecFp32Unit.$proc$rtl/sv/generated/fp32/AecFp32Unit.sv:10096$2884'.
  created $dff cell `$procdff$3581' with positive edge clock.
Creating register for signal `\AecResultLaneBank.\result' using process `\AecResultLaneBank.$proc$rtl/sv/generated/fp32/AecFp32Unit.sv:6447$2504'.
  created $dff cell `$procdff$3582' with positive edge clock.
Creating register for signal `\AecResultLaneBank.\flags' using process `\AecResultLaneBank.$proc$rtl/sv/generated/fp32/AecFp32Unit.sv:6447$2504'.
  created $dff cell `$procdff$3583' with positive edge clock.
Creating register for signal `\AecResultLaneBank.\predicate' using process `\AecResultLaneBank.$proc$rtl/sv/generated/fp32/AecFp32Unit.sv:6447$2504'.
  created $dff cell `$procdff$3584' with positive edge clock.
Creating register for signal `\AecResultLaneBank.\error' using process `\AecResultLaneBank.$proc$rtl/sv/generated/fp32/AecFp32Unit.sv:6447$2504'.
  created $dff cell `$procdff$3585' with positive edge clock.
Creating register for signal `\AecResultLaneBank.\pending' using process `\AecResultLaneBank.$proc$rtl/sv/generated/fp32/AecFp32Unit.sv:6447$2504'.
  created $dff cell `$procdff$3586' with positive edge clock.
Creating register for signal `\AecResultLaneBank.\stagedResult' using process `\AecResultLaneBank.$proc$rtl/sv/generated/fp32/AecFp32Unit.sv:6447$2504'.
  created $dff cell `$procdff$3587' with positive edge clock.
Creating register for signal `\AecResultLaneBank.\stagedFlags' using process `\AecResultLaneBank.$proc$rtl/sv/generated/fp32/AecFp32Unit.sv:6447$2504'.
  created $dff cell `$procdff$3588' with positive edge clock.
Creating register for signal `\AecResultLaneBank.\stagedPredicate' using process `\AecResultLaneBank.$proc$rtl/sv/generated/fp32/AecFp32Unit.sv:6447$2504'.
  created $dff cell `$procdff$3589' with positive edge clock.
Creating register for signal `\AecResultLaneBank.\stagedError' using process `\AecResultLaneBank.$proc$rtl/sv/generated/fp32/AecFp32Unit.sv:6447$2504'.
  created $dff cell `$procdff$3590' with positive edge clock.
Creating register for signal `\AecWarpRequestBuffer.\op' using process `\AecWarpRequestBuffer.$proc$rtl/sv/generated/fp32/AecFp32Unit.sv:6349$2503'.
  created $dff cell `$procdff$3591' with positive edge clock.
Creating register for signal `\AecWarpRequestBuffer.\dtype' using process `\AecWarpRequestBuffer.$proc$rtl/sv/generated/fp32/AecFp32Unit.sv:6349$2503'.
  created $dff cell `$procdff$3592' with positive edge clock.
Creating register for signal `\AecWarpRequestBuffer.\dest' using process `\AecWarpRequestBuffer.$proc$rtl/sv/generated/fp32/AecFp32Unit.sv:6349$2503'.
  created $dff cell `$procdff$3593' with positive edge clock.
Creating register for signal `\AecWarpRequestLaneBank.\operandCapture_0_0' using process `\AecWarpRequestLaneBank.$proc$rtl/sv/generated/fp32/AecFp32Unit.sv:4746$2502'.
  created $dff cell `$procdff$3594' with positive edge clock.
Creating register for signal `\AecWarpRequestLaneBank.\operandCapture_0_1' using process `\AecWarpRequestLaneBank.$proc$rtl/sv/generated/fp32/AecFp32Unit.sv:4746$2502'.
  created $dff cell `$procdff$3595' with positive edge clock.
Creating register for signal `\AecWarpRequestLaneBank.\operandCapture_0_2' using process `\AecWarpRequestLaneBank.$proc$rtl/sv/generated/fp32/AecFp32Unit.sv:4746$2502'.
  created $dff cell `$procdff$3596' with positive edge clock.
Creating register for signal `\AecWarpRequestLaneBank.\operandCapture_0_3' using process `\AecWarpRequestLaneBank.$proc$rtl/sv/generated/fp32/AecFp32Unit.sv:4746$2502'.
  created $dff cell `$procdff$3597' with positive edge clock.
Creating register for signal `\AecWarpRequestLaneBank.\operandCapture_0_4' using process `\AecWarpRequestLaneBank.$proc$rtl/sv/generated/fp32/AecFp32Unit.sv:4746$2502'.
  created $dff cell `$procdff$3598' with positive edge clock.
Creating register for signal `\AecWarpRequestLaneBank.\operandCapture_0_5' using process `\AecWarpRequestLaneBank.$proc$rtl/sv/generated/fp32/AecFp32Unit.sv:4746$2502'.
  created $dff cell `$procdff$3599' with positive edge clock.
Creating register for signal `\AecWarpRequestLaneBank.\operandCapture_0_6' using process `\AecWarpRequestLaneBank.$proc$rtl/sv/generated/fp32/AecFp32Unit.sv:4746$2502'.
  created $dff cell `$procdff$3600' with positive edge clock.
Creating register for signal `\AecWarpRequestLaneBank.\operandCapture_0_7' using process `\AecWarpRequestLaneBank.$proc$rtl/sv/generated/fp32/AecFp32Unit.sv:4746$2502'.
  created $dff cell `$procdff$3601' with positive edge clock.
Creating register for signal `\AecWarpRequestLaneBank.\operandCapture_0_8' using process `\AecWarpRequestLaneBank.$proc$rtl/sv/generated/fp32/AecFp32Unit.sv:4746$2502'.
  created $dff cell `$procdff$3602' with positive edge clock.
Creating register for signal `\AecWarpRequestLaneBank.\operandCapture_0_9' using process `\AecWarpRequestLaneBank.$proc$rtl/sv/generated/fp32/AecFp32Unit.sv:4746$2502'.
  created $dff cell `$procdff$3603' with positive edge clock.
Creating register for signal `\AecWarpRequestLaneBank.\operandCapture_0_10' using process `\AecWarpRequestLaneBank.$proc$rtl/sv/generated/fp32/AecFp32Unit.sv:4746$2502'.
  created $dff cell `$procdff$3604' with positive edge clock.
Creating register for signal `\AecWarpRequestLaneBank.\operandCapture_0_11' using process `\AecWarpRequestLaneBank.$proc$rtl/sv/generated/fp32/AecFp32Unit.sv:4746$2502'.
  created $dff cell `$procdff$3605' with positive edge clock.
Creating register for signal `\AecWarpRequestLaneBank.\operandCapture_1_0' using process `\AecWarpRequestLaneBank.$proc$rtl/sv/generated/fp32/AecFp32Unit.sv:4746$2502'.
  created $dff cell `$procdff$3606' with positive edge clock.
Creating register for signal `\AecWarpRequestLaneBank.\operandCapture_1_1' using process `\AecWarpRequestLaneBank.$proc$rtl/sv/generated/fp32/AecFp32Unit.sv:4746$2502'.
  created $dff cell `$procdff$3607' with positive edge clock.
Creating register for signal `\AecWarpRequestLaneBank.\operandCapture_1_2' using process `\AecWarpRequestLaneBank.$proc$rtl/sv/generated/fp32/AecFp32Unit.sv:4746$2502'.
  created $dff cell `$procdff$3608' with positive edge clock.
Creating register for signal `\AecWarpRequestLaneBank.\operandCapture_1_3' using process `\AecWarpRequestLaneBank.$proc$rtl/sv/generated/fp32/AecFp32Unit.sv:4746$2502'.
  created $dff cell `$procdff$3609' with positive edge clock.
Creating register for signal `\AecWarpRequestLaneBank.\operandCapture_1_4' using process `\AecWarpRequestLaneBank.$proc$rtl/sv/generated/fp32/AecFp32Unit.sv:4746$2502'.
  created $dff cell `$procdff$3610' with positive edge clock.
Creating register for signal `\AecWarpRequestLaneBank.\operandCapture_1_5' using process `\AecWarpRequestLaneBank.$proc$rtl/sv/generated/fp32/AecFp32Unit.sv:4746$2502'.
  created $dff cell `$procdff$3611' with positive edge clock.
Creating register for signal `\AecWarpRequestLaneBank.\operandCapture_1_6' using process `\AecWarpRequestLaneBank.$proc$rtl/sv/generated/fp32/AecFp32Unit.sv:4746$2502'.
  created $dff cell `$procdff$3612' with positive edge clock.
Creating register for signal `\AecWarpRequestLaneBank.\operandCapture_1_7' using process `\AecWarpRequestLaneBank.$proc$rtl/sv/generated/fp32/AecFp32Unit.sv:4746$2502'.
  created $dff cell `$procdff$3613' with positive edge clock.
Creating register for signal `\AecWarpRequestLaneBank.\operandCapture_1_8' using process `\AecWarpRequestLaneBank.$proc$rtl/sv/generated/fp32/AecFp32Unit.sv:4746$2502'.
  created $dff cell `$procdff$3614' with positive edge clock.
Creating register for signal `\AecWarpRequestLaneBank.\operandCapture_1_9' using process `\AecWarpRequestLaneBank.$proc$rtl/sv/generated/fp32/AecFp32Unit.sv:4746$2502'.
  created $dff cell `$procdff$3615' with positive edge clock.
Creating register for signal `\AecWarpRequestLaneBank.\operandCapture_1_10' using process `\AecWarpRequestLaneBank.$proc$rtl/sv/generated/fp32/AecFp32Unit.sv:4746$2502'.
  created $dff cell `$procdff$3616' with positive edge clock.
Creating register for signal `\AecWarpRequestLaneBank.\operandCapture_1_11' using process `\AecWarpRequestLaneBank.$proc$rtl/sv/generated/fp32/AecFp32Unit.sv:4746$2502'.
  created $dff cell `$procdff$3617' with positive edge clock.
Creating register for signal `\AecWarpRequestLaneBank.\operandCapture_2_0' using process `\AecWarpRequestLaneBank.$proc$rtl/sv/generated/fp32/AecFp32Unit.sv:4746$2502'.
  created $dff cell `$procdff$3618' with positive edge clock.
Creating register for signal `\AecWarpRequestLaneBank.\operandCapture_2_1' using process `\AecWarpRequestLaneBank.$proc$rtl/sv/generated/fp32/AecFp32Unit.sv:4746$2502'.
  created $dff cell `$procdff$3619' with positive edge clock.
Creating register for signal `\AecWarpRequestLaneBank.\operandCapture_2_2' using process `\AecWarpRequestLaneBank.$proc$rtl/sv/generated/fp32/AecFp32Unit.sv:4746$2502'.
  created $dff cell `$procdff$3620' with positive edge clock.
Creating register for signal `\AecWarpRequestLaneBank.\operandCapture_2_3' using process `\AecWarpRequestLaneBank.$proc$rtl/sv/generated/fp32/AecFp32Unit.sv:4746$2502'.
  created $dff cell `$procdff$3621' with positive edge clock.
Creating register for signal `\AecWarpRequestLaneBank.\operandCapture_2_4' using process `\AecWarpRequestLaneBank.$proc$rtl/sv/generated/fp32/AecFp32Unit.sv:4746$2502'.
  created $dff cell `$procdff$3622' with positive edge clock.
Creating register for signal `\AecWarpRequestLaneBank.\operandCapture_2_5' using process `\AecWarpRequestLaneBank.$proc$rtl/sv/generated/fp32/AecFp32Unit.sv:4746$2502'.
  created $dff cell `$procdff$3623' with positive edge clock.
Creating register for signal `\AecWarpRequestLaneBank.\operandCapture_2_6' using process `\AecWarpRequestLaneBank.$proc$rtl/sv/generated/fp32/AecFp32Unit.sv:4746$2502'.
  created $dff cell `$procdff$3624' with positive edge clock.
Creating register for signal `\AecWarpRequestLaneBank.\operandCapture_2_7' using process `\AecWarpRequestLaneBank.$proc$rtl/sv/generated/fp32/AecFp32Unit.sv:4746$2502'.
  created $dff cell `$procdff$3625' with positive edge clock.
Creating register for signal `\AecWarpRequestLaneBank.\operandCapture_2_8' using process `\AecWarpRequestLaneBank.$proc$rtl/sv/generated/fp32/AecFp32Unit.sv:4746$2502'.
  created $dff cell `$procdff$3626' with positive edge clock.
Creating register for signal `\AecWarpRequestLaneBank.\operandCapture_2_9' using process `\AecWarpRequestLaneBank.$proc$rtl/sv/generated/fp32/AecFp32Unit.sv:4746$2502'.
  created $dff cell `$procdff$3627' with positive edge clock.
Creating register for signal `\AecWarpRequestLaneBank.\operandCapture_2_10' using process `\AecWarpRequestLaneBank.$proc$rtl/sv/generated/fp32/AecFp32Unit.sv:4746$2502'.
  created $dff cell `$procdff$3628' with positive edge clock.
Creating register for signal `\AecWarpRequestLaneBank.\operandCapture_2_11' using process `\AecWarpRequestLaneBank.$proc$rtl/sv/generated/fp32/AecFp32Unit.sv:4746$2502'.
  created $dff cell `$procdff$3629' with positive edge clock.
Creating register for signal `\AecWarpRequestLaneBank.\operandCapture_3_0' using process `\AecWarpRequestLaneBank.$proc$rtl/sv/generated/fp32/AecFp32Unit.sv:4746$2502'.
  created $dff cell `$procdff$3630' with positive edge clock.
Creating register for signal `\AecWarpRequestLaneBank.\operandCapture_3_1' using process `\AecWarpRequestLaneBank.$proc$rtl/sv/generated/fp32/AecFp32Unit.sv:4746$2502'.
  created $dff cell `$procdff$3631' with positive edge clock.
Creating register for signal `\AecWarpRequestLaneBank.\operandCapture_3_2' using process `\AecWarpRequestLaneBank.$proc$rtl/sv/generated/fp32/AecFp32Unit.sv:4746$2502'.
  created $dff cell `$procdff$3632' with positive edge clock.
Creating register for signal `\AecWarpRequestLaneBank.\operandCapture_3_3' using process `\AecWarpRequestLaneBank.$proc$rtl/sv/generated/fp32/AecFp32Unit.sv:4746$2502'.
  created $dff cell `$procdff$3633' with positive edge clock.
Creating register for signal `\AecWarpRequestLaneBank.\operandCapture_3_4' using process `\AecWarpRequestLaneBank.$proc$rtl/sv/generated/fp32/AecFp32Unit.sv:4746$2502'.
  created $dff cell `$procdff$3634' with positive edge clock.
Creating register for signal `\AecWarpRequestLaneBank.\operandCapture_3_5' using process `\AecWarpRequestLaneBank.$proc$rtl/sv/generated/fp32/AecFp32Unit.sv:4746$2502'.
  created $dff cell `$procdff$3635' with positive edge clock.
Creating register for signal `\AecWarpRequestLaneBank.\operandCapture_3_6' using process `\AecWarpRequestLaneBank.$proc$rtl/sv/generated/fp32/AecFp32Unit.sv:4746$2502'.
  created $dff cell `$procdff$3636' with positive edge clock.
Creating register for signal `\AecWarpRequestLaneBank.\operandCapture_3_7' using process `\AecWarpRequestLaneBank.$proc$rtl/sv/generated/fp32/AecFp32Unit.sv:4746$2502'.
  created $dff cell `$procdff$3637' with positive edge clock.
Creating register for signal `\AecWarpRequestLaneBank.\operandCapture_3_8' using process `\AecWarpRequestLaneBank.$proc$rtl/sv/generated/fp32/AecFp32Unit.sv:4746$2502'.
  created $dff cell `$procdff$3638' with positive edge clock.
Creating register for signal `\AecWarpRequestLaneBank.\operandCapture_3_9' using process `\AecWarpRequestLaneBank.$proc$rtl/sv/generated/fp32/AecFp32Unit.sv:4746$2502'.
  created $dff cell `$procdff$3639' with positive edge clock.
Creating register for signal `\AecWarpRequestLaneBank.\operandCapture_3_10' using process `\AecWarpRequestLaneBank.$proc$rtl/sv/generated/fp32/AecFp32Unit.sv:4746$2502'.
  created $dff cell `$procdff$3640' with positive edge clock.
Creating register for signal `\AecWarpRequestLaneBank.\operandCapture_3_11' using process `\AecWarpRequestLaneBank.$proc$rtl/sv/generated/fp32/AecFp32Unit.sv:4746$2502'.
  created $dff cell `$procdff$3641' with positive edge clock.
Creating register for signal `\AecWarpRequestLaneBank.\maskCapture_0' using process `\AecWarpRequestLaneBank.$proc$rtl/sv/generated/fp32/AecFp32Unit.sv:4746$2502'.
  created $dff cell `$procdff$3642' with positive edge clock.
Creating register for signal `\AecWarpRequestLaneBank.\maskCapture_1' using process `\AecWarpRequestLaneBank.$proc$rtl/sv/generated/fp32/AecFp32Unit.sv:4746$2502'.
  created $dff cell `$procdff$3643' with positive edge clock.
Creating register for signal `\AecWarpRequestLaneBank.\maskCapture_2' using process `\AecWarpRequestLaneBank.$proc$rtl/sv/generated/fp32/AecFp32Unit.sv:4746$2502'.
  created $dff cell `$procdff$3644' with positive edge clock.
Creating register for signal `\AecWarpRequestLaneBank.\maskCapture_3' using process `\AecWarpRequestLaneBank.$proc$rtl/sv/generated/fp32/AecFp32Unit.sv:4746$2502'.
  created $dff cell `$procdff$3645' with positive edge clock.
Creating register for signal `\AecWarpRequestLaneBank.\a_0_0' using process `\AecWarpRequestLaneBank.$proc$rtl/sv/generated/fp32/AecFp32Unit.sv:4746$2502'.
  created $dff cell `$procdff$3646' with positive edge clock.
Creating register for signal `\AecWarpRequestLaneBank.\a_0_1' using process `\AecWarpRequestLaneBank.$proc$rtl/sv/generated/fp32/AecFp32Unit.sv:4746$2502'.
  created $dff cell `$procdff$3647' with positive edge clock.
Creating register for signal `\AecWarpRequestLaneBank.\a_0_2' using process `\AecWarpRequestLaneBank.$proc$rtl/sv/generated/fp32/AecFp32Unit.sv:4746$2502'.
  created $dff cell `$procdff$3648' with positive edge clock.
Creating register for signal `\AecWarpRequestLaneBank.\a_0_3' using process `\AecWarpRequestLaneBank.$proc$rtl/sv/generated/fp32/AecFp32Unit.sv:4746$2502'.
  created $dff cell `$procdff$3649' with positive edge clock.
Creating register for signal `\AecWarpRequestLaneBank.\a_1_0' using process `\AecWarpRequestLaneBank.$proc$rtl/sv/generated/fp32/AecFp32Unit.sv:4746$2502'.
  created $dff cell `$procdff$3650' with positive edge clock.
Creating register for signal `\AecWarpRequestLaneBank.\a_1_1' using process `\AecWarpRequestLaneBank.$proc$rtl/sv/generated/fp32/AecFp32Unit.sv:4746$2502'.
  created $dff cell `$procdff$3651' with positive edge clock.
Creating register for signal `\AecWarpRequestLaneBank.\a_1_2' using process `\AecWarpRequestLaneBank.$proc$rtl/sv/generated/fp32/AecFp32Unit.sv:4746$2502'.
  created $dff cell `$procdff$3652' with positive edge clock.
Creating register for signal `\AecWarpRequestLaneBank.\a_1_3' using process `\AecWarpRequestLaneBank.$proc$rtl/sv/generated/fp32/AecFp32Unit.sv:4746$2502'.
  created $dff cell `$procdff$3653' with positive edge clock.
Creating register for signal `\AecWarpRequestLaneBank.\a_2_0' using process `\AecWarpRequestLaneBank.$proc$rtl/sv/generated/fp32/AecFp32Unit.sv:4746$2502'.
  created $dff cell `$procdff$3654' with positive edge clock.
Creating register for signal `\AecWarpRequestLaneBank.\a_2_1' using process `\AecWarpRequestLaneBank.$proc$rtl/sv/generated/fp32/AecFp32Unit.sv:4746$2502'.
  created $dff cell `$procdff$3655' with positive edge clock.
Creating register for signal `\AecWarpRequestLaneBank.\a_2_2' using process `\AecWarpRequestLaneBank.$proc$rtl/sv/generated/fp32/AecFp32Unit.sv:4746$2502'.
  created $dff cell `$procdff$3656' with positive edge clock.
Creating register for signal `\AecWarpRequestLaneBank.\a_2_3' using process `\AecWarpRequestLaneBank.$proc$rtl/sv/generated/fp32/AecFp32Unit.sv:4746$2502'.
  created $dff cell `$procdff$3657' with positive edge clock.
Creating register for signal `\AecWarpRequestLaneBank.\a_3_0' using process `\AecWarpRequestLaneBank.$proc$rtl/sv/generated/fp32/AecFp32Unit.sv:4746$2502'.
  created $dff cell `$procdff$3658' with positive edge clock.
Creating register for signal `\AecWarpRequestLaneBank.\a_3_1' using process `\AecWarpRequestLaneBank.$proc$rtl/sv/generated/fp32/AecFp32Unit.sv:4746$2502'.
  created $dff cell `$procdff$3659' with positive edge clock.
Creating register for signal `\AecWarpRequestLaneBank.\a_3_2' using process `\AecWarpRequestLaneBank.$proc$rtl/sv/generated/fp32/AecFp32Unit.sv:4746$2502'.
  created $dff cell `$procdff$3660' with positive edge clock.
Creating register for signal `\AecWarpRequestLaneBank.\a_3_3' using process `\AecWarpRequestLaneBank.$proc$rtl/sv/generated/fp32/AecFp32Unit.sv:4746$2502'.
  created $dff cell `$procdff$3661' with positive edge clock.
Creating register for signal `\AecWarpRequestLaneBank.\b_0_0' using process `\AecWarpRequestLaneBank.$proc$rtl/sv/generated/fp32/AecFp32Unit.sv:4746$2502'.
  created $dff cell `$procdff$3662' with positive edge clock.
Creating register for signal `\AecWarpRequestLaneBank.\b_0_1' using process `\AecWarpRequestLaneBank.$proc$rtl/sv/generated/fp32/AecFp32Unit.sv:4746$2502'.
  created $dff cell `$procdff$3663' with positive edge clock.
Creating register for signal `\AecWarpRequestLaneBank.\b_0_2' using process `\AecWarpRequestLaneBank.$proc$rtl/sv/generated/fp32/AecFp32Unit.sv:4746$2502'.
  created $dff cell `$procdff$3664' with positive edge clock.
Creating register for signal `\AecWarpRequestLaneBank.\b_0_3' using process `\AecWarpRequestLaneBank.$proc$rtl/sv/generated/fp32/AecFp32Unit.sv:4746$2502'.
  created $dff cell `$procdff$3665' with positive edge clock.
Creating register for signal `\AecWarpRequestLaneBank.\b_1_0' using process `\AecWarpRequestLaneBank.$proc$rtl/sv/generated/fp32/AecFp32Unit.sv:4746$2502'.
  created $dff cell `$procdff$3666' with positive edge clock.
Creating register for signal `\AecWarpRequestLaneBank.\b_1_1' using process `\AecWarpRequestLaneBank.$proc$rtl/sv/generated/fp32/AecFp32Unit.sv:4746$2502'.
  created $dff cell `$procdff$3667' with positive edge clock.
Creating register for signal `\AecWarpRequestLaneBank.\b_1_2' using process `\AecWarpRequestLaneBank.$proc$rtl/sv/generated/fp32/AecFp32Unit.sv:4746$2502'.
  created $dff cell `$procdff$3668' with positive edge clock.
Creating register for signal `\AecWarpRequestLaneBank.\b_1_3' using process `\AecWarpRequestLaneBank.$proc$rtl/sv/generated/fp32/AecFp32Unit.sv:4746$2502'.
  created $dff cell `$procdff$3669' with positive edge clock.
Creating register for signal `\AecWarpRequestLaneBank.\b_2_0' using process `\AecWarpRequestLaneBank.$proc$rtl/sv/generated/fp32/AecFp32Unit.sv:4746$2502'.
  created $dff cell `$procdff$3670' with positive edge clock.
Creating register for signal `\AecWarpRequestLaneBank.\b_2_1' using process `\AecWarpRequestLaneBank.$proc$rtl/sv/generated/fp32/AecFp32Unit.sv:4746$2502'.
  created $dff cell `$procdff$3671' with positive edge clock.
Creating register for signal `\AecWarpRequestLaneBank.\b_2_2' using process `\AecWarpRequestLaneBank.$proc$rtl/sv/generated/fp32/AecFp32Unit.sv:4746$2502'.
  created $dff cell `$procdff$3672' with positive edge clock.
Creating register for signal `\AecWarpRequestLaneBank.\b_2_3' using process `\AecWarpRequestLaneBank.$proc$rtl/sv/generated/fp32/AecFp32Unit.sv:4746$2502'.
  created $dff cell `$procdff$3673' with positive edge clock.
Creating register for signal `\AecWarpRequestLaneBank.\b_3_0' using process `\AecWarpRequestLaneBank.$proc$rtl/sv/generated/fp32/AecFp32Unit.sv:4746$2502'.
  created $dff cell `$procdff$3674' with positive edge clock.
Creating register for signal `\AecWarpRequestLaneBank.\b_3_1' using process `\AecWarpRequestLaneBank.$proc$rtl/sv/generated/fp32/AecFp32Unit.sv:4746$2502'.
  created $dff cell `$procdff$3675' with positive edge clock.
Creating register for signal `\AecWarpRequestLaneBank.\b_3_2' using process `\AecWarpRequestLaneBank.$proc$rtl/sv/generated/fp32/AecFp32Unit.sv:4746$2502'.
  created $dff cell `$procdff$3676' with positive edge clock.
Creating register for signal `\AecWarpRequestLaneBank.\b_3_3' using process `\AecWarpRequestLaneBank.$proc$rtl/sv/generated/fp32/AecFp32Unit.sv:4746$2502'.
  created $dff cell `$procdff$3677' with positive edge clock.
Creating register for signal `\AecWarpRequestLaneBank.\c_0_0' using process `\AecWarpRequestLaneBank.$proc$rtl/sv/generated/fp32/AecFp32Unit.sv:4746$2502'.
  created $dff cell `$procdff$3678' with positive edge clock.
Creating register for signal `\AecWarpRequestLaneBank.\c_0_1' using process `\AecWarpRequestLaneBank.$proc$rtl/sv/generated/fp32/AecFp32Unit.sv:4746$2502'.
  created $dff cell `$procdff$3679' with positive edge clock.
Creating register for signal `\AecWarpRequestLaneBank.\c_0_2' using process `\AecWarpRequestLaneBank.$proc$rtl/sv/generated/fp32/AecFp32Unit.sv:4746$2502'.
  created $dff cell `$procdff$3680' with positive edge clock.
Creating register for signal `\AecWarpRequestLaneBank.\c_0_3' using process `\AecWarpRequestLaneBank.$proc$rtl/sv/generated/fp32/AecFp32Unit.sv:4746$2502'.
  created $dff cell `$procdff$3681' with positive edge clock.
Creating register for signal `\AecWarpRequestLaneBank.\c_1_0' using process `\AecWarpRequestLaneBank.$proc$rtl/sv/generated/fp32/AecFp32Unit.sv:4746$2502'.
  created $dff cell `$procdff$3682' with positive edge clock.
Creating register for signal `\AecWarpRequestLaneBank.\c_1_1' using process `\AecWarpRequestLaneBank.$proc$rtl/sv/generated/fp32/AecFp32Unit.sv:4746$2502'.
  created $dff cell `$procdff$3683' with positive edge clock.
Creating register for signal `\AecWarpRequestLaneBank.\c_1_2' using process `\AecWarpRequestLaneBank.$proc$rtl/sv/generated/fp32/AecFp32Unit.sv:4746$2502'.
  created $dff cell `$procdff$3684' with positive edge clock.
Creating register for signal `\AecWarpRequestLaneBank.\c_1_3' using process `\AecWarpRequestLaneBank.$proc$rtl/sv/generated/fp32/AecFp32Unit.sv:4746$2502'.
  created $dff cell `$procdff$3685' with positive edge clock.
Creating register for signal `\AecWarpRequestLaneBank.\c_2_0' using process `\AecWarpRequestLaneBank.$proc$rtl/sv/generated/fp32/AecFp32Unit.sv:4746$2502'.
  created $dff cell `$procdff$3686' with positive edge clock.
Creating register for signal `\AecWarpRequestLaneBank.\c_2_1' using process `\AecWarpRequestLaneBank.$proc$rtl/sv/generated/fp32/AecFp32Unit.sv:4746$2502'.
  created $dff cell `$procdff$3687' with positive edge clock.
Creating register for signal `\AecWarpRequestLaneBank.\c_2_2' using process `\AecWarpRequestLaneBank.$proc$rtl/sv/generated/fp32/AecFp32Unit.sv:4746$2502'.
  created $dff cell `$procdff$3688' with positive edge clock.
Creating register for signal `\AecWarpRequestLaneBank.\c_2_3' using process `\AecWarpRequestLaneBank.$proc$rtl/sv/generated/fp32/AecFp32Unit.sv:4746$2502'.
  created $dff cell `$procdff$3689' with positive edge clock.
Creating register for signal `\AecWarpRequestLaneBank.\c_3_0' using process `\AecWarpRequestLaneBank.$proc$rtl/sv/generated/fp32/AecFp32Unit.sv:4746$2502'.
  created $dff cell `$procdff$3690' with positive edge clock.
Creating register for signal `\AecWarpRequestLaneBank.\c_3_1' using process `\AecWarpRequestLaneBank.$proc$rtl/sv/generated/fp32/AecFp32Unit.sv:4746$2502'.
  created $dff cell `$procdff$3691' with positive edge clock.
Creating register for signal `\AecWarpRequestLaneBank.\c_3_2' using process `\AecWarpRequestLaneBank.$proc$rtl/sv/generated/fp32/AecFp32Unit.sv:4746$2502'.
  created $dff cell `$procdff$3692' with positive edge clock.
Creating register for signal `\AecWarpRequestLaneBank.\c_3_3' using process `\AecWarpRequestLaneBank.$proc$rtl/sv/generated/fp32/AecFp32Unit.sv:4746$2502'.
  created $dff cell `$procdff$3693' with positive edge clock.
Creating register for signal `\AecWarpRequestLaneBank.\active_0' using process `\AecWarpRequestLaneBank.$proc$rtl/sv/generated/fp32/AecFp32Unit.sv:4746$2502'.
  created $dff cell `$procdff$3694' with positive edge clock.
Creating register for signal `\AecWarpRequestLaneBank.\active_1' using process `\AecWarpRequestLaneBank.$proc$rtl/sv/generated/fp32/AecFp32Unit.sv:4746$2502'.
  created $dff cell `$procdff$3695' with positive edge clock.
Creating register for signal `\AecWarpRequestLaneBank.\active_2' using process `\AecWarpRequestLaneBank.$proc$rtl/sv/generated/fp32/AecFp32Unit.sv:4746$2502'.
  created $dff cell `$procdff$3696' with positive edge clock.
Creating register for signal `\AecWarpRequestLaneBank.\active_3' using process `\AecWarpRequestLaneBank.$proc$rtl/sv/generated/fp32/AecFp32Unit.sv:4746$2502'.
  created $dff cell `$procdff$3697' with positive edge clock.
Creating register for signal `\AecFpWarpRequestStage.\dataValid' using process `\AecFpWarpRequestStage.$proc$rtl/sv/generated/fp32/AecFp32Unit.sv:4344$2501'.
  created $dff cell `$procdff$3698' with positive edge clock.
Creating register for signal `\AecFpWarpRequestStage.\data_op' using process `\AecFpWarpRequestStage.$proc$rtl/sv/generated/fp32/AecFp32Unit.sv:4344$2501'.
  created $dff cell `$procdff$3699' with positive edge clock.
Creating register for signal `\AecFpWarpRequestStage.\data_dtype' using process `\AecFpWarpRequestStage.$proc$rtl/sv/generated/fp32/AecFp32Unit.sv:4344$2501'.
  created $dff cell `$procdff$3700' with positive edge clock.
Creating register for signal `\AecFpWarpRequestStage.\data_a' using process `\AecFpWarpRequestStage.$proc$rtl/sv/generated/fp32/AecFp32Unit.sv:4344$2501'.
  created $dff cell `$procdff$3701' with positive edge clock.
Creating register for signal `\AecFpWarpRequestStage.\data_b' using process `\AecFpWarpRequestStage.$proc$rtl/sv/generated/fp32/AecFp32Unit.sv:4344$2501'.
  created $dff cell `$procdff$3702' with positive edge clock.
Creating register for signal `\AecFpWarpRequestStage.\data_c' using process `\AecFpWarpRequestStage.$proc$rtl/sv/generated/fp32/AecFp32Unit.sv:4344$2501'.
  created $dff cell `$procdff$3703' with positive edge clock.
Creating register for signal `\AecFpWarpRequestStage.\selectValid' using process `\AecFpWarpRequestStage.$proc$rtl/sv/generated/fp32/AecFp32Unit.sv:4344$2501'.
  created $dff cell `$procdff$3704' with positive edge clock.
Creating register for signal `\AecFpWarpRequestStage.\selectedGroup' using process `\AecFpWarpRequestStage.$proc$rtl/sv/generated/fp32/AecFp32Unit.sv:4344$2501'.
  created $dff cell `$procdff$3705' with positive edge clock.
Creating register for signal `\AecFp32PipeUnit.\issueSeq' using process `\AecFp32PipeUnit.$proc$rtl/sv/generated/fp32/AecFp32Unit.sv:4240$2494'.
  created $dff cell `$procdff$3706' with positive edge clock.
Creating register for signal `\Queue_2.\enq_ptr_value' using process `\Queue_2.$proc$rtl/sv/generated/fp32/AecFp32Unit.sv:3110$1876'.
  created $dff cell `$procdff$3707' with positive edge clock.
Creating register for signal `\Queue_2.\deq_ptr_value' using process `\Queue_2.$proc$rtl/sv/generated/fp32/AecFp32Unit.sv:3110$1876'.
  created $dff cell `$procdff$3708' with positive edge clock.
Creating register for signal `\Queue_2.\maybe_full' using process `\Queue_2.$proc$rtl/sv/generated/fp32/AecFp32Unit.sv:3110$1876'.
  created $dff cell `$procdff$3709' with positive edge clock.
Creating register for signal `\Queue_2.$memwr$\ram_seq$rtl/sv/generated/fp32/AecFp32Unit.sv:3112$1851_ADDR' using process `\Queue_2.$proc$rtl/sv/generated/fp32/AecFp32Unit.sv:3110$1876'.
  created $dff cell `$procdff$3710' with positive edge clock.
Creating register for signal `\Queue_2.$memwr$\ram_seq$rtl/sv/generated/fp32/AecFp32Unit.sv:3112$1851_DATA' using process `\Queue_2.$proc$rtl/sv/generated/fp32/AecFp32Unit.sv:3110$1876'.
  created $dff cell `$procdff$3711' with positive edge clock.
Creating register for signal `\Queue_2.$memwr$\ram_seq$rtl/sv/generated/fp32/AecFp32Unit.sv:3112$1851_EN' using process `\Queue_2.$proc$rtl/sv/generated/fp32/AecFp32Unit.sv:3110$1876'.
  created $dff cell `$procdff$3712' with positive edge clock.
Creating register for signal `\Queue_2.$memwr$\ram_req_op$rtl/sv/generated/fp32/AecFp32Unit.sv:3115$1852_ADDR' using process `\Queue_2.$proc$rtl/sv/generated/fp32/AecFp32Unit.sv:3110$1876'.
  created $dff cell `$procdff$3713' with positive edge clock.
Creating register for signal `\Queue_2.$memwr$\ram_req_op$rtl/sv/generated/fp32/AecFp32Unit.sv:3115$1852_DATA' using process `\Queue_2.$proc$rtl/sv/generated/fp32/AecFp32Unit.sv:3110$1876'.
  created $dff cell `$procdff$3714' with positive edge clock.
Creating register for signal `\Queue_2.$memwr$\ram_req_op$rtl/sv/generated/fp32/AecFp32Unit.sv:3115$1852_EN' using process `\Queue_2.$proc$rtl/sv/generated/fp32/AecFp32Unit.sv:3110$1876'.
  created $dff cell `$procdff$3715' with positive edge clock.
Creating register for signal `\Queue_2.$memwr$\ram_req_dtype$rtl/sv/generated/fp32/AecFp32Unit.sv:3118$1853_ADDR' using process `\Queue_2.$proc$rtl/sv/generated/fp32/AecFp32Unit.sv:3110$1876'.
  created $dff cell `$procdff$3716' with positive edge clock.
Creating register for signal `\Queue_2.$memwr$\ram_req_dtype$rtl/sv/generated/fp32/AecFp32Unit.sv:3118$1853_DATA' using process `\Queue_2.$proc$rtl/sv/generated/fp32/AecFp32Unit.sv:3110$1876'.
  created $dff cell `$procdff$3717' with positive edge clock.
Creating register for signal `\Queue_2.$memwr$\ram_req_dtype$rtl/sv/generated/fp32/AecFp32Unit.sv:3118$1853_EN' using process `\Queue_2.$proc$rtl/sv/generated/fp32/AecFp32Unit.sv:3110$1876'.
  created $dff cell `$procdff$3718' with positive edge clock.
Creating register for signal `\Queue_2.$memwr$\ram_req_a$rtl/sv/generated/fp32/AecFp32Unit.sv:3121$1854_ADDR' using process `\Queue_2.$proc$rtl/sv/generated/fp32/AecFp32Unit.sv:3110$1876'.
  created $dff cell `$procdff$3719' with positive edge clock.
Creating register for signal `\Queue_2.$memwr$\ram_req_a$rtl/sv/generated/fp32/AecFp32Unit.sv:3121$1854_DATA' using process `\Queue_2.$proc$rtl/sv/generated/fp32/AecFp32Unit.sv:3110$1876'.
  created $dff cell `$procdff$3720' with positive edge clock.
Creating register for signal `\Queue_2.$memwr$\ram_req_a$rtl/sv/generated/fp32/AecFp32Unit.sv:3121$1854_EN' using process `\Queue_2.$proc$rtl/sv/generated/fp32/AecFp32Unit.sv:3110$1876'.
  created $dff cell `$procdff$3721' with positive edge clock.
Creating register for signal `\Queue_2.$memwr$\ram_req_b$rtl/sv/generated/fp32/AecFp32Unit.sv:3124$1855_ADDR' using process `\Queue_2.$proc$rtl/sv/generated/fp32/AecFp32Unit.sv:3110$1876'.
  created $dff cell `$procdff$3722' with positive edge clock.
Creating register for signal `\Queue_2.$memwr$\ram_req_b$rtl/sv/generated/fp32/AecFp32Unit.sv:3124$1855_DATA' using process `\Queue_2.$proc$rtl/sv/generated/fp32/AecFp32Unit.sv:3110$1876'.
  created $dff cell `$procdff$3723' with positive edge clock.
Creating register for signal `\Queue_2.$memwr$\ram_req_b$rtl/sv/generated/fp32/AecFp32Unit.sv:3124$1855_EN' using process `\Queue_2.$proc$rtl/sv/generated/fp32/AecFp32Unit.sv:3110$1876'.
  created $dff cell `$procdff$3724' with positive edge clock.
Creating register for signal `\Queue_1.\enq_ptr_value' using process `\Queue_1.$proc$rtl/sv/generated/fp32/AecFp32Unit.sv:2913$1842'.
  created $dff cell `$procdff$3725' with positive edge clock.
Creating register for signal `\Queue_1.\deq_ptr_value' using process `\Queue_1.$proc$rtl/sv/generated/fp32/AecFp32Unit.sv:2913$1842'.
  created $dff cell `$procdff$3726' with positive edge clock.
Creating register for signal `\Queue_1.\maybe_full' using process `\Queue_1.$proc$rtl/sv/generated/fp32/AecFp32Unit.sv:2913$1842'.
  created $dff cell `$procdff$3727' with positive edge clock.
Creating register for signal `\Queue_1.$memwr$\ram$rtl/sv/generated/fp32/AecFp32Unit.sv:2915$1829_ADDR' using process `\Queue_1.$proc$rtl/sv/generated/fp32/AecFp32Unit.sv:2913$1842'.
  created $dff cell `$procdff$3728' with positive edge clock.
Creating register for signal `\Queue_1.$memwr$\ram$rtl/sv/generated/fp32/AecFp32Unit.sv:2915$1829_DATA' using process `\Queue_1.$proc$rtl/sv/generated/fp32/AecFp32Unit.sv:2913$1842'.
  created $dff cell `$procdff$3729' with positive edge clock.
Creating register for signal `\Queue_1.$memwr$\ram$rtl/sv/generated/fp32/AecFp32Unit.sv:2915$1829_EN' using process `\Queue_1.$proc$rtl/sv/generated/fp32/AecFp32Unit.sv:2913$1842'.
  created $dff cell `$procdff$3730' with positive edge clock.
Creating register for signal `\YunSuanFmaPipe.\outstanding' using process `\YunSuanFmaPipe.$proc$rtl/sv/generated/fp32/AecFp32Unit.sv:2759$1827'.
  created $dff cell `$procdff$3731' with positive edge clock.
Creating register for signal `\YunSuanFmaPipe.\valid0' using process `\YunSuanFmaPipe.$proc$rtl/sv/generated/fp32/AecFp32Unit.sv:2759$1827'.
  created $dff cell `$procdff$3732' with positive edge clock.
Creating register for signal `\YunSuanFmaPipe.\valid1' using process `\YunSuanFmaPipe.$proc$rtl/sv/generated/fp32/AecFp32Unit.sv:2759$1827'.
  created $dff cell `$procdff$3733' with positive edge clock.
Creating register for signal `\YunSuanFmaPipe.\valid2' using process `\YunSuanFmaPipe.$proc$rtl/sv/generated/fp32/AecFp32Unit.sv:2759$1827'.
  created $dff cell `$procdff$3734' with positive edge clock.
Creating register for signal `\YunSuanFmaPipe.\meta0_seq' using process `\YunSuanFmaPipe.$proc$rtl/sv/generated/fp32/AecFp32Unit.sv:2759$1827'.
  created $dff cell `$procdff$3735' with positive edge clock.
Creating register for signal `\YunSuanFmaPipe.\meta0_dtype' using process `\YunSuanFmaPipe.$proc$rtl/sv/generated/fp32/AecFp32Unit.sv:2759$1827'.
  created $dff cell `$procdff$3736' with positive edge clock.
Creating register for signal `\YunSuanFmaPipe.\meta1_seq' using process `\YunSuanFmaPipe.$proc$rtl/sv/generated/fp32/AecFp32Unit.sv:2759$1827'.
  created $dff cell `$procdff$3737' with positive edge clock.
Creating register for signal `\YunSuanFmaPipe.\meta1_dtype' using process `\YunSuanFmaPipe.$proc$rtl/sv/generated/fp32/AecFp32Unit.sv:2759$1827'.
  created $dff cell `$procdff$3738' with positive edge clock.
Creating register for signal `\YunSuanFmaPipe.\meta2_seq' using process `\YunSuanFmaPipe.$proc$rtl/sv/generated/fp32/AecFp32Unit.sv:2759$1827'.
  created $dff cell `$procdff$3739' with positive edge clock.
Creating register for signal `\YunSuanFmaPipe.\meta2_dtype' using process `\YunSuanFmaPipe.$proc$rtl/sv/generated/fp32/AecFp32Unit.sv:2759$1827'.
  created $dff cell `$procdff$3740' with positive edge clock.
Creating register for signal `\Queue.\enq_ptr_value' using process `\Queue.$proc$rtl/sv/generated/fp32/AecFp32Unit.sv:2550$1782'.
  created $dff cell `$procdff$3741' with positive edge clock.
Creating register for signal `\Queue.\deq_ptr_value' using process `\Queue.$proc$rtl/sv/generated/fp32/AecFp32Unit.sv:2550$1782'.
  created $dff cell `$procdff$3742' with positive edge clock.
Creating register for signal `\Queue.\maybe_full' using process `\Queue.$proc$rtl/sv/generated/fp32/AecFp32Unit.sv:2550$1782'.
  created $dff cell `$procdff$3743' with positive edge clock.
Creating register for signal `\Queue.$memwr$\ram_result$rtl/sv/generated/fp32/AecFp32Unit.sv:2552$1759_ADDR' using process `\Queue.$proc$rtl/sv/generated/fp32/AecFp32Unit.sv:2550$1782'.
  created $dff cell `$procdff$3744' with positive edge clock.
Creating register for signal `\Queue.$memwr$\ram_result$rtl/sv/generated/fp32/AecFp32Unit.sv:2552$1759_DATA' using process `\Queue.$proc$rtl/sv/generated/fp32/AecFp32Unit.sv:2550$1782'.
  created $dff cell `$procdff$3745' with positive edge clock.
Creating register for signal `\Queue.$memwr$\ram_result$rtl/sv/generated/fp32/AecFp32Unit.sv:2552$1759_EN' using process `\Queue.$proc$rtl/sv/generated/fp32/AecFp32Unit.sv:2550$1782'.
  created $dff cell `$procdff$3746' with positive edge clock.
Creating register for signal `\Queue.$memwr$\ram_fflags$rtl/sv/generated/fp32/AecFp32Unit.sv:2555$1760_ADDR' using process `\Queue.$proc$rtl/sv/generated/fp32/AecFp32Unit.sv:2550$1782'.
  created $dff cell `$procdff$3747' with positive edge clock.
Creating register for signal `\Queue.$memwr$\ram_fflags$rtl/sv/generated/fp32/AecFp32Unit.sv:2555$1760_DATA' using process `\Queue.$proc$rtl/sv/generated/fp32/AecFp32Unit.sv:2550$1782'.
  created $dff cell `$procdff$3748' with positive edge clock.
Creating register for signal `\Queue.$memwr$\ram_fflags$rtl/sv/generated/fp32/AecFp32Unit.sv:2555$1760_EN' using process `\Queue.$proc$rtl/sv/generated/fp32/AecFp32Unit.sv:2550$1782'.
  created $dff cell `$procdff$3749' with positive edge clock.
Creating register for signal `\Queue.$memwr$\ram_seq$rtl/sv/generated/fp32/AecFp32Unit.sv:2558$1761_ADDR' using process `\Queue.$proc$rtl/sv/generated/fp32/AecFp32Unit.sv:2550$1782'.
  created $dff cell `$procdff$3750' with positive edge clock.
Creating register for signal `\Queue.$memwr$\ram_seq$rtl/sv/generated/fp32/AecFp32Unit.sv:2558$1761_DATA' using process `\Queue.$proc$rtl/sv/generated/fp32/AecFp32Unit.sv:2550$1782'.
  created $dff cell `$procdff$3751' with positive edge clock.
Creating register for signal `\Queue.$memwr$\ram_seq$rtl/sv/generated/fp32/AecFp32Unit.sv:2558$1761_EN' using process `\Queue.$proc$rtl/sv/generated/fp32/AecFp32Unit.sv:2550$1782'.
  created $dff cell `$procdff$3752' with positive edge clock.
Creating register for signal `\Queue.$memwr$\ram_dtype$rtl/sv/generated/fp32/AecFp32Unit.sv:2561$1762_ADDR' using process `\Queue.$proc$rtl/sv/generated/fp32/AecFp32Unit.sv:2550$1782'.
  created $dff cell `$procdff$3753' with positive edge clock.
Creating register for signal `\Queue.$memwr$\ram_dtype$rtl/sv/generated/fp32/AecFp32Unit.sv:2561$1762_DATA' using process `\Queue.$proc$rtl/sv/generated/fp32/AecFp32Unit.sv:2550$1782'.
  created $dff cell `$procdff$3754' with positive edge clock.
Creating register for signal `\Queue.$memwr$\ram_dtype$rtl/sv/generated/fp32/AecFp32Unit.sv:2561$1762_EN' using process `\Queue.$proc$rtl/sv/generated/fp32/AecFp32Unit.sv:2550$1782'.
  created $dff cell `$procdff$3755' with positive edge clock.
Creating register for signal `\FloatFMA.\fire_reg0_last_r' using process `\FloatFMA.$proc$rtl/sv/generated/fp32/AecFp32Unit.sv:2123$1736'.
  created $dff cell `$procdff$3756' with positive edge clock.
Creating register for signal `\FloatFMA.\fire_reg1_last_r' using process `\FloatFMA.$proc$rtl/sv/generated/fp32/AecFp32Unit.sv:2123$1736'.
  created $dff cell `$procdff$3757' with positive edge clock.
Creating register for signal `\FloatFMA.\rshift_guard_f16' using process `\FloatFMA.$proc$rtl/sv/generated/fp32/AecFp32Unit.sv:2123$1736'.
  created $dff cell `$procdff$3758' with positive edge clock.
Creating register for signal `\FloatFMA.\rshift_round_f16' using process `\FloatFMA.$proc$rtl/sv/generated/fp32/AecFp32Unit.sv:2123$1736'.
  created $dff cell `$procdff$3759' with positive edge clock.
Creating register for signal `\FloatFMA.\rshift_sticky_f16' using process `\FloatFMA.$proc$rtl/sv/generated/fp32/AecFp32Unit.sv:2123$1736'.
  created $dff cell `$procdff$3760' with positive edge clock.
Creating register for signal `\FloatFMA.\fp_c_rshiftValue_inv_f64_reg0' using process `\FloatFMA.$proc$rtl/sv/generated/fp32/AecFp32Unit.sv:2123$1736'.
  created $dff cell `$procdff$3761' with positive edge clock.
Creating register for signal `\FloatFMA.\CSA3to2_in_b_r' using process `\FloatFMA.$proc$rtl/sv/generated/fp32/AecFp32Unit.sv:2123$1736'.
  created $dff cell `$procdff$3762' with positive edge clock.
Creating register for signal `\FloatFMA.\adder_f32_r' using process `\FloatFMA.$proc$rtl/sv/generated/fp32/AecFp32Unit.sv:2123$1736'.
  created $dff cell `$procdff$3763' with positive edge clock.
Creating register for signal `\FloatFMA.\adder_is_negative_reg1' using process `\FloatFMA.$proc$rtl/sv/generated/fp32/AecFp32Unit.sv:2123$1736'.
  created $dff cell `$procdff$3764' with positive edge clock.
Creating register for signal `\FloatFMA.\adder_is_negative_f16_reg2' using process `\FloatFMA.$proc$rtl/sv/generated/fp32/AecFp32Unit.sv:2123$1736'.
  created $dff cell `$procdff$3765' with positive edge clock.
Creating register for signal `\FloatFMA.\E_greater_reg2_r' using process `\FloatFMA.$proc$rtl/sv/generated/fp32/AecFp32Unit.sv:2123$1736'.
  created $dff cell `$procdff$3766' with positive edge clock.
Creating register for signal `\FloatFMA.\E_greater_reg2_r_1' using process `\FloatFMA.$proc$rtl/sv/generated/fp32/AecFp32Unit.sv:2123$1736'.
  created $dff cell `$procdff$3767' with positive edge clock.
Creating register for signal `\FloatFMA.\E_greater_f64_reg2' using process `\FloatFMA.$proc$rtl/sv/generated/fp32/AecFp32Unit.sv:2123$1736'.
  created $dff cell `$procdff$3768' with positive edge clock.
Creating register for signal `\FloatFMA.\lshift_value_max_f64_reg0' using process `\FloatFMA.$proc$rtl/sv/generated/fp32/AecFp32Unit.sv:2123$1736'.
  created $dff cell `$procdff$3769' with positive edge clock.
Creating register for signal `\FloatFMA.\tzd_adder_reg1' using process `\FloatFMA.$proc$rtl/sv/generated/fp32/AecFp32Unit.sv:2123$1736'.
  created $dff cell `$procdff$3770' with positive edge clock.
Creating register for signal `\FloatFMA.\lzd_adder_inv_mask_reg1' using process `\FloatFMA.$proc$rtl/sv/generated/fp32/AecFp32Unit.sv:2123$1736'.
  created $dff cell `$procdff$3771' with positive edge clock.
Creating register for signal `\FloatFMA.\lshift_mask_valid_f16_reg1' using process `\FloatFMA.$proc$rtl/sv/generated/fp32/AecFp32Unit.sv:2123$1736'.
  created $dff cell `$procdff$3772' with positive edge clock.
Creating register for signal `\FloatFMA.\adder_f32_reg1' using process `\FloatFMA.$proc$rtl/sv/generated/fp32/AecFp32Unit.sv:2123$1736'.
  created $dff cell `$procdff$3773' with positive edge clock.
Creating register for signal `\FloatFMA.\fraction_result_no_round_f64_reg2' using process `\FloatFMA.$proc$rtl/sv/generated/fp32/AecFp32Unit.sv:2123$1736'.
  created $dff cell `$procdff$3774' with positive edge clock.
Creating register for signal `\FloatFMA.\sign_result_temp_f32_reg2_r' using process `\FloatFMA.$proc$rtl/sv/generated/fp32/AecFp32Unit.sv:2123$1736'.
  created $dff cell `$procdff$3775' with positive edge clock.
Creating register for signal `\FloatFMA.\sign_result_temp_f32_reg2_r_1' using process `\FloatFMA.$proc$rtl/sv/generated/fp32/AecFp32Unit.sv:2123$1736'.
  created $dff cell `$procdff$3776' with positive edge clock.
Creating register for signal `\FloatFMA.\sign_result_temp_f32_reg2_r_2' using process `\FloatFMA.$proc$rtl/sv/generated/fp32/AecFp32Unit.sv:2123$1736'.
  created $dff cell `$procdff$3777' with positive edge clock.
Creating register for signal `\FloatFMA.\sign_result_temp_f32_reg2' using process `\FloatFMA.$proc$rtl/sv/generated/fp32/AecFp32Unit.sv:2123$1736'.
  created $dff cell `$procdff$3778' with positive edge clock.
Creating register for signal `\FloatFMA.\sticky_f32_reg2_r' using process `\FloatFMA.$proc$rtl/sv/generated/fp32/AecFp32Unit.sv:2123$1736'.
  created $dff cell `$procdff$3779' with positive edge clock.
Creating register for signal `\FloatFMA.\sticky_f32_reg2' using process `\FloatFMA.$proc$rtl/sv/generated/fp32/AecFp32Unit.sv:2123$1736'.
  created $dff cell `$procdff$3780' with positive edge clock.
Creating register for signal `\FloatFMA.\sticky_uf_f32_reg2_r' using process `\FloatFMA.$proc$rtl/sv/generated/fp32/AecFp32Unit.sv:2123$1736'.
  created $dff cell `$procdff$3781' with positive edge clock.
Creating register for signal `\FloatFMA.\sticky_uf_f32_reg2' using process `\FloatFMA.$proc$rtl/sv/generated/fp32/AecFp32Unit.sv:2123$1736'.
  created $dff cell `$procdff$3782' with positive edge clock.
Creating register for signal `\FloatFMA.\round_lshift_f32_reg2' using process `\FloatFMA.$proc$rtl/sv/generated/fp32/AecFp32Unit.sv:2123$1736'.
  created $dff cell `$procdff$3783' with positive edge clock.
Creating register for signal `\FloatFMA.\guard_lshift_f32_reg2' using process `\FloatFMA.$proc$rtl/sv/generated/fp32/AecFp32Unit.sv:2123$1736'.
  created $dff cell `$procdff$3784' with positive edge clock.
Creating register for signal `\FloatFMA.\round_lshift_uf_f32_reg2' using process `\FloatFMA.$proc$rtl/sv/generated/fp32/AecFp32Unit.sv:2123$1736'.
  created $dff cell `$procdff$3785' with positive edge clock.
Creating register for signal `\FloatFMA.\is_fix_reg2' using process `\FloatFMA.$proc$rtl/sv/generated/fp32/AecFp32Unit.sv:2123$1736'.
  created $dff cell `$procdff$3786' with positive edge clock.
Creating register for signal `\FloatFMA.\lshift_value_reg2' using process `\FloatFMA.$proc$rtl/sv/generated/fp32/AecFp32Unit.sv:2123$1736'.
  created $dff cell `$procdff$3787' with positive edge clock.
Creating register for signal `\FloatFMA.\exponent_is_min_f32' using process `\FloatFMA.$proc$rtl/sv/generated/fp32/AecFp32Unit.sv:2123$1736'.
  created $dff cell `$procdff$3788' with positive edge clock.
Creating register for signal `\FloatFMA.\normal_result_is_zero_f32_reg2_r' using process `\FloatFMA.$proc$rtl/sv/generated/fp32/AecFp32Unit.sv:2123$1736'.
  created $dff cell `$procdff$3789' with positive edge clock.
Creating register for signal `\FloatFMA.\normal_result_is_zero_f32_reg2' using process `\FloatFMA.$proc$rtl/sv/generated/fp32/AecFp32Unit.sv:2123$1736'.
  created $dff cell `$procdff$3790' with positive edge clock.
Creating register for signal `\FloatFMA.\has_zero_f32_reg2_r' using process `\FloatFMA.$proc$rtl/sv/generated/fp32/AecFp32Unit.sv:2123$1736'.
  created $dff cell `$procdff$3791' with positive edge clock.
Creating register for signal `\FloatFMA.\has_zero_f32_reg2_r_1' using process `\FloatFMA.$proc$rtl/sv/generated/fp32/AecFp32Unit.sv:2123$1736'.
  created $dff cell `$procdff$3792' with positive edge clock.
Creating register for signal `\FloatFMA.\has_zero_f32_reg2_r_2' using process `\FloatFMA.$proc$rtl/sv/generated/fp32/AecFp32Unit.sv:2123$1736'.
  created $dff cell `$procdff$3793' with positive edge clock.
Creating register for signal `\FloatFMA.\fp_result_fp_a_or_b_is_zero_reg_r' using process `\FloatFMA.$proc$rtl/sv/generated/fp32/AecFp32Unit.sv:2123$1736'.
  created $dff cell `$procdff$3794' with positive edge clock.
Creating register for signal `\FloatFMA.\fp_result_fp_a_or_b_is_zero_reg_r_1' using process `\FloatFMA.$proc$rtl/sv/generated/fp32/AecFp32Unit.sv:2123$1736'.
  created $dff cell `$procdff$3795' with positive edge clock.
Creating register for signal `\FloatFMA.\fp_result_f64_fp_a_or_b_is_zero_reg2' using process `\FloatFMA.$proc$rtl/sv/generated/fp32/AecFp32Unit.sv:2123$1736'.
  created $dff cell `$procdff$3796' with positive edge clock.
Creating register for signal `\FloatFMA.\has_nan_f32_reg2_r' using process `\FloatFMA.$proc$rtl/sv/generated/fp32/AecFp32Unit.sv:2123$1736'.
  created $dff cell `$procdff$3797' with positive edge clock.
Creating register for signal `\FloatFMA.\has_nan_f32_reg2_r_1' using process `\FloatFMA.$proc$rtl/sv/generated/fp32/AecFp32Unit.sv:2123$1736'.
  created $dff cell `$procdff$3798' with positive edge clock.
Creating register for signal `\FloatFMA.\has_nan_f32_reg2' using process `\FloatFMA.$proc$rtl/sv/generated/fp32/AecFp32Unit.sv:2123$1736'.
  created $dff cell `$procdff$3799' with positive edge clock.
Creating register for signal `\FloatFMA.\has_nan_f32_is_NV_reg2_r' using process `\FloatFMA.$proc$rtl/sv/generated/fp32/AecFp32Unit.sv:2123$1736'.
  created $dff cell `$procdff$3800' with positive edge clock.
Creating register for signal `\FloatFMA.\has_nan_f32_is_NV_reg2_r_1' using process `\FloatFMA.$proc$rtl/sv/generated/fp32/AecFp32Unit.sv:2123$1736'.
  created $dff cell `$procdff$3801' with positive edge clock.
Creating register for signal `\FloatFMA.\has_nan_f32_is_NV_reg2' using process `\FloatFMA.$proc$rtl/sv/generated/fp32/AecFp32Unit.sv:2123$1736'.
  created $dff cell `$procdff$3802' with positive edge clock.
Creating register for signal `\FloatFMA.\has_inf_f32_reg2_r' using process `\FloatFMA.$proc$rtl/sv/generated/fp32/AecFp32Unit.sv:2123$1736'.
  created $dff cell `$procdff$3803' with positive edge clock.
Creating register for signal `\FloatFMA.\has_inf_f32_reg2_r_1' using process `\FloatFMA.$proc$rtl/sv/generated/fp32/AecFp32Unit.sv:2123$1736'.
  created $dff cell `$procdff$3804' with positive edge clock.
Creating register for signal `\FloatFMA.\has_inf_f32_reg2' using process `\FloatFMA.$proc$rtl/sv/generated/fp32/AecFp32Unit.sv:2123$1736'.
  created $dff cell `$procdff$3805' with positive edge clock.
Creating register for signal `\FloatFMA.\has_inf_f32_is_NV_reg2_r' using process `\FloatFMA.$proc$rtl/sv/generated/fp32/AecFp32Unit.sv:2123$1736'.
  created $dff cell `$procdff$3806' with positive edge clock.
Creating register for signal `\FloatFMA.\has_inf_f32_is_NV_reg2_r_1' using process `\FloatFMA.$proc$rtl/sv/generated/fp32/AecFp32Unit.sv:2123$1736'.
  created $dff cell `$procdff$3807' with positive edge clock.
Creating register for signal `\FloatFMA.\has_inf_f32_is_NV_reg2' using process `\FloatFMA.$proc$rtl/sv/generated/fp32/AecFp32Unit.sv:2123$1736'.
  created $dff cell `$procdff$3808' with positive edge clock.
Creating register for signal `\FloatFMA.\has_inf_f32_result_inf_sign_reg2_r' using process `\FloatFMA.$proc$rtl/sv/generated/fp32/AecFp32Unit.sv:2123$1736'.
  created $dff cell `$procdff$3809' with positive edge clock.
Creating register for signal `\FloatFMA.\has_inf_f32_result_inf_sign_reg2_r_1' using process `\FloatFMA.$proc$rtl/sv/generated/fp32/AecFp32Unit.sv:2123$1736'.
  created $dff cell `$procdff$3810' with positive edge clock.
Creating register for signal `\FloatFMA.\has_inf_f32_result_inf_sign_reg2' using process `\FloatFMA.$proc$rtl/sv/generated/fp32/AecFp32Unit.sv:2123$1736'.
  created $dff cell `$procdff$3811' with positive edge clock.
Creating register for signal `\FloatFMA.\fp_a_or_b_is_zero_f32_reg2_r' using process `\FloatFMA.$proc$rtl/sv/generated/fp32/AecFp32Unit.sv:2123$1736'.
  created $dff cell `$procdff$3812' with positive edge clock.
Creating register for signal `\FloatFMA.\fp_a_or_b_is_zero_f32_reg2_r_1' using process `\FloatFMA.$proc$rtl/sv/generated/fp32/AecFp32Unit.sv:2123$1736'.
  created $dff cell `$procdff$3813' with positive edge clock.
Creating register for signal `\FloatFMA.\fp_a_or_b_is_zero_f32_reg2' using process `\FloatFMA.$proc$rtl/sv/generated/fp32/AecFp32Unit.sv:2123$1736'.
  created $dff cell `$procdff$3814' with positive edge clock.
Creating register for signal `\CSA_Nto2With3to2MainPipeline.\U_CSA4to2_io_in_a_r' using process `\CSA_Nto2With3to2MainPipeline.$proc$rtl/sv/generated/fp32/AecFp32Unit.sv:1302$1287'.
  created $dff cell `$procdff$3815' with positive edge clock.
Creating register for signal `\CSA_Nto2With3to2MainPipeline.\U_CSA4to2_io_in_b_r' using process `\CSA_Nto2With3to2MainPipeline.$proc$rtl/sv/generated/fp32/AecFp32Unit.sv:1302$1287'.
  created $dff cell `$procdff$3816' with positive edge clock.
Creating register for signal `\CSA_Nto2With3to2MainPipeline.\U_CSA4to2_io_in_c_r' using process `\CSA_Nto2With3to2MainPipeline.$proc$rtl/sv/generated/fp32/AecFp32Unit.sv:1302$1287'.
  created $dff cell `$procdff$3817' with positive edge clock.
Creating register for signal `\CSA_Nto2With3to2MainPipeline.\U_CSA4to2_io_in_d_r' using process `\CSA_Nto2With3to2MainPipeline.$proc$rtl/sv/generated/fp32/AecFp32Unit.sv:1302$1287'.
  created $dff cell `$procdff$3818' with positive edge clock.

3.10. Executing PROC_MEMWR pass (convert process memory writes to cells).

3.11. Executing PROC_CLEAN pass (remove empty switches from decision trees).
Found and cleaned up 26 empty switches in `\AecFp32Unit.$proc$rtl/sv/generated/fp32/AecFp32Unit.sv:10096$2884'.
Removing empty process `AecFp32Unit.$proc$rtl/sv/generated/fp32/AecFp32Unit.sv:10096$2884'.
Found and cleaned up 9 empty switches in `\AecResultLaneBank.$proc$rtl/sv/generated/fp32/AecFp32Unit.sv:6447$2504'.
Removing empty process `AecResultLaneBank.$proc$rtl/sv/generated/fp32/AecFp32Unit.sv:6447$2504'.
Found and cleaned up 3 empty switches in `\AecWarpRequestBuffer.$proc$rtl/sv/generated/fp32/AecFp32Unit.sv:6349$2503'.
Removing empty process `AecWarpRequestBuffer.$proc$rtl/sv/generated/fp32/AecFp32Unit.sv:6349$2503'.
Found and cleaned up 104 empty switches in `\AecWarpRequestLaneBank.$proc$rtl/sv/generated/fp32/AecFp32Unit.sv:4746$2502'.
Removing empty process `AecWarpRequestLaneBank.$proc$rtl/sv/generated/fp32/AecFp32Unit.sv:4746$2502'.
Found and cleaned up 21 empty switches in `\AecFpWarpRequestStage.$proc$rtl/sv/generated/fp32/AecFp32Unit.sv:4344$2501'.
Removing empty process `AecFpWarpRequestStage.$proc$rtl/sv/generated/fp32/AecFp32Unit.sv:4344$2501'.
Found and cleaned up 2 empty switches in `\AecFp32PipeUnit.$proc$rtl/sv/generated/fp32/AecFp32Unit.sv:4240$2494'.
Removing empty process `AecFp32PipeUnit.$proc$rtl/sv/generated/fp32/AecFp32Unit.sv:4240$2494'.
Found and cleaned up 11 empty switches in `\Queue_2.$proc$rtl/sv/generated/fp32/AecFp32Unit.sv:3110$1876'.
Removing empty process `Queue_2.$proc$rtl/sv/generated/fp32/AecFp32Unit.sv:3110$1876'.
Found and cleaned up 7 empty switches in `\Queue_1.$proc$rtl/sv/generated/fp32/AecFp32Unit.sv:2913$1842'.
Removing empty process `Queue_1.$proc$rtl/sv/generated/fp32/AecFp32Unit.sv:2913$1842'.
Found and cleaned up 12 empty switches in `\YunSuanFmaPipe.$proc$rtl/sv/generated/fp32/AecFp32Unit.sv:2759$1827'.
Removing empty process `YunSuanFmaPipe.$proc$rtl/sv/generated/fp32/AecFp32Unit.sv:2759$1827'.
Found and cleaned up 10 empty switches in `\Queue.$proc$rtl/sv/generated/fp32/AecFp32Unit.sv:2550$1782'.
Removing empty process `Queue.$proc$rtl/sv/generated/fp32/AecFp32Unit.sv:2550$1782'.
Found and cleaned up 46 empty switches in `\FloatFMA.$proc$rtl/sv/generated/fp32/AecFp32Unit.sv:2123$1736'.
Removing empty process `FloatFMA.$proc$rtl/sv/generated/fp32/AecFp32Unit.sv:2123$1736'.
Removing empty process `CSA_Nto2With3to2MainPipeline.$proc$rtl/sv/generated/fp32/AecFp32Unit.sv:1302$1287'.
Cleaned up 251 empty switches.

3.12. Executing OPT_EXPR pass (perform const folding).
Optimizing module AecFp32Unit.
Optimizing module AecResultLaneBank.
Optimizing module AecWarpRequestBuffer.
Optimizing module AecWarpRequestLaneBank.
Optimizing module AecFpWarpRequestStage.
Optimizing module AecFp32PipeUnit.
<suppressed ~25 debug messages>
Optimizing module FPToFP_7.
Optimizing module FPDownConverter_1.
<suppressed ~2 debug messages>
Optimizing module ShiftRightJam_1.
Optimizing module RoundingUnit_2.
Optimizing module FPToFP_6.
Optimizing module FPUpConverter_5.
<suppressed ~2 debug messages>
Optimizing module CLZ_5.
Optimizing module FPToFP_5.
Optimizing module FPDownConverter.
<suppressed ~2 debug messages>
Optimizing module ShiftRightJam.
Optimizing module RoundingUnit.
Optimizing module CompareRecFN_1.
<suppressed ~2 debug messages>
Optimizing module CompareRecFN.
<suppressed ~2 debug messages>
Optimizing module FPToFP.
Optimizing module FPUpConverter.
<suppressed ~2 debug messages>
Optimizing module CLZ.
Optimizing module Queue_2.
<suppressed ~5 debug messages>
Optimizing module Queue_1.
<suppressed ~1 debug messages>
Optimizing module YunSuanFmaPipe.
<suppressed ~1 debug messages>
Optimizing module Queue.
<suppressed ~4 debug messages>
Optimizing module FloatFMA.
<suppressed ~59 debug messages>
Optimizing module CSA_Nto2With3to2MainPipeline.
Optimizing module CSA4to2.
Optimizing module CSA3to2.
Optimizing module BoothEncoderF64F32F16.

4. Executing OPT pass (performing simple optimizations).

4.1. Executing OPT_EXPR pass (perform const folding).
Optimizing module AecFp32Unit.
Optimizing module AecResultLaneBank.
Optimizing module AecWarpRequestBuffer.
Optimizing module AecWarpRequestLaneBank.
Optimizing module AecFpWarpRequestStage.
Optimizing module AecFp32PipeUnit.
Optimizing module FPToFP_7.
Optimizing module FPDownConverter_1.
Optimizing module ShiftRightJam_1.
Optimizing module RoundingUnit_2.
Optimizing module FPToFP_6.
Optimizing module FPUpConverter_5.
Optimizing module CLZ_5.
Optimizing module FPToFP_5.
Optimizing module FPDownConverter.
Optimizing module ShiftRightJam.
Optimizing module RoundingUnit.
Optimizing module CompareRecFN_1.
Optimizing module CompareRecFN.
Optimizing module FPToFP.
Optimizing module FPUpConverter.
Optimizing module CLZ.
Optimizing module Queue_2.
Optimizing module Queue_1.
Optimizing module YunSuanFmaPipe.
Optimizing module Queue.
Optimizing module FloatFMA.
Optimizing module CSA_Nto2With3to2MainPipeline.
Optimizing module CSA4to2.
Optimizing module CSA3to2.
Optimizing module BoothEncoderF64F32F16.

4.2. Executing OPT_MERGE pass (detect identical cells).
Finding identical cells in module `\AecFp32Unit'.
Computing hashes of 486 cells of `\AecFp32Unit'.
Finding duplicate cells in `\AecFp32Unit'.
Computing hashes of 406 cells of `\AecFp32Unit'.
Finding duplicate cells in `\AecFp32Unit'.
Computing hashes of 359 cells of `\AecFp32Unit'.
Finding duplicate cells in `\AecFp32Unit'.
Computing hashes of 314 cells of `\AecFp32Unit'.
Finding duplicate cells in `\AecFp32Unit'.
Computing hashes of 299 cells of `\AecFp32Unit'.
Finding duplicate cells in `\AecFp32Unit'.
<suppressed ~561 debug messages>
Finding identical cells in module `\AecResultLaneBank'.
Computing hashes of 18 cells of `\AecResultLaneBank'.
Finding duplicate cells in `\AecResultLaneBank'.
Finding identical cells in module `\AecWarpRequestBuffer'.
Computing hashes of 14 cells of `\AecWarpRequestBuffer'.
Finding duplicate cells in `\AecWarpRequestBuffer'.
Finding identical cells in module `\AecWarpRequestLaneBank'.
Computing hashes of 208 cells of `\AecWarpRequestLaneBank'.
Finding duplicate cells in `\AecWarpRequestLaneBank'.
Finding identical cells in module `\AecFpWarpRequestStage'.
Computing hashes of 35 cells of `\AecFpWarpRequestStage'.
Finding duplicate cells in `\AecFpWarpRequestStage'.
Computing hashes of 34 cells of `\AecFpWarpRequestStage'.
Finding duplicate cells in `\AecFpWarpRequestStage'.
Computing hashes of 33 cells of `\AecFpWarpRequestStage'.
Finding duplicate cells in `\AecFpWarpRequestStage'.
<suppressed ~6 debug messages>
Finding identical cells in module `\AecFp32PipeUnit'.
Computing hashes of 306 cells of `\AecFp32PipeUnit'.
Finding duplicate cells in `\AecFp32PipeUnit'.
Computing hashes of 293 cells of `\AecFp32PipeUnit'.
Finding duplicate cells in `\AecFp32PipeUnit'.
<suppressed ~39 debug messages>
Finding identical cells in module `\FPToFP_7'.
Computing hashes of 1 cells of `\FPToFP_7'.
Finding duplicate cells in `\FPToFP_7'.
Finding identical cells in module `\FPDownConverter_1'.
Computing hashes of 40 cells of `\FPDownConverter_1'.
Finding duplicate cells in `\FPDownConverter_1'.
Computing hashes of 38 cells of `\FPDownConverter_1'.
Finding duplicate cells in `\FPDownConverter_1'.
<suppressed ~6 debug messages>
Finding identical cells in module `\ShiftRightJam_1'.
Computing hashes of 9 cells of `\ShiftRightJam_1'.
Finding duplicate cells in `\ShiftRightJam_1'.
Finding identical cells in module `\RoundingUnit_2'.
Computing hashes of 9 cells of `\RoundingUnit_2'.
Finding duplicate cells in `\RoundingUnit_2'.
Finding identical cells in module `\FPToFP_6'.
Computing hashes of 1 cells of `\FPToFP_6'.
Finding duplicate cells in `\FPToFP_6'.
Finding identical cells in module `\FPUpConverter_5'.
Computing hashes of 24 cells of `\FPUpConverter_5'.
Finding duplicate cells in `\FPUpConverter_5'.
Finding identical cells in module `\CLZ_5'.
Computing hashes of 22 cells of `\CLZ_5'.
Finding duplicate cells in `\CLZ_5'.
Finding identical cells in module `\FPToFP_5'.
Computing hashes of 1 cells of `\FPToFP_5'.
Finding duplicate cells in `\FPToFP_5'.
Finding identical cells in module `\FPDownConverter'.
Computing hashes of 40 cells of `\FPDownConverter'.
Finding duplicate cells in `\FPDownConverter'.
Computing hashes of 38 cells of `\FPDownConverter'.
Finding duplicate cells in `\FPDownConverter'.
<suppressed ~6 debug messages>
Finding identical cells in module `\ShiftRightJam'.
Computing hashes of 9 cells of `\ShiftRightJam'.
Finding duplicate cells in `\ShiftRightJam'.
Finding identical cells in module `\RoundingUnit'.
Computing hashes of 9 cells of `\RoundingUnit'.
Finding duplicate cells in `\RoundingUnit'.
Finding identical cells in module `\CompareRecFN_1'.
Computing hashes of 48 cells of `\CompareRecFN_1'.
Finding duplicate cells in `\CompareRecFN_1'.
Computing hashes of 47 cells of `\CompareRecFN_1'.
Finding duplicate cells in `\CompareRecFN_1'.
<suppressed ~3 debug messages>
Finding identical cells in module `\CompareRecFN'.
Computing hashes of 48 cells of `\CompareRecFN'.
Finding duplicate cells in `\CompareRecFN'.
Computing hashes of 47 cells of `\CompareRecFN'.
Finding duplicate cells in `\CompareRecFN'.
<suppressed ~3 debug messages>
Finding identical cells in module `\FPToFP'.
Computing hashes of 1 cells of `\FPToFP'.
Finding duplicate cells in `\FPToFP'.
Finding identical cells in module `\FPUpConverter'.
Computing hashes of 24 cells of `\FPUpConverter'.
Finding duplicate cells in `\FPUpConverter'.
Finding identical cells in module `\CLZ'.
Computing hashes of 9 cells of `\CLZ'.
Finding duplicate cells in `\CLZ'.
Finding identical cells in module `\Queue_2'.
Computing hashes of 65 cells of `\Queue_2'.
Finding duplicate cells in `\Queue_2'.
Computing hashes of 60 cells of `\Queue_2'.
Finding duplicate cells in `\Queue_2'.
<suppressed ~15 debug messages>
Finding identical cells in module `\Queue_1'.
Computing hashes of 29 cells of `\Queue_1'.
Finding duplicate cells in `\Queue_1'.
Computing hashes of 28 cells of `\Queue_1'.
Finding duplicate cells in `\Queue_1'.
<suppressed ~3 debug messages>
Finding identical cells in module `\YunSuanFmaPipe'.
Computing hashes of 40 cells of `\YunSuanFmaPipe'.
Finding duplicate cells in `\YunSuanFmaPipe'.
Computing hashes of 39 cells of `\YunSuanFmaPipe'.
Finding duplicate cells in `\YunSuanFmaPipe'.
<suppressed ~3 debug messages>
Finding identical cells in module `\Queue'.
Computing hashes of 57 cells of `\Queue'.
Finding duplicate cells in `\Queue'.
Computing hashes of 53 cells of `\Queue'.
Finding duplicate cells in `\Queue'.
<suppressed ~12 debug messages>
Finding identical cells in module `\FloatFMA'.
Computing hashes of 521 cells of `\FloatFMA'.
Finding duplicate cells in `\FloatFMA'.
Computing hashes of 504 cells of `\FloatFMA'.
Finding duplicate cells in `\FloatFMA'.
Computing hashes of 503 cells of `\FloatFMA'.
Finding duplicate cells in `\FloatFMA'.
<suppressed ~54 debug messages>
Finding identical cells in module `\CSA_Nto2With3to2MainPipeline'.
Computing hashes of 26 cells of `\CSA_Nto2With3to2MainPipeline'.
Finding duplicate cells in `\CSA_Nto2With3to2MainPipeline'.
Finding identical cells in module `\CSA4to2'.
Computing hashes of 955 cells of `\CSA4to2'.
Finding duplicate cells in `\CSA4to2'.
Computing hashes of 744 cells of `\CSA4to2'.
Finding duplicate cells in `\CSA4to2'.
Computing hashes of 639 cells of `\CSA4to2'.
Finding duplicate cells in `\CSA4to2'.
<suppressed ~948 debug messages>
Finding identical cells in module `\CSA3to2'.
Computing hashes of 7 cells of `\CSA3to2'.
Finding duplicate cells in `\CSA3to2'.
Finding identical cells in module `\BoothEncoderF64F32F16'.
Computing hashes of 324 cells of `\BoothEncoderF64F32F16'.
Finding duplicate cells in `\BoothEncoderF64F32F16'.
Removed a total of 553 cells.

4.3. Executing OPT_MUXTREE pass (detect dead branches in mux trees).
Running muxtree optimizer on module \AecFp32Unit..
  Creating internal representation of mux trees.
  Evaluating internal representation of mux trees.
  Analyzing evaluation results.
Running muxtree optimizer on module \AecResultLaneBank..
  Creating internal representation of mux trees.
  Evaluating internal representation of mux trees.
  Analyzing evaluation results.
Running muxtree optimizer on module \AecWarpRequestBuffer..
  Creating internal representation of mux trees.
  Evaluating internal representation of mux trees.
  Analyzing evaluation results.
Running muxtree optimizer on module \AecWarpRequestLaneBank..
  Creating internal representation of mux trees.
  Evaluating internal representation of mux trees.
  Analyzing evaluation results.
Running muxtree optimizer on module \AecFpWarpRequestStage..
  Creating internal representation of mux trees.
  Evaluating internal representation of mux trees.
  Analyzing evaluation results.
Running muxtree optimizer on module \AecFp32PipeUnit..
  Creating internal representation of mux trees.
  Evaluating internal representation of mux trees.
  Analyzing evaluation results.
Running muxtree optimizer on module \FPToFP_7..
  Creating internal representation of mux trees.
  No muxes found in this module.
Running muxtree optimizer on module \FPDownConverter_1..
  Creating internal representation of mux trees.
  Evaluating internal representation of mux trees.
  Analyzing evaluation results.
Running muxtree optimizer on module \ShiftRightJam_1..
  Creating internal representation of mux trees.
  Evaluating internal representation of mux trees.
  Analyzing evaluation results.
Running muxtree optimizer on module \RoundingUnit_2..
  Creating internal representation of mux trees.
  Evaluating internal representation of mux trees.
  Analyzing evaluation results.
Running muxtree optimizer on module \FPToFP_6..
  Creating internal representation of mux trees.
  No muxes found in this module.
Running muxtree optimizer on module \FPUpConverter_5..
  Creating internal representation of mux trees.
  Evaluating internal representation of mux trees.
  Analyzing evaluation results.
Running muxtree optimizer on module \CLZ_5..
  Creating internal representation of mux trees.
  Evaluating internal representation of mux trees.
  Analyzing evaluation results.
Running muxtree optimizer on module \FPToFP_5..
  Creating internal representation of mux trees.
  No muxes found in this module.
Running muxtree optimizer on module \FPDownConverter..
  Creating internal representation of mux trees.
  Evaluating internal representation of mux trees.
  Analyzing evaluation results.
Running muxtree optimizer on module \ShiftRightJam..
  Creating internal representation of mux trees.
  Evaluating internal representation of mux trees.
  Analyzing evaluation results.
Running muxtree optimizer on module \RoundingUnit..
  Creating internal representation of mux trees.
  Evaluating internal representation of mux trees.
  Analyzing evaluation results.
Running muxtree optimizer on module \CompareRecFN_1..
  Creating internal representation of mux trees.
  No muxes found in this module.
Running muxtree optimizer on module \CompareRecFN..
  Creating internal representation of mux trees.
  No muxes found in this module.
Running muxtree optimizer on module \FPToFP..
  Creating internal representation of mux trees.
  No muxes found in this module.
Running muxtree optimizer on module \FPUpConverter..
  Creating internal representation of mux trees.
  Evaluating internal representation of mux trees.
  Analyzing evaluation results.
Running muxtree optimizer on module \CLZ..
  Creating internal representation of mux trees.
  Evaluating internal representation of mux trees.
  Analyzing evaluation results.
Running muxtree optimizer on module \Queue_2..
  Creating internal representation of mux trees.
  Evaluating internal representation of mux trees.
  Analyzing evaluation results.
Running muxtree optimizer on module \Queue_1..
  Creating internal representation of mux trees.
  Evaluating internal representation of mux trees.
  Analyzing evaluation results.
Running muxtree optimizer on module \YunSuanFmaPipe..
  Creating internal representation of mux trees.
  Evaluating internal representation of mux trees.
  Analyzing evaluation results.
Running muxtree optimizer on module \Queue..
  Creating internal representation of mux trees.
  Evaluating internal representation of mux trees.
  Analyzing evaluation results.
Running muxtree optimizer on module \FloatFMA..
  Creating internal representation of mux trees.
  Evaluating internal representation of mux trees.
  Analyzing evaluation results.
Running muxtree optimizer on module \CSA_Nto2With3to2MainPipeline..
  Creating internal representation of mux trees.
  No muxes found in this module.
Running muxtree optimizer on module \CSA4to2..
  Creating internal representation of mux trees.
  Evaluating internal representation of mux trees.
  Analyzing evaluation results.
Running muxtree optimizer on module \CSA3to2..
  Creating internal representation of mux trees.
  No muxes found in this module.
Running muxtree optimizer on module \BoothEncoderF64F32F16..
  Creating internal representation of mux trees.
  Evaluating internal representation of mux trees.
  Analyzing evaluation results.
Removed 0 multiplexer ports.
<suppressed ~1905 debug messages>

4.4. Executing OPT_REDUCE pass (consolidate $*mux and $reduce_* inputs).
  Optimizing cells in module \AecFp32Unit.
  Optimizing cells in module \AecResultLaneBank.
  Optimizing cells in module \AecWarpRequestBuffer.
  Optimizing cells in module \AecWarpRequestLaneBank.
  Optimizing cells in module \AecFpWarpRequestStage.
  Optimizing cells in module \AecFp32PipeUnit.
  Optimizing cells in module \FPToFP_7.
  Optimizing cells in module \FPDownConverter_1.
  Optimizing cells in module \ShiftRightJam_1.
  Optimizing cells in module \RoundingUnit_2.
  Optimizing cells in module \FPToFP_6.
  Optimizing cells in module \FPUpConverter_5.
  Optimizing cells in module \CLZ_5.
  Optimizing cells in module \FPToFP_5.
  Optimizing cells in module \FPDownConverter.
  Optimizing cells in module \ShiftRightJam.
  Optimizing cells in module \RoundingUnit.
  Optimizing cells in module \CompareRecFN_1.
  Optimizing cells in module \CompareRecFN.
  Optimizing cells in module \FPToFP.
  Optimizing cells in module \FPUpConverter.
  Optimizing cells in module \CLZ.
  Optimizing cells in module \Queue_2.
    Consolidated identical input bits for $mux cell $procmux$3342:
      Old ports: A=6'000000, B=6'111111, Y=$procmux$3342_Y
      New ports: A=1'0, B=1'1, Y=$procmux$3342_Y [0]
      New connections: $procmux$3342_Y [5:1] = { $procmux$3342_Y [0] $procmux$3342_Y [0] $procmux$3342_Y [0] $procmux$3342_Y [0] $procmux$3342_Y [0] }
    Consolidated identical input bits for $mux cell $procmux$3333:
      Old ports: A=7'0000000, B=7'1111111, Y=$procmux$3333_Y
      New ports: A=1'0, B=1'1, Y=$procmux$3333_Y [0]
      New connections: $procmux$3333_Y [6:1] = { $procmux$3333_Y [0] $procmux$3333_Y [0] $procmux$3333_Y [0] $procmux$3333_Y [0] $procmux$3333_Y [0] $procmux$3333_Y [0] }
    Consolidated identical input bits for $mux cell $procmux$3324:
      Old ports: A=4'0000, B=4'1111, Y=$procmux$3324_Y
      New ports: A=1'0, B=1'1, Y=$procmux$3324_Y [0]
      New connections: $procmux$3324_Y [3:1] = { $procmux$3324_Y [0] $procmux$3324_Y [0] $procmux$3324_Y [0] }
    Consolidated identical input bits for $mux cell $procmux$3315:
      Old ports: A=64'0000000000000000000000000000000000000000000000000000000000000000, B=64'1111111111111111111111111111111111111111111111111111111111111111, Y=$procmux$3315_Y
      New ports: A=1'0, B=1'1, Y=$procmux$3315_Y [0]
      New connections: $procmux$3315_Y [63:1] = { $procmux$3315_Y [0] $procmux$3315_Y [0] $procmux$3315_Y [0] $procmux$3315_Y [0] $procmux$3315_Y [0] $procmux$3315_Y [0] $procmux$3315_Y [0] $procmux$3315_Y [0] $procmux$3315_Y [0] $procmux$3315_Y [0] $procmux$3315_Y [0] $procmux$3315_Y [0] $procmux$3315_Y [0] $procmux$3315_Y [0] $procmux$3315_Y [0] $procmux$3315_Y [0] $procmux$3315_Y [0] $procmux$3315_Y [0] $procmux$3315_Y [0] $procmux$3315_Y [0] $procmux$3315_Y [0] $procmux$3315_Y [0] $procmux$3315_Y [0] $procmux$3315_Y [0] $procmux$3315_Y [0] $procmux$3315_Y [0] $procmux$3315_Y [0] $procmux$3315_Y [0] $procmux$3315_Y [0] $procmux$3315_Y [0] $procmux$3315_Y [0] $procmux$3315_Y [0] $procmux$3315_Y [0] $procmux$3315_Y [0] $procmux$3315_Y [0] $procmux$3315_Y [0] $procmux$3315_Y [0] $procmux$3315_Y [0] $procmux$3315_Y [0] $procmux$3315_Y [0] $procmux$3315_Y [0] $procmux$3315_Y [0] $procmux$3315_Y [0] $procmux$3315_Y [0] $procmux$3315_Y [0] $procmux$3315_Y [0] $procmux$3315_Y [0] $procmux$3315_Y [0] $procmux$3315_Y [0] $procmux$3315_Y [0] $procmux$3315_Y [0] $procmux$3315_Y [0] $procmux$3315_Y [0] $procmux$3315_Y [0] $procmux$3315_Y [0] $procmux$3315_Y [0] $procmux$3315_Y [0] $procmux$3315_Y [0] $procmux$3315_Y [0] $procmux$3315_Y [0] $procmux$3315_Y [0] $procmux$3315_Y [0] $procmux$3315_Y [0] }
    Consolidated identical input bits for $mux cell $procmux$3306:
      Old ports: A=64'0000000000000000000000000000000000000000000000000000000000000000, B=64'1111111111111111111111111111111111111111111111111111111111111111, Y=$procmux$3306_Y
      New ports: A=1'0, B=1'1, Y=$procmux$3306_Y [0]
      New connections: $procmux$3306_Y [63:1] = { $procmux$3306_Y [0] $procmux$3306_Y [0] $procmux$3306_Y [0] $procmux$3306_Y [0] $procmux$3306_Y [0] $procmux$3306_Y [0] $procmux$3306_Y [0] $procmux$3306_Y [0] $procmux$3306_Y [0] $procmux$3306_Y [0] $procmux$3306_Y [0] $procmux$3306_Y [0] $procmux$3306_Y [0] $procmux$3306_Y [0] $procmux$3306_Y [0] $procmux$3306_Y [0] $procmux$3306_Y [0] $procmux$3306_Y [0] $procmux$3306_Y [0] $procmux$3306_Y [0] $procmux$3306_Y [0] $procmux$3306_Y [0] $procmux$3306_Y [0] $procmux$3306_Y [0] $procmux$3306_Y [0] $procmux$3306_Y [0] $procmux$3306_Y [0] $procmux$3306_Y [0] $procmux$3306_Y [0] $procmux$3306_Y [0] $procmux$3306_Y [0] $procmux$3306_Y [0] $procmux$3306_Y [0] $procmux$3306_Y [0] $procmux$3306_Y [0] $procmux$3306_Y [0] $procmux$3306_Y [0] $procmux$3306_Y [0] $procmux$3306_Y [0] $procmux$3306_Y [0] $procmux$3306_Y [0] $procmux$3306_Y [0] $procmux$3306_Y [0] $procmux$3306_Y [0] $procmux$3306_Y [0] $procmux$3306_Y [0] $procmux$3306_Y [0] $procmux$3306_Y [0] $procmux$3306_Y [0] $procmux$3306_Y [0] $procmux$3306_Y [0] $procmux$3306_Y [0] $procmux$3306_Y [0] $procmux$3306_Y [0] $procmux$3306_Y [0] $procmux$3306_Y [0] $procmux$3306_Y [0] $procmux$3306_Y [0] $procmux$3306_Y [0] $procmux$3306_Y [0] $procmux$3306_Y [0] $procmux$3306_Y [0] $procmux$3306_Y [0] }
  Optimizing cells in module \Queue_2.
  Optimizing cells in module \Queue_1.
    Consolidated identical input bits for $mux cell $procmux$3366:
      Old ports: A=6'000000, B=6'111111, Y=$procmux$3366_Y
      New ports: A=1'0, B=1'1, Y=$procmux$3366_Y [0]
      New connections: $procmux$3366_Y [5:1] = { $procmux$3366_Y [0] $procmux$3366_Y [0] $procmux$3366_Y [0] $procmux$3366_Y [0] $procmux$3366_Y [0] }
  Optimizing cells in module \Queue_1.
  Optimizing cells in module \YunSuanFmaPipe.
  Optimizing cells in module \Queue.
    Consolidated identical input bits for $mux cell $procmux$3446:
      Old ports: A=64'0000000000000000000000000000000000000000000000000000000000000000, B=64'1111111111111111111111111111111111111111111111111111111111111111, Y=$procmux$3446_Y
      New ports: A=1'0, B=1'1, Y=$procmux$3446_Y [0]
      New connections: $procmux$3446_Y [63:1] = { $procmux$3446_Y [0] $procmux$3446_Y [0] $procmux$3446_Y [0] $procmux$3446_Y [0] $procmux$3446_Y [0] $procmux$3446_Y [0] $procmux$3446_Y [0] $procmux$3446_Y [0] $procmux$3446_Y [0] $procmux$3446_Y [0] $procmux$3446_Y [0] $procmux$3446_Y [0] $procmux$3446_Y [0] $procmux$3446_Y [0] $procmux$3446_Y [0] $procmux$3446_Y [0] $procmux$3446_Y [0] $procmux$3446_Y [0] $procmux$3446_Y [0] $procmux$3446_Y [0] $procmux$3446_Y [0] $procmux$3446_Y [0] $procmux$3446_Y [0] $procmux$3446_Y [0] $procmux$3446_Y [0] $procmux$3446_Y [0] $procmux$3446_Y [0] $procmux$3446_Y [0] $procmux$3446_Y [0] $procmux$3446_Y [0] $procmux$3446_Y [0] $procmux$3446_Y [0] $procmux$3446_Y [0] $procmux$3446_Y [0] $procmux$3446_Y [0] $procmux$3446_Y [0] $procmux$3446_Y [0] $procmux$3446_Y [0] $procmux$3446_Y [0] $procmux$3446_Y [0] $procmux$3446_Y [0] $procmux$3446_Y [0] $procmux$3446_Y [0] $procmux$3446_Y [0] $procmux$3446_Y [0] $procmux$3446_Y [0] $procmux$3446_Y [0] $procmux$3446_Y [0] $procmux$3446_Y [0] $procmux$3446_Y [0] $procmux$3446_Y [0] $procmux$3446_Y [0] $procmux$3446_Y [0] $procmux$3446_Y [0] $procmux$3446_Y [0] $procmux$3446_Y [0] $procmux$3446_Y [0] $procmux$3446_Y [0] $procmux$3446_Y [0] $procmux$3446_Y [0] $procmux$3446_Y [0] $procmux$3446_Y [0] $procmux$3446_Y [0] }
    Consolidated identical input bits for $mux cell $procmux$3437:
      Old ports: A=5'00000, B=5'11111, Y=$procmux$3437_Y
      New ports: A=1'0, B=1'1, Y=$procmux$3437_Y [0]
      New connections: $procmux$3437_Y [4:1] = { $procmux$3437_Y [0] $procmux$3437_Y [0] $procmux$3437_Y [0] $procmux$3437_Y [0] }
    Consolidated identical input bits for $mux cell $procmux$3428:
      Old ports: A=6'000000, B=6'111111, Y=$procmux$3428_Y
      New ports: A=1'0, B=1'1, Y=$procmux$3428_Y [0]
      New connections: $procmux$3428_Y [5:1] = { $procmux$3428_Y [0] $procmux$3428_Y [0] $procmux$3428_Y [0] $procmux$3428_Y [0] $procmux$3428_Y [0] }
    Consolidated identical input bits for $mux cell $procmux$3419:
      Old ports: A=4'0000, B=4'1111, Y=$procmux$3419_Y
      New ports: A=1'0, B=1'1, Y=$procmux$3419_Y [0]
      New connections: $procmux$3419_Y [3:1] = { $procmux$3419_Y [0] $procmux$3419_Y [0] $procmux$3419_Y [0] }
  Optimizing cells in module \Queue.
  Optimizing cells in module \FloatFMA.
    New input vector for $reduce_or cell $reduce_or$rtl/sv/generated/fp32/AecFp32Unit.sv:1989$1672: \io_fp_a [30:0]
    New input vector for $reduce_or cell $reduce_or$rtl/sv/generated/fp32/AecFp32Unit.sv:1990$1674: \io_fp_b [30:0]
    New input vector for $reduce_or cell $reduce_or$rtl/sv/generated/fp32/AecFp32Unit.sv:2141$1739: $ternary$rtl/sv/generated/fp32/AecFp32Unit.sv:1481$1299_Y [30:0]
  Optimizing cells in module \FloatFMA.
  Optimizing cells in module \CSA_Nto2With3to2MainPipeline.
  Optimizing cells in module \CSA4to2.
  Optimizing cells in module \CSA3to2.
  Optimizing cells in module \BoothEncoderF64F32F16.
Performed a total of 13 changes.

4.5. Executing OPT_MERGE pass (detect identical cells).
Finding identical cells in module `\AecFp32Unit'.
Computing hashes of 299 cells of `\AecFp32Unit'.
Finding duplicate cells in `\AecFp32Unit'.
Computing hashes of 290 cells of `\AecFp32Unit'.
Finding duplicate cells in `\AecFp32Unit'.
Computing hashes of 282 cells of `\AecFp32Unit'.
Finding duplicate cells in `\AecFp32Unit'.
<suppressed ~51 debug messages>
Finding identical cells in module `\AecResultLaneBank'.
Computing hashes of 18 cells of `\AecResultLaneBank'.
Finding duplicate cells in `\AecResultLaneBank'.
Finding identical cells in module `\AecWarpRequestBuffer'.
Computing hashes of 14 cells of `\AecWarpRequestBuffer'.
Finding duplicate cells in `\AecWarpRequestBuffer'.
Finding identical cells in module `\AecWarpRequestLaneBank'.
Computing hashes of 208 cells of `\AecWarpRequestLaneBank'.
Finding duplicate cells in `\AecWarpRequestLaneBank'.
Computing hashes of 157 cells of `\AecWarpRequestLaneBank'.
Finding duplicate cells in `\AecWarpRequestLaneBank'.
Computing hashes of 106 cells of `\AecWarpRequestLaneBank'.
Finding duplicate cells in `\AecWarpRequestLaneBank'.
<suppressed ~306 debug messages>
Finding identical cells in module `\AecFpWarpRequestStage'.
Computing hashes of 33 cells of `\AecFpWarpRequestStage'.
Finding duplicate cells in `\AecFpWarpRequestStage'.
Finding identical cells in module `\AecFp32PipeUnit'.
Computing hashes of 293 cells of `\AecFp32PipeUnit'.
Finding duplicate cells in `\AecFp32PipeUnit'.
Finding identical cells in module `\FPToFP_7'.
Computing hashes of 1 cells of `\FPToFP_7'.
Finding duplicate cells in `\FPToFP_7'.
Finding identical cells in module `\FPDownConverter_1'.
Computing hashes of 38 cells of `\FPDownConverter_1'.
Finding duplicate cells in `\FPDownConverter_1'.
Finding identical cells in module `\ShiftRightJam_1'.
Computing hashes of 9 cells of `\ShiftRightJam_1'.
Finding duplicate cells in `\ShiftRightJam_1'.
Finding identical cells in module `\RoundingUnit_2'.
Computing hashes of 9 cells of `\RoundingUnit_2'.
Finding duplicate cells in `\RoundingUnit_2'.
Finding identical cells in module `\FPToFP_6'.
Computing hashes of 1 cells of `\FPToFP_6'.
Finding duplicate cells in `\FPToFP_6'.
Finding identical cells in module `\FPUpConverter_5'.
Computing hashes of 24 cells of `\FPUpConverter_5'.
Finding duplicate cells in `\FPUpConverter_5'.
Finding identical cells in module `\CLZ_5'.
Computing hashes of 22 cells of `\CLZ_5'.
Finding duplicate cells in `\CLZ_5'.
Finding identical cells in module `\FPToFP_5'.
Computing hashes of 1 cells of `\FPToFP_5'.
Finding duplicate cells in `\FPToFP_5'.
Finding identical cells in module `\FPDownConverter'.
Computing hashes of 38 cells of `\FPDownConverter'.
Finding duplicate cells in `\FPDownConverter'.
Finding identical cells in module `\ShiftRightJam'.
Computing hashes of 9 cells of `\ShiftRightJam'.
Finding duplicate cells in `\ShiftRightJam'.
Finding identical cells in module `\RoundingUnit'.
Computing hashes of 9 cells of `\RoundingUnit'.
Finding duplicate cells in `\RoundingUnit'.
Finding identical cells in module `\CompareRecFN_1'.
Computing hashes of 47 cells of `\CompareRecFN_1'.
Finding duplicate cells in `\CompareRecFN_1'.
Finding identical cells in module `\CompareRecFN'.
Computing hashes of 47 cells of `\CompareRecFN'.
Finding duplicate cells in `\CompareRecFN'.
Finding identical cells in module `\FPToFP'.
Computing hashes of 1 cells of `\FPToFP'.
Finding duplicate cells in `\FPToFP'.
Finding identical cells in module `\FPUpConverter'.
Computing hashes of 24 cells of `\FPUpConverter'.
Finding duplicate cells in `\FPUpConverter'.
Finding identical cells in module `\CLZ'.
Computing hashes of 9 cells of `\CLZ'.
Finding duplicate cells in `\CLZ'.
Finding identical cells in module `\Queue_2'.
Computing hashes of 60 cells of `\Queue_2'.
Finding duplicate cells in `\Queue_2'.
Computing hashes of 52 cells of `\Queue_2'.
Finding duplicate cells in `\Queue_2'.
Computing hashes of 47 cells of `\Queue_2'.
Finding duplicate cells in `\Queue_2'.
<suppressed ~39 debug messages>
Finding identical cells in module `\Queue_1'.
Computing hashes of 28 cells of `\Queue_1'.
Finding duplicate cells in `\Queue_1'.
Finding identical cells in module `\YunSuanFmaPipe'.
Computing hashes of 39 cells of `\YunSuanFmaPipe'.
Finding duplicate cells in `\YunSuanFmaPipe'.
Finding identical cells in module `\Queue'.
Computing hashes of 53 cells of `\Queue'.
Finding duplicate cells in `\Queue'.
Computing hashes of 47 cells of `\Queue'.
Finding duplicate cells in `\Queue'.
Computing hashes of 44 cells of `\Queue'.
Finding duplicate cells in `\Queue'.
<suppressed ~27 debug messages>
Finding identical cells in module `\FloatFMA'.
Computing hashes of 503 cells of `\FloatFMA'.
Finding duplicate cells in `\FloatFMA'.
Finding identical cells in module `\CSA_Nto2With3to2MainPipeline'.
Computing hashes of 26 cells of `\CSA_Nto2With3to2MainPipeline'.
Finding duplicate cells in `\CSA_Nto2With3to2MainPipeline'.
Finding identical cells in module `\CSA4to2'.
Computing hashes of 639 cells of `\CSA4to2'.
Finding duplicate cells in `\CSA4to2'.
Finding identical cells in module `\CSA3to2'.
Computing hashes of 7 cells of `\CSA3to2'.
Finding duplicate cells in `\CSA3to2'.
Finding identical cells in module `\BoothEncoderF64F32F16'.
Computing hashes of 324 cells of `\BoothEncoderF64F32F16'.
Finding duplicate cells in `\BoothEncoderF64F32F16'.
Removed a total of 141 cells.

4.6. Executing OPT_DFF pass (perform DFF optimizations).
Adding SRST signal on $procdff$3571 ($dff) from module AecFp32Unit (D = $or$rtl/sv/generated/fp32/AecFp32Unit.sv:8018$2556_Y, Q = \groupIssued, rval = 1'0).
Adding SRST signal on $procdff$3572 ($dff) from module AecFp32Unit (D = $or$rtl/sv/generated/fp32/AecFp32Unit.sv:8019$2560_Y, Q = \commitPending, rval = 1'0).
Adding SRST signal on $procdff$3567 ($dff) from module AecFp32Unit (D = $or$rtl/sv/generated/fp32/AecFp32Unit.sv:8012$2547_Y, Q = \capturePending, rval = 1'0).
Adding SRST signal on $procdff$3570 ($dff) from module AecFp32Unit (D = $procmux$2929_Y, Q = \running, rval = 1'0).
Adding SRST signal on $procdff$3568 ($dff) from module AecFp32Unit (D = $procmux$2957_Y, Q = \group, rval = 1'0).
Adding EN signal on $auto$ff.cc:337:slice$3853 ($sdff) from module AecFp32Unit (D = $procmux$2957_Y, Q = \group).
Adding SRST signal on $procdff$3569 ($dff) from module AecFp32Unit (D = $procmux$2943_Y, Q = \outValid, rval = 1'0).
Adding SRST signal on $procdff$3582 ($dff) from module AecResultLaneBank (D = $procmux$2980_Y, Q = \result, rval = 64'0000000000000000000000000000000000000000000000000000000000000000).
Adding EN signal on $auto$ff.cc:337:slice$3860 ($sdff) from module AecResultLaneBank (D = \stagedResult, Q = \result).
Adding SRST signal on $procdff$3583 ($dff) from module AecResultLaneBank (D = $procmux$2975_Y, Q = \flags, rval = 5'00000).
Adding EN signal on $auto$ff.cc:337:slice$3862 ($sdff) from module AecResultLaneBank (D = \stagedFlags, Q = \flags).
Adding SRST signal on $procdff$3584 ($dff) from module AecResultLaneBank (D = $procmux$2970_Y, Q = \predicate, rval = 1'0).
Adding EN signal on $auto$ff.cc:337:slice$3864 ($sdff) from module AecResultLaneBank (D = \stagedPredicate, Q = \predicate).
Adding SRST signal on $procdff$3585 ($dff) from module AecResultLaneBank (D = $procmux$2965_Y, Q = \error, rval = 1'0).
Adding EN signal on $auto$ff.cc:337:slice$3866 ($sdff) from module AecResultLaneBank (D = \stagedError, Q = \error).
Adding SRST signal on $procdff$3586 ($dff) from module AecResultLaneBank (D = \io_write, Q = \pending, rval = 1'0).
Adding EN signal on $procdff$3591 ($dff) from module AecWarpRequestBuffer (D = \io_in_op, Q = \op).
Adding EN signal on $procdff$3592 ($dff) from module AecWarpRequestBuffer (D = \io_in_dtype, Q = \dtype).
Adding EN signal on $procdff$3593 ($dff) from module AecWarpRequestBuffer (D = \io_in_dest, Q = \dest).
Adding EN signal on $procdff$3647 ($dff) from module AecWarpRequestLaneBank (D = \io_inA_0 [31:16], Q = \a_0_1).
Adding EN signal on $procdff$3648 ($dff) from module AecWarpRequestLaneBank (D = \io_inA_0 [47:32], Q = \a_0_2).
Adding EN signal on $procdff$3649 ($dff) from module AecWarpRequestLaneBank (D = \io_inA_0 [63:48], Q = \a_0_3).
Adding EN signal on $procdff$3650 ($dff) from module AecWarpRequestLaneBank (D = \io_inA_1 [15:0], Q = \a_1_0).
Adding EN signal on $procdff$3651 ($dff) from module AecWarpRequestLaneBank (D = \io_inA_1 [31:16], Q = \a_1_1).
Adding EN signal on $procdff$3652 ($dff) from module AecWarpRequestLaneBank (D = \io_inA_1 [47:32], Q = \a_1_2).
Adding EN signal on $procdff$3653 ($dff) from module AecWarpRequestLaneBank (D = \io_inA_1 [63:48], Q = \a_1_3).
Adding EN signal on $procdff$3654 ($dff) from module AecWarpRequestLaneBank (D = \io_inA_2 [15:0], Q = \a_2_0).
Adding EN signal on $procdff$3655 ($dff) from module AecWarpRequestLaneBank (D = \io_inA_2 [31:16], Q = \a_2_1).
Adding EN signal on $procdff$3656 ($dff) from module AecWarpRequestLaneBank (D = \io_inA_2 [47:32], Q = \a_2_2).
Adding EN signal on $procdff$3657 ($dff) from module AecWarpRequestLaneBank (D = \io_inA_2 [63:48], Q = \a_2_3).
Adding EN signal on $procdff$3658 ($dff) from module AecWarpRequestLaneBank (D = \io_inA_3 [15:0], Q = \a_3_0).
Adding EN signal on $procdff$3659 ($dff) from module AecWarpRequestLaneBank (D = \io_inA_3 [31:16], Q = \a_3_1).
Adding EN signal on $procdff$3660 ($dff) from module AecWarpRequestLaneBank (D = \io_inA_3 [47:32], Q = \a_3_2).
Adding EN signal on $procdff$3661 ($dff) from module AecWarpRequestLaneBank (D = \io_inA_3 [63:48], Q = \a_3_3).
Adding EN signal on $procdff$3662 ($dff) from module AecWarpRequestLaneBank (D = \io_inB_0 [15:0], Q = \b_0_0).
Adding EN signal on $procdff$3663 ($dff) from module AecWarpRequestLaneBank (D = \io_inB_0 [31:16], Q = \b_0_1).
Adding EN signal on $procdff$3664 ($dff) from module AecWarpRequestLaneBank (D = \io_inB_0 [47:32], Q = \b_0_2).
Adding EN signal on $procdff$3665 ($dff) from module AecWarpRequestLaneBank (D = \io_inB_0 [63:48], Q = \b_0_3).
Adding EN signal on $procdff$3666 ($dff) from module AecWarpRequestLaneBank (D = \io_inB_1 [15:0], Q = \b_1_0).
Adding EN signal on $procdff$3667 ($dff) from module AecWarpRequestLaneBank (D = \io_inB_1 [31:16], Q = \b_1_1).
Adding EN signal on $procdff$3668 ($dff) from module AecWarpRequestLaneBank (D = \io_inB_1 [47:32], Q = \b_1_2).
Adding EN signal on $procdff$3669 ($dff) from module AecWarpRequestLaneBank (D = \io_inB_1 [63:48], Q = \b_1_3).
Adding EN signal on $procdff$3670 ($dff) from module AecWarpRequestLaneBank (D = \io_inB_2 [15:0], Q = \b_2_0).
Adding EN signal on $procdff$3671 ($dff) from module AecWarpRequestLaneBank (D = \io_inB_2 [31:16], Q = \b_2_1).
Adding EN signal on $procdff$3672 ($dff) from module AecWarpRequestLaneBank (D = \io_inB_2 [47:32], Q = \b_2_2).
Adding EN signal on $procdff$3673 ($dff) from module AecWarpRequestLaneBank (D = \io_inB_2 [63:48], Q = \b_2_3).
Adding EN signal on $procdff$3674 ($dff) from module AecWarpRequestLaneBank (D = \io_inB_3 [15:0], Q = \b_3_0).
Adding EN signal on $procdff$3675 ($dff) from module AecWarpRequestLaneBank (D = \io_inB_3 [31:16], Q = \b_3_1).
Adding EN signal on $procdff$3676 ($dff) from module AecWarpRequestLaneBank (D = \io_inB_3 [47:32], Q = \b_3_2).
Adding EN signal on $procdff$3677 ($dff) from module AecWarpRequestLaneBank (D = \io_inB_3 [63:48], Q = \b_3_3).
Adding EN signal on $procdff$3678 ($dff) from module AecWarpRequestLaneBank (D = \io_inC_0 [15:0], Q = \c_0_0).
Adding EN signal on $procdff$3679 ($dff) from module AecWarpRequestLaneBank (D = \io_inC_0 [31:16], Q = \c_0_1).
Adding EN signal on $procdff$3680 ($dff) from module AecWarpRequestLaneBank (D = \io_inC_0 [47:32], Q = \c_0_2).
Adding EN signal on $procdff$3681 ($dff) from module AecWarpRequestLaneBank (D = \io_inC_0 [63:48], Q = \c_0_3).
Adding EN signal on $procdff$3682 ($dff) from module AecWarpRequestLaneBank (D = \io_inC_1 [15:0], Q = \c_1_0).
Adding EN signal on $procdff$3683 ($dff) from module AecWarpRequestLaneBank (D = \io_inC_1 [31:16], Q = \c_1_1).
Adding EN signal on $procdff$3684 ($dff) from module AecWarpRequestLaneBank (D = \io_inC_1 [47:32], Q = \c_1_2).
Adding EN signal on $procdff$3685 ($dff) from module AecWarpRequestLaneBank (D = \io_inC_1 [63:48], Q = \c_1_3).
Adding EN signal on $procdff$3686 ($dff) from module AecWarpRequestLaneBank (D = \io_inC_2 [15:0], Q = \c_2_0).
Adding EN signal on $procdff$3687 ($dff) from module AecWarpRequestLaneBank (D = \io_inC_2 [31:16], Q = \c_2_1).
Adding EN signal on $procdff$3688 ($dff) from module AecWarpRequestLaneBank (D = \io_inC_2 [47:32], Q = \c_2_2).
Adding EN signal on $procdff$3689 ($dff) from module AecWarpRequestLaneBank (D = \io_inC_2 [63:48], Q = \c_2_3).
Adding EN signal on $procdff$3690 ($dff) from module AecWarpRequestLaneBank (D = \io_inC_3 [15:0], Q = \c_3_0).
Adding EN signal on $procdff$3691 ($dff) from module AecWarpRequestLaneBank (D = \io_inC_3 [31:16], Q = \c_3_1).
Adding EN signal on $procdff$3692 ($dff) from module AecWarpRequestLaneBank (D = \io_inC_3 [47:32], Q = \c_3_2).
Adding EN signal on $procdff$3693 ($dff) from module AecWarpRequestLaneBank (D = \io_inC_3 [63:48], Q = \c_3_3).
Adding EN signal on $procdff$3694 ($dff) from module AecWarpRequestLaneBank (D = \io_inActive [0], Q = \active_0).
Adding EN signal on $procdff$3695 ($dff) from module AecWarpRequestLaneBank (D = \io_inActive [1], Q = \active_1).
Adding EN signal on $procdff$3696 ($dff) from module AecWarpRequestLaneBank (D = \io_inActive [2], Q = \active_2).
Adding EN signal on $procdff$3697 ($dff) from module AecWarpRequestLaneBank (D = \io_inActive [3], Q = \active_3).
Adding EN signal on $procdff$3646 ($dff) from module AecWarpRequestLaneBank (D = \io_inA_0 [15:0], Q = \a_0_0).
Adding EN signal on $procdff$3705 ($dff) from module AecFpWarpRequestStage (D = \io_group, Q = \selectedGroup).
Adding SRST signal on $procdff$3704 ($dff) from module AecFpWarpRequestStage (D = $procmux$3255_Y, Q = \selectValid, rval = 1'0).
Adding EN signal on $auto$ff.cc:337:slice$3927 ($sdff) from module AecFpWarpRequestStage (D = \io_inValid, Q = \selectValid).
Adding SRST signal on $procdff$3698 ($dff) from module AecFpWarpRequestStage (D = $procmux$3295_Y, Q = \dataValid, rval = 1'0).
Adding EN signal on $auto$ff.cc:337:slice$3929 ($sdff) from module AecFpWarpRequestStage (D = \selectValid, Q = \dataValid).
Adding EN signal on $procdff$3699 ($dff) from module AecFpWarpRequestStage (D = $procmux$3289_Y, Q = \data_op).
Adding EN signal on $procdff$3700 ($dff) from module AecFpWarpRequestStage (D = $procmux$3282_Y, Q = \data_dtype).
Adding EN signal on $procdff$3701 ($dff) from module AecFpWarpRequestStage (D = $procmux$3275_Y, Q = \data_a).
Adding EN signal on $procdff$3702 ($dff) from module AecFpWarpRequestStage (D = $procmux$3268_Y, Q = \data_b).
Adding EN signal on $procdff$3703 ($dff) from module AecFpWarpRequestStage (D = $procmux$3261_Y, Q = \data_c).
Adding SRST signal on $procdff$3706 ($dff) from module AecFp32PipeUnit (D = $procmux$3300_Y, Q = \issueSeq, rval = 6'000000).
Adding EN signal on $auto$ff.cc:337:slice$3946 ($sdff) from module AecFp32PipeUnit (D = $add$rtl/sv/generated/fp32/AecFp32Unit.sv:3814$2221_Y, Q = \issueSeq).
Adding SRST signal on $procdff$3707 ($dff) from module Queue_2 (D = $procmux$3360_Y, Q = \enq_ptr_value, rval = 2'00).
Adding EN signal on $auto$ff.cc:337:slice$3948 ($sdff) from module Queue_2 (D = $add$rtl/sv/generated/fp32/AecFp32Unit.sv:3066$1862_Y, Q = \enq_ptr_value).
Adding SRST signal on $procdff$3708 ($dff) from module Queue_2 (D = $procmux$3355_Y, Q = \deq_ptr_value, rval = 2'00).
Adding EN signal on $auto$ff.cc:337:slice$3950 ($sdff) from module Queue_2 (D = $add$rtl/sv/generated/fp32/AecFp32Unit.sv:3067$1863_Y, Q = \deq_ptr_value).
Adding SRST signal on $procdff$3709 ($dff) from module Queue_2 (D = $procmux$3350_Y, Q = \maybe_full, rval = 1'0).
Adding EN signal on $auto$ff.cc:337:slice$3952 ($sdff) from module Queue_2 (D = $and$rtl/sv/generated/fp32/AecFp32Unit.sv:3064$1860_Y, Q = \maybe_full).
Adding SRST signal on $procdff$3725 ($dff) from module Queue_1 (D = $procmux$3384_Y, Q = \enq_ptr_value, rval = 4'0000).
Adding EN signal on $auto$ff.cc:337:slice$3954 ($sdff) from module Queue_1 (D = $add$rtl/sv/generated/fp32/AecFp32Unit.sv:2901$1836_Y, Q = \enq_ptr_value).
Adding SRST signal on $procdff$3726 ($dff) from module Queue_1 (D = $procmux$3379_Y, Q = \deq_ptr_value, rval = 4'0000).
Adding EN signal on $auto$ff.cc:337:slice$3956 ($sdff) from module Queue_1 (D = $add$rtl/sv/generated/fp32/AecFp32Unit.sv:2902$1837_Y, Q = \deq_ptr_value).
Adding SRST signal on $procdff$3727 ($dff) from module Queue_1 (D = $procmux$3374_Y, Q = \maybe_full, rval = 1'0).
Adding EN signal on $auto$ff.cc:337:slice$3958 ($sdff) from module Queue_1 (D = $and$rtl/sv/generated/fp32/AecFp32Unit.sv:2899$1834_Y, Q = \maybe_full).
Adding EN signal on $procdff$3740 ($dff) from module YunSuanFmaPipe (D = \meta1_dtype, Q = \meta2_dtype).
Adding SRST signal on $procdff$3731 ($dff) from module YunSuanFmaPipe (D = $procmux$3413_Y, Q = \outstanding, rval = 4'0000).
Adding EN signal on $auto$ff.cc:337:slice$3961 ($sdff) from module YunSuanFmaPipe (D = $procmux$3411_Y, Q = \outstanding).
Adding SRST signal on $procdff$3732 ($dff) from module YunSuanFmaPipe (D = $and$rtl/sv/generated/fp32/AecFp32Unit.sv:2696$1812_Y, Q = \valid0, rval = 1'0).
Adding SRST signal on $procdff$3733 ($dff) from module YunSuanFmaPipe (D = \valid0, Q = \valid1, rval = 1'0).
Adding SRST signal on $procdff$3734 ($dff) from module YunSuanFmaPipe (D = \valid1, Q = \valid2, rval = 1'0).
Adding EN signal on $procdff$3735 ($dff) from module YunSuanFmaPipe (D = \io_req_bits_seq, Q = \meta0_seq).
Adding EN signal on $procdff$3736 ($dff) from module YunSuanFmaPipe (D = \io_req_bits_dtype, Q = \meta0_dtype).
Adding EN signal on $procdff$3737 ($dff) from module YunSuanFmaPipe (D = \meta0_seq, Q = \meta1_seq).
Adding EN signal on $procdff$3738 ($dff) from module YunSuanFmaPipe (D = \meta0_dtype, Q = \meta1_dtype).
Adding EN signal on $procdff$3739 ($dff) from module YunSuanFmaPipe (D = \meta1_seq, Q = \meta2_seq).
Adding SRST signal on $procdff$3743 ($dff) from module Queue (D = $procmux$3454_Y, Q = \maybe_full, rval = 1'0).
Adding EN signal on $auto$ff.cc:337:slice$3971 ($sdff) from module Queue (D = $and$rtl/sv/generated/fp32/AecFp32Unit.sv:2512$1767_Y, Q = \maybe_full).
Adding SRST signal on $procdff$3741 ($dff) from module Queue (D = $procmux$3464_Y, Q = \enq_ptr_value, rval = 3'000).
Adding EN signal on $auto$ff.cc:337:slice$3973 ($sdff) from module Queue (D = $add$rtl/sv/generated/fp32/AecFp32Unit.sv:2514$1769_Y, Q = \enq_ptr_value).
Adding SRST signal on $procdff$3742 ($dff) from module Queue (D = $procmux$3459_Y, Q = \deq_ptr_value, rval = 3'000).
Adding EN signal on $auto$ff.cc:337:slice$3975 ($sdff) from module Queue (D = $add$rtl/sv/generated/fp32/AecFp32Unit.sv:2515$1770_Y, Q = \deq_ptr_value).
Adding EN signal on $procdff$3814 ($dff) from module FloatFMA (D = \fp_a_or_b_is_zero_f32_reg2_r_1, Q = \fp_a_or_b_is_zero_f32_reg2).
Adding EN signal on $procdff$3813 ($dff) from module FloatFMA (D = \fp_a_or_b_is_zero_f32_reg2_r, Q = \fp_a_or_b_is_zero_f32_reg2_r_1).
Adding EN signal on $procdff$3811 ($dff) from module FloatFMA (D = \has_inf_f32_result_inf_sign_reg2_r_1, Q = \has_inf_f32_result_inf_sign_reg2).
Adding EN signal on $procdff$3810 ($dff) from module FloatFMA (D = \has_inf_f32_result_inf_sign_reg2_r, Q = \has_inf_f32_result_inf_sign_reg2_r_1).
Adding EN signal on $procdff$3808 ($dff) from module FloatFMA (D = \has_inf_f32_is_NV_reg2_r_1, Q = \has_inf_f32_is_NV_reg2).
Adding EN signal on $procdff$3807 ($dff) from module FloatFMA (D = \has_inf_f32_is_NV_reg2_r, Q = \has_inf_f32_is_NV_reg2_r_1).
Adding EN signal on $procdff$3805 ($dff) from module FloatFMA (D = \has_inf_f32_reg2_r_1, Q = \has_inf_f32_reg2).
Adding EN signal on $procdff$3804 ($dff) from module FloatFMA (D = \has_inf_f32_reg2_r, Q = \has_inf_f32_reg2_r_1).
Adding EN signal on $procdff$3802 ($dff) from module FloatFMA (D = \has_nan_f32_is_NV_reg2_r_1, Q = \has_nan_f32_is_NV_reg2).
Adding EN signal on $procdff$3801 ($dff) from module FloatFMA (D = \has_nan_f32_is_NV_reg2_r, Q = \has_nan_f32_is_NV_reg2_r_1).
Adding EN signal on $procdff$3799 ($dff) from module FloatFMA (D = \has_nan_f32_reg2_r_1, Q = \has_nan_f32_reg2).
Adding EN signal on $procdff$3798 ($dff) from module FloatFMA (D = \has_nan_f32_reg2_r, Q = \has_nan_f32_reg2_r_1).
Adding EN signal on $procdff$3796 ($dff) from module FloatFMA (D = \fp_result_fp_a_or_b_is_zero_reg_r_1, Q = \fp_result_f64_fp_a_or_b_is_zero_reg2).
Adding EN signal on $procdff$3795 ($dff) from module FloatFMA (D = \fp_result_fp_a_or_b_is_zero_reg_r, Q = \fp_result_fp_a_or_b_is_zero_reg_r_1).
Adding EN signal on $procdff$3793 ($dff) from module FloatFMA (D = \has_zero_f32_reg2_r_1, Q = \has_zero_f32_reg2_r_2).
Adding EN signal on $procdff$3792 ($dff) from module FloatFMA (D = \has_zero_f32_reg2_r, Q = \has_zero_f32_reg2_r_1).
Adding EN signal on $procdff$3790 ($dff) from module FloatFMA (D = \normal_result_is_zero_f32_reg2_r, Q = \normal_result_is_zero_f32_reg2).
Adding EN signal on $procdff$3789 ($dff) from module FloatFMA (D = $not$rtl/sv/generated/fp32/AecFp32Unit.sv:1992$1678_Y, Q = \normal_result_is_zero_f32_reg2_r).
Adding EN signal on $procdff$3788 ($dff) from module FloatFMA (D = $and$rtl/sv/generated/fp32/AecFp32Unit.sv:1979$1662_Y, Q = \exponent_is_min_f32).
Adding EN signal on $procdff$3787 ($dff) from module FloatFMA (D = { 1'0 $ternary$rtl/sv/generated/fp32/AecFp32Unit.sv:1901$1608_Y }, Q = \lshift_value_reg2).
Adding EN signal on $procdff$3786 ($dff) from module FloatFMA (D = $eq$rtl/sv/generated/fp32/AecFp32Unit.sv:1938$1620_Y, Q = \is_fix_reg2).
Adding EN signal on $procdff$3785 ($dff) from module FloatFMA (D = $ternary$rtl/sv/generated/fp32/AecFp32Unit.sv:1939$1621_Y [49], Q = \round_lshift_uf_f32_reg2).
Adding EN signal on $procdff$3784 ($dff) from module FloatFMA (D = $ternary$rtl/sv/generated/fp32/AecFp32Unit.sv:1939$1621_Y [51], Q = \guard_lshift_f32_reg2).
Adding EN signal on $procdff$3783 ($dff) from module FloatFMA (D = $ternary$rtl/sv/generated/fp32/AecFp32Unit.sv:1939$1621_Y [50], Q = \round_lshift_f32_reg2).
Adding EN signal on $procdff$3782 ($dff) from module FloatFMA (D = $or$rtl/sv/generated/fp32/AecFp32Unit.sv:1953$1626_Y, Q = \sticky_uf_f32_reg2).
Adding EN signal on $procdff$3781 ($dff) from module FloatFMA (D = \rshift_sticky_f16, Q = \sticky_uf_f32_reg2_r).
Adding EN signal on $procdff$3780 ($dff) from module FloatFMA (D = $or$rtl/sv/generated/fp32/AecFp32Unit.sv:1950$1624_Y, Q = \sticky_f32_reg2).
Adding EN signal on $procdff$3779 ($dff) from module FloatFMA (D = \rshift_sticky_f16, Q = \sticky_f32_reg2_r).
Adding EN signal on $procdff$3778 ($dff) from module FloatFMA (D = \sign_result_temp_f32_reg2_r_2, Q = \sign_result_temp_f32_reg2).
Adding EN signal on $procdff$3777 ($dff) from module FloatFMA (D = $procmux$3540_Y, Q = \sign_result_temp_f32_reg2_r_2).
Adding EN signal on $procdff$3774 ($dff) from module FloatFMA (D = { 29'00000000000000000000000000000 $ternary$rtl/sv/generated/fp32/AecFp32Unit.sv:1939$1621_Y [74:52] }, Q = \fraction_result_no_round_f64_reg2).
Adding EN signal on $procdff$3773 ($dff) from module FloatFMA (D = { $ternary$rtl/sv/generated/fp32/AecFp32Unit.sv:1574$1362_Y $add$rtl/sv/generated/fp32/AecFp32Unit.sv:1564$1358_Y [47:0] $ternary$rtl/sv/generated/fp32/AecFp32Unit.sv:1577$1363_Y }, Q = \adder_f32_reg1).
Adding EN signal on $procdff$3772 ($dff) from module FloatFMA (D = $eq$rtl/sv/generated/fp32/AecFp32Unit.sv:1902$1609_Y, Q = \lshift_mask_valid_f16_reg1).
Adding EN signal on $procdff$3771 ($dff) from module FloatFMA (D = { 87'000000000000000000000000000000000000000000000000000000000000000000000000000000000000000 $or$rtl/sv/generated/fp32/AecFp32Unit.sv:1774$1505_Y }, Q = \lzd_adder_inv_mask_reg1).
Adding EN signal on $procdff$3770 ($dff) from module FloatFMA (D = { 87'000000000000000000000000000000000000000000000000000000000000000000000000000000000000000 $or$rtl/sv/generated/fp32/AecFp32Unit.sv:1628$1391_Y $or$rtl/sv/generated/fp32/AecFp32Unit.sv:1643$1400_Y $ternary$rtl/sv/generated/fp32/AecFp32Unit.sv:1574$1362_Y [22] $ternary$rtl/sv/generated/fp32/AecFp32Unit.sv:1574$1362_Y [23] $ternary$rtl/sv/generated/fp32/AecFp32Unit.sv:1574$1362_Y [24] $ternary$rtl/sv/generated/fp32/AecFp32Unit.sv:1574$1362_Y [25] $ternary$rtl/sv/generated/fp32/AecFp32Unit.sv:1574$1362_Y [26] }, Q = \tzd_adder_reg1).
Adding EN signal on $procdff$3768 ($dff) from module FloatFMA (D = \E_greater_reg2_r_1, Q = \E_greater_f64_reg2).
Adding EN signal on $procdff$3767 ($dff) from module FloatFMA (D = \E_greater_reg2_r, Q = \E_greater_reg2_r_1).
Adding EN signal on $procdff$3765 ($dff) from module FloatFMA (D = \adder_is_negative_reg1, Q = \adder_is_negative_f16_reg2).
Adding EN signal on $procdff$3764 ($dff) from module FloatFMA (D = $ternary$rtl/sv/generated/fp32/AecFp32Unit.sv:1574$1362_Y [26], Q = \adder_is_negative_reg1).
Adding SRST signal on $procdff$3757 ($dff) from module FloatFMA (D = $procmux$3562_Y, Q = \fire_reg1_last_r, rval = 1'0).
Adding EN signal on $auto$ff.cc:337:slice$4016 ($sdff) from module FloatFMA (D = \fire_reg0_last_r, Q = \fire_reg1_last_r).
Setting constant 0-bit at position 75 on $procdff$3761 ($dff) from module FloatFMA.
Setting constant 0-bit at position 76 on $procdff$3761 ($dff) from module FloatFMA.
Setting constant 0-bit at position 77 on $procdff$3761 ($dff) from module FloatFMA.
Setting constant 0-bit at position 78 on $procdff$3761 ($dff) from module FloatFMA.
Setting constant 0-bit at position 79 on $procdff$3761 ($dff) from module FloatFMA.
Setting constant 0-bit at position 80 on $procdff$3761 ($dff) from module FloatFMA.
Setting constant 0-bit at position 81 on $procdff$3761 ($dff) from module FloatFMA.
Setting constant 0-bit at position 82 on $procdff$3761 ($dff) from module FloatFMA.
Setting constant 0-bit at position 83 on $procdff$3761 ($dff) from module FloatFMA.
Setting constant 0-bit at position 84 on $procdff$3761 ($dff) from module FloatFMA.
Setting constant 0-bit at position 85 on $procdff$3761 ($dff) from module FloatFMA.
Setting constant 0-bit at position 86 on $procdff$3761 ($dff) from module FloatFMA.
Setting constant 0-bit at position 87 on $procdff$3761 ($dff) from module FloatFMA.
Setting constant 0-bit at position 88 on $procdff$3761 ($dff) from module FloatFMA.
Setting constant 0-bit at position 89 on $procdff$3761 ($dff) from module FloatFMA.
Setting constant 0-bit at position 90 on $procdff$3761 ($dff) from module FloatFMA.
Setting constant 0-bit at position 91 on $procdff$3761 ($dff) from module FloatFMA.
Setting constant 0-bit at position 92 on $procdff$3761 ($dff) from module FloatFMA.
Setting constant 0-bit at position 93 on $procdff$3761 ($dff) from module FloatFMA.
Setting constant 0-bit at position 94 on $procdff$3761 ($dff) from module FloatFMA.
Setting constant 0-bit at position 95 on $procdff$3761 ($dff) from module FloatFMA.
Setting constant 0-bit at position 96 on $procdff$3761 ($dff) from module FloatFMA.
Setting constant 0-bit at position 97 on $procdff$3761 ($dff) from module FloatFMA.
Setting constant 0-bit at position 98 on $procdff$3761 ($dff) from module FloatFMA.
Setting constant 0-bit at position 99 on $procdff$3761 ($dff) from module FloatFMA.
Setting constant 0-bit at position 100 on $procdff$3761 ($dff) from module FloatFMA.
Setting constant 0-bit at position 101 on $procdff$3761 ($dff) from module FloatFMA.
Setting constant 0-bit at position 102 on $procdff$3761 ($dff) from module FloatFMA.
Setting constant 0-bit at position 103 on $procdff$3761 ($dff) from module FloatFMA.
Setting constant 0-bit at position 104 on $procdff$3761 ($dff) from module FloatFMA.
Setting constant 0-bit at position 105 on $procdff$3761 ($dff) from module FloatFMA.
Setting constant 0-bit at position 106 on $procdff$3761 ($dff) from module FloatFMA.
Setting constant 0-bit at position 107 on $procdff$3761 ($dff) from module FloatFMA.
Setting constant 0-bit at position 108 on $procdff$3761 ($dff) from module FloatFMA.
Setting constant 0-bit at position 109 on $procdff$3761 ($dff) from module FloatFMA.
Setting constant 0-bit at position 110 on $procdff$3761 ($dff) from module FloatFMA.
Setting constant 0-bit at position 111 on $procdff$3761 ($dff) from module FloatFMA.
Setting constant 0-bit at position 112 on $procdff$3761 ($dff) from module FloatFMA.
Setting constant 0-bit at position 113 on $procdff$3761 ($dff) from module FloatFMA.
Setting constant 0-bit at position 114 on $procdff$3761 ($dff) from module FloatFMA.
Setting constant 0-bit at position 115 on $procdff$3761 ($dff) from module FloatFMA.
Setting constant 0-bit at position 116 on $procdff$3761 ($dff) from module FloatFMA.
Setting constant 0-bit at position 117 on $procdff$3761 ($dff) from module FloatFMA.
Setting constant 0-bit at position 118 on $procdff$3761 ($dff) from module FloatFMA.
Setting constant 0-bit at position 119 on $procdff$3761 ($dff) from module FloatFMA.
Setting constant 0-bit at position 120 on $procdff$3761 ($dff) from module FloatFMA.
Setting constant 0-bit at position 121 on $procdff$3761 ($dff) from module FloatFMA.
Setting constant 0-bit at position 122 on $procdff$3761 ($dff) from module FloatFMA.
Setting constant 0-bit at position 123 on $procdff$3761 ($dff) from module FloatFMA.
Setting constant 0-bit at position 124 on $procdff$3761 ($dff) from module FloatFMA.
Setting constant 0-bit at position 125 on $procdff$3761 ($dff) from module FloatFMA.
Setting constant 0-bit at position 126 on $procdff$3761 ($dff) from module FloatFMA.
Setting constant 0-bit at position 127 on $procdff$3761 ($dff) from module FloatFMA.
Setting constant 0-bit at position 128 on $procdff$3761 ($dff) from module FloatFMA.
Setting constant 0-bit at position 129 on $procdff$3761 ($dff) from module FloatFMA.
Setting constant 0-bit at position 130 on $procdff$3761 ($dff) from module FloatFMA.
Setting constant 0-bit at position 131 on $procdff$3761 ($dff) from module FloatFMA.
Setting constant 0-bit at position 132 on $procdff$3761 ($dff) from module FloatFMA.
Setting constant 0-bit at position 133 on $procdff$3761 ($dff) from module FloatFMA.
Setting constant 0-bit at position 134 on $procdff$3761 ($dff) from module FloatFMA.
Setting constant 0-bit at position 135 on $procdff$3761 ($dff) from module FloatFMA.
Setting constant 0-bit at position 136 on $procdff$3761 ($dff) from module FloatFMA.
Setting constant 0-bit at position 137 on $procdff$3761 ($dff) from module FloatFMA.
Setting constant 0-bit at position 138 on $procdff$3761 ($dff) from module FloatFMA.
Setting constant 0-bit at position 139 on $procdff$3761 ($dff) from module FloatFMA.
Setting constant 0-bit at position 140 on $procdff$3761 ($dff) from module FloatFMA.
Setting constant 0-bit at position 141 on $procdff$3761 ($dff) from module FloatFMA.
Setting constant 0-bit at position 142 on $procdff$3761 ($dff) from module FloatFMA.
Setting constant 0-bit at position 143 on $procdff$3761 ($dff) from module FloatFMA.
Setting constant 0-bit at position 144 on $procdff$3761 ($dff) from module FloatFMA.
Setting constant 0-bit at position 145 on $procdff$3761 ($dff) from module FloatFMA.
Setting constant 0-bit at position 146 on $procdff$3761 ($dff) from module FloatFMA.
Setting constant 0-bit at position 147 on $procdff$3761 ($dff) from module FloatFMA.
Setting constant 0-bit at position 148 on $procdff$3761 ($dff) from module FloatFMA.
Setting constant 0-bit at position 149 on $procdff$3761 ($dff) from module FloatFMA.
Setting constant 0-bit at position 150 on $procdff$3761 ($dff) from module FloatFMA.
Setting constant 0-bit at position 151 on $procdff$3761 ($dff) from module FloatFMA.
Setting constant 0-bit at position 152 on $procdff$3761 ($dff) from module FloatFMA.
Setting constant 0-bit at position 153 on $procdff$3761 ($dff) from module FloatFMA.
Setting constant 0-bit at position 154 on $procdff$3761 ($dff) from module FloatFMA.
Setting constant 0-bit at position 155 on $procdff$3761 ($dff) from module FloatFMA.
Setting constant 0-bit at position 156 on $procdff$3761 ($dff) from module FloatFMA.
Setting constant 0-bit at position 157 on $procdff$3761 ($dff) from module FloatFMA.
Setting constant 0-bit at position 158 on $procdff$3761 ($dff) from module FloatFMA.
Setting constant 0-bit at position 159 on $procdff$3761 ($dff) from module FloatFMA.
Setting constant 0-bit at position 160 on $procdff$3761 ($dff) from module FloatFMA.
Setting constant 0-bit at position 161 on $procdff$3761 ($dff) from module FloatFMA.
Setting constant 0-bit at position 9 on $procdff$3766 ($dff) from module FloatFMA.
Setting constant 0-bit at position 10 on $procdff$3766 ($dff) from module FloatFMA.
Setting constant 0-bit at position 11 on $procdff$3766 ($dff) from module FloatFMA.
Setting constant 0-bit at position 9 on $procdff$3769 ($dff) from module FloatFMA.
Setting constant 0-bit at position 10 on $procdff$3769 ($dff) from module FloatFMA.
Setting constant 0-bit at position 11 on $procdff$3769 ($dff) from module FloatFMA.
Setting constant 0-bit at position 77 on $auto$ff.cc:337:slice$4011 ($dffe) from module FloatFMA.
Setting constant 0-bit at position 78 on $auto$ff.cc:337:slice$4011 ($dffe) from module FloatFMA.
Setting constant 0-bit at position 79 on $auto$ff.cc:337:slice$4011 ($dffe) from module FloatFMA.
Setting constant 0-bit at position 80 on $auto$ff.cc:337:slice$4011 ($dffe) from module FloatFMA.
Setting constant 0-bit at position 81 on $auto$ff.cc:337:slice$4011 ($dffe) from module FloatFMA.
Setting constant 0-bit at position 82 on $auto$ff.cc:337:slice$4011 ($dffe) from module FloatFMA.
Setting constant 0-bit at position 83 on $auto$ff.cc:337:slice$4011 ($dffe) from module FloatFMA.
Setting constant 0-bit at position 84 on $auto$ff.cc:337:slice$4011 ($dffe) from module FloatFMA.
Setting constant 0-bit at position 85 on $auto$ff.cc:337:slice$4011 ($dffe) from module FloatFMA.
Setting constant 0-bit at position 86 on $auto$ff.cc:337:slice$4011 ($dffe) from module FloatFMA.
Setting constant 0-bit at position 87 on $auto$ff.cc:337:slice$4011 ($dffe) from module FloatFMA.
Setting constant 0-bit at position 88 on $auto$ff.cc:337:slice$4011 ($dffe) from module FloatFMA.
Setting constant 0-bit at position 89 on $auto$ff.cc:337:slice$4011 ($dffe) from module FloatFMA.
Setting constant 0-bit at position 90 on $auto$ff.cc:337:slice$4011 ($dffe) from module FloatFMA.
Setting constant 0-bit at position 91 on $auto$ff.cc:337:slice$4011 ($dffe) from module FloatFMA.
Setting constant 0-bit at position 92 on $auto$ff.cc:337:slice$4011 ($dffe) from module FloatFMA.
Setting constant 0-bit at position 93 on $auto$ff.cc:337:slice$4011 ($dffe) from module FloatFMA.
Setting constant 0-bit at position 94 on $auto$ff.cc:337:slice$4011 ($dffe) from module FloatFMA.
Setting constant 0-bit at position 95 on $auto$ff.cc:337:slice$4011 ($dffe) from module FloatFMA.
Setting constant 0-bit at position 96 on $auto$ff.cc:337:slice$4011 ($dffe) from module FloatFMA.
Setting constant 0-bit at position 97 on $auto$ff.cc:337:slice$4011 ($dffe) from module FloatFMA.
Setting constant 0-bit at position 98 on $auto$ff.cc:337:slice$4011 ($dffe) from module FloatFMA.
Setting constant 0-bit at position 99 on $auto$ff.cc:337:slice$4011 ($dffe) from module FloatFMA.
Setting constant 0-bit at position 100 on $auto$ff.cc:337:slice$4011 ($dffe) from module FloatFMA.
Setting constant 0-bit at position 101 on $auto$ff.cc:337:slice$4011 ($dffe) from module FloatFMA.
Setting constant 0-bit at position 102 on $auto$ff.cc:337:slice$4011 ($dffe) from module FloatFMA.
Setting constant 0-bit at position 103 on $auto$ff.cc:337:slice$4011 ($dffe) from module FloatFMA.
Setting constant 0-bit at position 104 on $auto$ff.cc:337:slice$4011 ($dffe) from module FloatFMA.
Setting constant 0-bit at position 105 on $auto$ff.cc:337:slice$4011 ($dffe) from module FloatFMA.
Setting constant 0-bit at position 106 on $auto$ff.cc:337:slice$4011 ($dffe) from module FloatFMA.
Setting constant 0-bit at position 107 on $auto$ff.cc:337:slice$4011 ($dffe) from module FloatFMA.
Setting constant 0-bit at position 108 on $auto$ff.cc:337:slice$4011 ($dffe) from module FloatFMA.
Setting constant 0-bit at position 109 on $auto$ff.cc:337:slice$4011 ($dffe) from module FloatFMA.
Setting constant 0-bit at position 110 on $auto$ff.cc:337:slice$4011 ($dffe) from module FloatFMA.
Setting constant 0-bit at position 111 on $auto$ff.cc:337:slice$4011 ($dffe) from module FloatFMA.
Setting constant 0-bit at position 112 on $auto$ff.cc:337:slice$4011 ($dffe) from module FloatFMA.
Setting constant 0-bit at position 113 on $auto$ff.cc:337:slice$4011 ($dffe) from module FloatFMA.
Setting constant 0-bit at position 114 on $auto$ff.cc:337:slice$4011 ($dffe) from module FloatFMA.
Setting constant 0-bit at position 115 on $auto$ff.cc:337:slice$4011 ($dffe) from module FloatFMA.
Setting constant 0-bit at position 116 on $auto$ff.cc:337:slice$4011 ($dffe) from module FloatFMA.
Setting constant 0-bit at position 117 on $auto$ff.cc:337:slice$4011 ($dffe) from module FloatFMA.
Setting constant 0-bit at position 118 on $auto$ff.cc:337:slice$4011 ($dffe) from module FloatFMA.
Setting constant 0-bit at position 119 on $auto$ff.cc:337:slice$4011 ($dffe) from module FloatFMA.
Setting constant 0-bit at position 120 on $auto$ff.cc:337:slice$4011 ($dffe) from module FloatFMA.
Setting constant 0-bit at position 121 on $auto$ff.cc:337:slice$4011 ($dffe) from module FloatFMA.
Setting constant 0-bit at position 122 on $auto$ff.cc:337:slice$4011 ($dffe) from module FloatFMA.
Setting constant 0-bit at position 123 on $auto$ff.cc:337:slice$4011 ($dffe) from module FloatFMA.
Setting constant 0-bit at position 124 on $auto$ff.cc:337:slice$4011 ($dffe) from module FloatFMA.
Setting constant 0-bit at position 125 on $auto$ff.cc:337:slice$4011 ($dffe) from module FloatFMA.
Setting constant 0-bit at position 126 on $auto$ff.cc:337:slice$4011 ($dffe) from module FloatFMA.
Setting constant 0-bit at position 127 on $auto$ff.cc:337:slice$4011 ($dffe) from module FloatFMA.
Setting constant 0-bit at position 128 on $auto$ff.cc:337:slice$4011 ($dffe) from module FloatFMA.
Setting constant 0-bit at position 129 on $auto$ff.cc:337:slice$4011 ($dffe) from module FloatFMA.
Setting constant 0-bit at position 130 on $auto$ff.cc:337:slice$4011 ($dffe) from module FloatFMA.
Setting constant 0-bit at position 131 on $auto$ff.cc:337:slice$4011 ($dffe) from module FloatFMA.
Setting constant 0-bit at position 132 on $auto$ff.cc:337:slice$4011 ($dffe) from module FloatFMA.
Setting constant 0-bit at position 133 on $auto$ff.cc:337:slice$4011 ($dffe) from module FloatFMA.
Setting constant 0-bit at position 134 on $auto$ff.cc:337:slice$4011 ($dffe) from module FloatFMA.
Setting constant 0-bit at position 135 on $auto$ff.cc:337:slice$4011 ($dffe) from module FloatFMA.
Setting constant 0-bit at position 136 on $auto$ff.cc:337:slice$4011 ($dffe) from module FloatFMA.
Setting constant 0-bit at position 137 on $auto$ff.cc:337:slice$4011 ($dffe) from module FloatFMA.
Setting constant 0-bit at position 138 on $auto$ff.cc:337:slice$4011 ($dffe) from module FloatFMA.
Setting constant 0-bit at position 139 on $auto$ff.cc:337:slice$4011 ($dffe) from module FloatFMA.
Setting constant 0-bit at position 140 on $auto$ff.cc:337:slice$4011 ($dffe) from module FloatFMA.
Setting constant 0-bit at position 141 on $auto$ff.cc:337:slice$4011 ($dffe) from module FloatFMA.
Setting constant 0-bit at position 142 on $auto$ff.cc:337:slice$4011 ($dffe) from module FloatFMA.
Setting constant 0-bit at position 143 on $auto$ff.cc:337:slice$4011 ($dffe) from module FloatFMA.
Setting constant 0-bit at position 144 on $auto$ff.cc:337:slice$4011 ($dffe) from module FloatFMA.
Setting constant 0-bit at position 145 on $auto$ff.cc:337:slice$4011 ($dffe) from module FloatFMA.
Setting constant 0-bit at position 146 on $auto$ff.cc:337:slice$4011 ($dffe) from module FloatFMA.
Setting constant 0-bit at position 147 on $auto$ff.cc:337:slice$4011 ($dffe) from module FloatFMA.
Setting constant 0-bit at position 148 on $auto$ff.cc:337:slice$4011 ($dffe) from module FloatFMA.
Setting constant 0-bit at position 149 on $auto$ff.cc:337:slice$4011 ($dffe) from module FloatFMA.
Setting constant 0-bit at position 150 on $auto$ff.cc:337:slice$4011 ($dffe) from module FloatFMA.
Setting constant 0-bit at position 151 on $auto$ff.cc:337:slice$4011 ($dffe) from module FloatFMA.
Setting constant 0-bit at position 152 on $auto$ff.cc:337:slice$4011 ($dffe) from module FloatFMA.
Setting constant 0-bit at position 153 on $auto$ff.cc:337:slice$4011 ($dffe) from module FloatFMA.
Setting constant 0-bit at position 154 on $auto$ff.cc:337:slice$4011 ($dffe) from module FloatFMA.
Setting constant 0-bit at position 155 on $auto$ff.cc:337:slice$4011 ($dffe) from module FloatFMA.
Setting constant 0-bit at position 156 on $auto$ff.cc:337:slice$4011 ($dffe) from module FloatFMA.
Setting constant 0-bit at position 157 on $auto$ff.cc:337:slice$4011 ($dffe) from module FloatFMA.
Setting constant 0-bit at position 158 on $auto$ff.cc:337:slice$4011 ($dffe) from module FloatFMA.
Setting constant 0-bit at position 159 on $auto$ff.cc:337:slice$4011 ($dffe) from module FloatFMA.
Setting constant 0-bit at position 160 on $auto$ff.cc:337:slice$4011 ($dffe) from module FloatFMA.
Setting constant 0-bit at position 161 on $auto$ff.cc:337:slice$4011 ($dffe) from module FloatFMA.
Setting constant 0-bit at position 162 on $auto$ff.cc:337:slice$4011 ($dffe) from module FloatFMA.
Setting constant 0-bit at position 163 on $auto$ff.cc:337:slice$4011 ($dffe) from module FloatFMA.
Setting constant 0-bit at position 76 on $auto$ff.cc:337:slice$4010 ($dffe) from module FloatFMA.
Setting constant 0-bit at position 77 on $auto$ff.cc:337:slice$4010 ($dffe) from module FloatFMA.
Setting constant 0-bit at position 78 on $auto$ff.cc:337:slice$4010 ($dffe) from module FloatFMA.
Setting constant 0-bit at position 79 on $auto$ff.cc:337:slice$4010 ($dffe) from module FloatFMA.
Setting constant 0-bit at position 80 on $auto$ff.cc:337:slice$4010 ($dffe) from module FloatFMA.
Setting constant 0-bit at position 81 on $auto$ff.cc:337:slice$4010 ($dffe) from module FloatFMA.
Setting constant 0-bit at position 82 on $auto$ff.cc:337:slice$4010 ($dffe) from module FloatFMA.
Setting constant 0-bit at position 83 on $auto$ff.cc:337:slice$4010 ($dffe) from module FloatFMA.
Setting constant 0-bit at position 84 on $auto$ff.cc:337:slice$4010 ($dffe) from module FloatFMA.
Setting constant 0-bit at position 85 on $auto$ff.cc:337:slice$4010 ($dffe) from module FloatFMA.
Setting constant 0-bit at position 86 on $auto$ff.cc:337:slice$4010 ($dffe) from module FloatFMA.
Setting constant 0-bit at position 87 on $auto$ff.cc:337:slice$4010 ($dffe) from module FloatFMA.
Setting constant 0-bit at position 88 on $auto$ff.cc:337:slice$4010 ($dffe) from module FloatFMA.
Setting constant 0-bit at position 89 on $auto$ff.cc:337:slice$4010 ($dffe) from module FloatFMA.
Setting constant 0-bit at position 90 on $auto$ff.cc:337:slice$4010 ($dffe) from module FloatFMA.
Setting constant 0-bit at position 91 on $auto$ff.cc:337:slice$4010 ($dffe) from module FloatFMA.
Setting constant 0-bit at position 92 on $auto$ff.cc:337:slice$4010 ($dffe) from module FloatFMA.
Setting constant 0-bit at position 93 on $auto$ff.cc:337:slice$4010 ($dffe) from module FloatFMA.
Setting constant 0-bit at position 94 on $auto$ff.cc:337:slice$4010 ($dffe) from module FloatFMA.
Setting constant 0-bit at position 95 on $auto$ff.cc:337:slice$4010 ($dffe) from module FloatFMA.
Setting constant 0-bit at position 96 on $auto$ff.cc:337:slice$4010 ($dffe) from module FloatFMA.
Setting constant 0-bit at position 97 on $auto$ff.cc:337:slice$4010 ($dffe) from module FloatFMA.
Setting constant 0-bit at position 98 on $auto$ff.cc:337:slice$4010 ($dffe) from module FloatFMA.
Setting constant 0-bit at position 99 on $auto$ff.cc:337:slice$4010 ($dffe) from module FloatFMA.
Setting constant 0-bit at position 100 on $auto$ff.cc:337:slice$4010 ($dffe) from module FloatFMA.
Setting constant 0-bit at position 101 on $auto$ff.cc:337:slice$4010 ($dffe) from module FloatFMA.
Setting constant 0-bit at position 102 on $auto$ff.cc:337:slice$4010 ($dffe) from module FloatFMA.
Setting constant 0-bit at position 103 on $auto$ff.cc:337:slice$4010 ($dffe) from module FloatFMA.
Setting constant 0-bit at position 104 on $auto$ff.cc:337:slice$4010 ($dffe) from module FloatFMA.
Setting constant 0-bit at position 105 on $auto$ff.cc:337:slice$4010 ($dffe) from module FloatFMA.
Setting constant 0-bit at position 106 on $auto$ff.cc:337:slice$4010 ($dffe) from module FloatFMA.
Setting constant 0-bit at position 107 on $auto$ff.cc:337:slice$4010 ($dffe) from module FloatFMA.
Setting constant 0-bit at position 108 on $auto$ff.cc:337:slice$4010 ($dffe) from module FloatFMA.
Setting constant 0-bit at position 109 on $auto$ff.cc:337:slice$4010 ($dffe) from module FloatFMA.
Setting constant 0-bit at position 110 on $auto$ff.cc:337:slice$4010 ($dffe) from module FloatFMA.
Setting constant 0-bit at position 111 on $auto$ff.cc:337:slice$4010 ($dffe) from module FloatFMA.
Setting constant 0-bit at position 112 on $auto$ff.cc:337:slice$4010 ($dffe) from module FloatFMA.
Setting constant 0-bit at position 113 on $auto$ff.cc:337:slice$4010 ($dffe) from module FloatFMA.
Setting constant 0-bit at position 114 on $auto$ff.cc:337:slice$4010 ($dffe) from module FloatFMA.
Setting constant 0-bit at position 115 on $auto$ff.cc:337:slice$4010 ($dffe) from module FloatFMA.
Setting constant 0-bit at position 116 on $auto$ff.cc:337:slice$4010 ($dffe) from module FloatFMA.
Setting constant 0-bit at position 117 on $auto$ff.cc:337:slice$4010 ($dffe) from module FloatFMA.
Setting constant 0-bit at position 118 on $auto$ff.cc:337:slice$4010 ($dffe) from module FloatFMA.
Setting constant 0-bit at position 119 on $auto$ff.cc:337:slice$4010 ($dffe) from module FloatFMA.
Setting constant 0-bit at position 120 on $auto$ff.cc:337:slice$4010 ($dffe) from module FloatFMA.
Setting constant 0-bit at position 121 on $auto$ff.cc:337:slice$4010 ($dffe) from module FloatFMA.
Setting constant 0-bit at position 122 on $auto$ff.cc:337:slice$4010 ($dffe) from module FloatFMA.
Setting constant 0-bit at position 123 on $auto$ff.cc:337:slice$4010 ($dffe) from module FloatFMA.
Setting constant 0-bit at position 124 on $auto$ff.cc:337:slice$4010 ($dffe) from module FloatFMA.
Setting constant 0-bit at position 125 on $auto$ff.cc:337:slice$4010 ($dffe) from module FloatFMA.
Setting constant 0-bit at position 126 on $auto$ff.cc:337:slice$4010 ($dffe) from module FloatFMA.
Setting constant 0-bit at position 127 on $auto$ff.cc:337:slice$4010 ($dffe) from module FloatFMA.
Setting constant 0-bit at position 128 on $auto$ff.cc:337:slice$4010 ($dffe) from module FloatFMA.
Setting constant 0-bit at position 129 on $auto$ff.cc:337:slice$4010 ($dffe) from module FloatFMA.
Setting constant 0-bit at position 130 on $auto$ff.cc:337:slice$4010 ($dffe) from module FloatFMA.
Setting constant 0-bit at position 131 on $auto$ff.cc:337:slice$4010 ($dffe) from module FloatFMA.
Setting constant 0-bit at position 132 on $auto$ff.cc:337:slice$4010 ($dffe) from module FloatFMA.
Setting constant 0-bit at position 133 on $auto$ff.cc:337:slice$4010 ($dffe) from module FloatFMA.
Setting constant 0-bit at position 134 on $auto$ff.cc:337:slice$4010 ($dffe) from module FloatFMA.
Setting constant 0-bit at position 135 on $auto$ff.cc:337:slice$4010 ($dffe) from module FloatFMA.
Setting constant 0-bit at position 136 on $auto$ff.cc:337:slice$4010 ($dffe) from module FloatFMA.
Setting constant 0-bit at position 137 on $auto$ff.cc:337:slice$4010 ($dffe) from module FloatFMA.
Setting constant 0-bit at position 138 on $auto$ff.cc:337:slice$4010 ($dffe) from module FloatFMA.
Setting constant 0-bit at position 139 on $auto$ff.cc:337:slice$4010 ($dffe) from module FloatFMA.
Setting constant 0-bit at position 140 on $auto$ff.cc:337:slice$4010 ($dffe) from module FloatFMA.
Setting constant 0-bit at position 141 on $auto$ff.cc:337:slice$4010 ($dffe) from module FloatFMA.
Setting constant 0-bit at position 142 on $auto$ff.cc:337:slice$4010 ($dffe) from module FloatFMA.
Setting constant 0-bit at position 143 on $auto$ff.cc:337:slice$4010 ($dffe) from module FloatFMA.
Setting constant 0-bit at position 144 on $auto$ff.cc:337:slice$4010 ($dffe) from module FloatFMA.
Setting constant 0-bit at position 145 on $auto$ff.cc:337:slice$4010 ($dffe) from module FloatFMA.
Setting constant 0-bit at position 146 on $auto$ff.cc:337:slice$4010 ($dffe) from module FloatFMA.
Setting constant 0-bit at position 147 on $auto$ff.cc:337:slice$4010 ($dffe) from module FloatFMA.
Setting constant 0-bit at position 148 on $auto$ff.cc:337:slice$4010 ($dffe) from module FloatFMA.
Setting constant 0-bit at position 149 on $auto$ff.cc:337:slice$4010 ($dffe) from module FloatFMA.
Setting constant 0-bit at position 150 on $auto$ff.cc:337:slice$4010 ($dffe) from module FloatFMA.
Setting constant 0-bit at position 151 on $auto$ff.cc:337:slice$4010 ($dffe) from module FloatFMA.
Setting constant 0-bit at position 152 on $auto$ff.cc:337:slice$4010 ($dffe) from module FloatFMA.
Setting constant 0-bit at position 153 on $auto$ff.cc:337:slice$4010 ($dffe) from module FloatFMA.
Setting constant 0-bit at position 154 on $auto$ff.cc:337:slice$4010 ($dffe) from module FloatFMA.
Setting constant 0-bit at position 155 on $auto$ff.cc:337:slice$4010 ($dffe) from module FloatFMA.
Setting constant 0-bit at position 156 on $auto$ff.cc:337:slice$4010 ($dffe) from module FloatFMA.
Setting constant 0-bit at position 157 on $auto$ff.cc:337:slice$4010 ($dffe) from module FloatFMA.
Setting constant 0-bit at position 158 on $auto$ff.cc:337:slice$4010 ($dffe) from module FloatFMA.
Setting constant 0-bit at position 159 on $auto$ff.cc:337:slice$4010 ($dffe) from module FloatFMA.
Setting constant 0-bit at position 160 on $auto$ff.cc:337:slice$4010 ($dffe) from module FloatFMA.
Setting constant 0-bit at position 161 on $auto$ff.cc:337:slice$4010 ($dffe) from module FloatFMA.
Setting constant 0-bit at position 162 on $auto$ff.cc:337:slice$4010 ($dffe) from module FloatFMA.
Setting constant 0-bit at position 23 on $auto$ff.cc:337:slice$4007 ($dffe) from module FloatFMA.
Setting constant 0-bit at position 24 on $auto$ff.cc:337:slice$4007 ($dffe) from module FloatFMA.
Setting constant 0-bit at position 25 on $auto$ff.cc:337:slice$4007 ($dffe) from module FloatFMA.
Setting constant 0-bit at position 26 on $auto$ff.cc:337:slice$4007 ($dffe) from module FloatFMA.
Setting constant 0-bit at position 27 on $auto$ff.cc:337:slice$4007 ($dffe) from module FloatFMA.
Setting constant 0-bit at position 28 on $auto$ff.cc:337:slice$4007 ($dffe) from module FloatFMA.
Setting constant 0-bit at position 29 on $auto$ff.cc:337:slice$4007 ($dffe) from module FloatFMA.
Setting constant 0-bit at position 30 on $auto$ff.cc:337:slice$4007 ($dffe) from module FloatFMA.
Setting constant 0-bit at position 31 on $auto$ff.cc:337:slice$4007 ($dffe) from module FloatFMA.
Setting constant 0-bit at position 32 on $auto$ff.cc:337:slice$4007 ($dffe) from module FloatFMA.
Setting constant 0-bit at position 33 on $auto$ff.cc:337:slice$4007 ($dffe) from module FloatFMA.
Setting constant 0-bit at position 34 on $auto$ff.cc:337:slice$4007 ($dffe) from module FloatFMA.
Setting constant 0-bit at position 35 on $auto$ff.cc:337:slice$4007 ($dffe) from module FloatFMA.
Setting constant 0-bit at position 36 on $auto$ff.cc:337:slice$4007 ($dffe) from module FloatFMA.
Setting constant 0-bit at position 37 on $auto$ff.cc:337:slice$4007 ($dffe) from module FloatFMA.
Setting constant 0-bit at position 38 on $auto$ff.cc:337:slice$4007 ($dffe) from module FloatFMA.
Setting constant 0-bit at position 39 on $auto$ff.cc:337:slice$4007 ($dffe) from module FloatFMA.
Setting constant 0-bit at position 40 on $auto$ff.cc:337:slice$4007 ($dffe) from module FloatFMA.
Setting constant 0-bit at position 41 on $auto$ff.cc:337:slice$4007 ($dffe) from module FloatFMA.
Setting constant 0-bit at position 42 on $auto$ff.cc:337:slice$4007 ($dffe) from module FloatFMA.
Setting constant 0-bit at position 43 on $auto$ff.cc:337:slice$4007 ($dffe) from module FloatFMA.
Setting constant 0-bit at position 44 on $auto$ff.cc:337:slice$4007 ($dffe) from module FloatFMA.
Setting constant 0-bit at position 45 on $auto$ff.cc:337:slice$4007 ($dffe) from module FloatFMA.
Setting constant 0-bit at position 46 on $auto$ff.cc:337:slice$4007 ($dffe) from module FloatFMA.
Setting constant 0-bit at position 47 on $auto$ff.cc:337:slice$4007 ($dffe) from module FloatFMA.
Setting constant 0-bit at position 48 on $auto$ff.cc:337:slice$4007 ($dffe) from module FloatFMA.
Setting constant 0-bit at position 49 on $auto$ff.cc:337:slice$4007 ($dffe) from module FloatFMA.
Setting constant 0-bit at position 50 on $auto$ff.cc:337:slice$4007 ($dffe) from module FloatFMA.
Setting constant 0-bit at position 51 on $auto$ff.cc:337:slice$4007 ($dffe) from module FloatFMA.
Setting constant 0-bit at position 7 on $auto$ff.cc:337:slice$3996 ($dffe) from module FloatFMA.
Setting constant 0-bit at position 32 on $procdff$3794 ($dff) from module FloatFMA.
Setting constant 0-bit at position 33 on $procdff$3794 ($dff) from module FloatFMA.
Setting constant 0-bit at position 34 on $procdff$3794 ($dff) from module FloatFMA.
Setting constant 0-bit at position 35 on $procdff$3794 ($dff) from module FloatFMA.
Setting constant 0-bit at position 36 on $procdff$3794 ($dff) from module FloatFMA.
Setting constant 0-bit at position 37 on $procdff$3794 ($dff) from module FloatFMA.
Setting constant 0-bit at position 38 on $procdff$3794 ($dff) from module FloatFMA.
Setting constant 0-bit at position 39 on $procdff$3794 ($dff) from module FloatFMA.
Setting constant 0-bit at position 40 on $procdff$3794 ($dff) from module FloatFMA.
Setting constant 0-bit at position 41 on $procdff$3794 ($dff) from module FloatFMA.
Setting constant 0-bit at position 42 on $procdff$3794 ($dff) from module FloatFMA.
Setting constant 0-bit at position 43 on $procdff$3794 ($dff) from module FloatFMA.
Setting constant 0-bit at position 44 on $procdff$3794 ($dff) from module FloatFMA.
Setting constant 0-bit at position 45 on $procdff$3794 ($dff) from module FloatFMA.
Setting constant 0-bit at position 46 on $procdff$3794 ($dff) from module FloatFMA.
Setting constant 0-bit at position 47 on $procdff$3794 ($dff) from module FloatFMA.
Setting constant 0-bit at position 48 on $procdff$3794 ($dff) from module FloatFMA.
Setting constant 0-bit at position 49 on $procdff$3794 ($dff) from module FloatFMA.
Setting constant 0-bit at position 50 on $procdff$3794 ($dff) from module FloatFMA.
Setting constant 0-bit at position 51 on $procdff$3794 ($dff) from module FloatFMA.
Setting constant 0-bit at position 52 on $procdff$3794 ($dff) from module FloatFMA.
Setting constant 0-bit at position 53 on $procdff$3794 ($dff) from module FloatFMA.
Setting constant 0-bit at position 54 on $procdff$3794 ($dff) from module FloatFMA.
Setting constant 0-bit at position 55 on $procdff$3794 ($dff) from module FloatFMA.
Setting constant 0-bit at position 56 on $procdff$3794 ($dff) from module FloatFMA.
Setting constant 0-bit at position 57 on $procdff$3794 ($dff) from module FloatFMA.
Setting constant 0-bit at position 58 on $procdff$3794 ($dff) from module FloatFMA.
Setting constant 0-bit at position 59 on $procdff$3794 ($dff) from module FloatFMA.
Setting constant 0-bit at position 60 on $procdff$3794 ($dff) from module FloatFMA.
Setting constant 0-bit at position 61 on $procdff$3794 ($dff) from module FloatFMA.
Setting constant 0-bit at position 62 on $procdff$3794 ($dff) from module FloatFMA.
Setting constant 0-bit at position 63 on $procdff$3794 ($dff) from module FloatFMA.

4.7. Executing OPT_CLEAN pass (remove unused cells and wires).
Finding unused cells or wires in module \AecFp32Unit..
Finding unused cells or wires in module \AecResultLaneBank..
Finding unused cells or wires in module \AecWarpRequestBuffer..
Finding unused cells or wires in module \AecWarpRequestLaneBank..
Finding unused cells or wires in module \AecFpWarpRequestStage..
Finding unused cells or wires in module \AecFp32PipeUnit..
Finding unused cells or wires in module \FPToFP_7..
Finding unused cells or wires in module \FPDownConverter_1..
Finding unused cells or wires in module \ShiftRightJam_1..
Finding unused cells or wires in module \RoundingUnit_2..
Finding unused cells or wires in module \FPToFP_6..
Finding unused cells or wires in module \FPUpConverter_5..
Finding unused cells or wires in module \CLZ_5..
Finding unused cells or wires in module \FPToFP_5..
Finding unused cells or wires in module \FPDownConverter..
Finding unused cells or wires in module \ShiftRightJam..
Finding unused cells or wires in module \RoundingUnit..
Finding unused cells or wires in module \CompareRecFN_1..
Finding unused cells or wires in module \CompareRecFN..
Finding unused cells or wires in module \FPToFP..
Finding unused cells or wires in module \FPUpConverter..
Finding unused cells or wires in module \CLZ..
Finding unused cells or wires in module \Queue_2..
Finding unused cells or wires in module \Queue_1..
Finding unused cells or wires in module \YunSuanFmaPipe..
Finding unused cells or wires in module \Queue..
Finding unused cells or wires in module \FloatFMA..
Finding unused cells or wires in module \CSA_Nto2With3to2MainPipeline..
Finding unused cells or wires in module \CSA4to2..
Finding unused cells or wires in module \CSA3to2..
Finding unused cells or wires in module \BoothEncoderF64F32F16..
Removed 190 unused cells and 3194 unused wires.
<suppressed ~223 debug messages>

4.8. Executing OPT_EXPR pass (perform const folding).
Optimizing module AecFp32Unit.
<suppressed ~1 debug messages>
Optimizing module AecResultLaneBank.
Optimizing module AecWarpRequestBuffer.
Optimizing module AecWarpRequestLaneBank.
Optimizing module AecFpWarpRequestStage.
Optimizing module AecFp32PipeUnit.
Optimizing module FPToFP_7.
Optimizing module FPDownConverter_1.
Optimizing module ShiftRightJam_1.
Optimizing module RoundingUnit_2.
Optimizing module FPToFP_6.
Optimizing module FPUpConverter_5.
Optimizing module CLZ_5.
Optimizing module FPToFP_5.
Optimizing module FPDownConverter.
Optimizing module ShiftRightJam.
Optimizing module RoundingUnit.
Optimizing module CompareRecFN_1.
Optimizing module CompareRecFN.
Optimizing module FPToFP.
Optimizing module FPUpConverter.
Optimizing module CLZ.
Optimizing module Queue_2.
Optimizing module Queue_1.
Optimizing module YunSuanFmaPipe.
Optimizing module Queue.
Optimizing module FloatFMA.
Optimizing module CSA_Nto2With3to2MainPipeline.
Optimizing module CSA4to2.
Optimizing module CSA3to2.
Optimizing module BoothEncoderF64F32F16.
<suppressed ~17 debug messages>

4.9. Rerunning OPT passes. (Maybe there is more to do..)

4.10. Executing OPT_MUXTREE pass (detect dead branches in mux trees).
Running muxtree optimizer on module \AecFp32Unit..
  Creating internal representation of mux trees.
  Evaluating internal representation of mux trees.
  Analyzing evaluation results.
Running muxtree optimizer on module \AecResultLaneBank..
  Creating internal representation of mux trees.
  No muxes found in this module.
Running muxtree optimizer on module \AecWarpRequestBuffer..
  Creating internal representation of mux trees.
  No muxes found in this module.
Running muxtree optimizer on module \AecWarpRequestLaneBank..
  Creating internal representation of mux trees.
  Evaluating internal representation of mux trees.
  Analyzing evaluation results.
Running muxtree optimizer on module \AecFpWarpRequestStage..
  Creating internal representation of mux trees.
  Evaluating internal representation of mux trees.
  Analyzing evaluation results.
Running muxtree optimizer on module \AecFp32PipeUnit..
  Creating internal representation of mux trees.
  Evaluating internal representation of mux trees.
  Analyzing evaluation results.
Running muxtree optimizer on module \FPToFP_7..
  Creating internal representation of mux trees.
  No muxes found in this module.
Running muxtree optimizer on module \FPDownConverter_1..
  Creating internal representation of mux trees.
  Evaluating internal representation of mux trees.
  Analyzing evaluation results.
Running muxtree optimizer on module \ShiftRightJam_1..
  Creating internal representation of mux trees.
  Evaluating internal representation of mux trees.
  Analyzing evaluation results.
Running muxtree optimizer on module \RoundingUnit_2..
  Creating internal representation of mux trees.
  Evaluating internal representation of mux trees.
  Analyzing evaluation results.
Running muxtree optimizer on module \FPToFP_6..
  Creating internal representation of mux trees.
  No muxes found in this module.
Running muxtree optimizer on module \FPUpConverter_5..
  Creating internal representation of mux trees.
  Evaluating internal representation of mux trees.
  Analyzing evaluation results.
Running muxtree optimizer on module \CLZ_5..
  Creating internal representation of mux trees.
  Evaluating internal representation of mux trees.
  Analyzing evaluation results.
Running muxtree optimizer on module \FPToFP_5..
  Creating internal representation of mux trees.
  No muxes found in this module.
Running muxtree optimizer on module \FPDownConverter..
  Creating internal representation of mux trees.
  Evaluating internal representation of mux trees.
  Analyzing evaluation results.
Running muxtree optimizer on module \ShiftRightJam..
  Creating internal representation of mux trees.
  Evaluating internal representation of mux trees.
  Analyzing evaluation results.
Running muxtree optimizer on module \RoundingUnit..
  Creating internal representation of mux trees.
  Evaluating internal representation of mux trees.
  Analyzing evaluation results.
Running muxtree optimizer on module \CompareRecFN_1..
  Creating internal representation of mux trees.
  No muxes found in this module.
Running muxtree optimizer on module \CompareRecFN..
  Creating internal representation of mux trees.
  No muxes found in this module.
Running muxtree optimizer on module \FPToFP..
  Creating internal representation of mux trees.
  No muxes found in this module.
Running muxtree optimizer on module \FPUpConverter..
  Creating internal representation of mux trees.
  Evaluating internal representation of mux trees.
  Analyzing evaluation results.
Running muxtree optimizer on module \CLZ..
  Creating internal representation of mux trees.
  Evaluating internal representation of mux trees.
  Analyzing evaluation results.
Running muxtree optimizer on module \Queue_2..
  Creating internal representation of mux trees.
  Evaluating internal representation of mux trees.
  Analyzing evaluation results.
Running muxtree optimizer on module \Queue_1..
  Creating internal representation of mux trees.
  Evaluating internal representation of mux trees.
  Analyzing evaluation results.
Running muxtree optimizer on module \YunSuanFmaPipe..
  Creating internal representation of mux trees.
  Evaluating internal representation of mux trees.
  Analyzing evaluation results.
Running muxtree optimizer on module \Queue..
  Creating internal representation of mux trees.
  Evaluating internal representation of mux trees.
  Analyzing evaluation results.
Running muxtree optimizer on module \FloatFMA..
  Creating internal representation of mux trees.
  Evaluating internal representation of mux trees.
  Analyzing evaluation results.
Running muxtree optimizer on module \CSA_Nto2With3to2MainPipeline..
  Creating internal representation of mux trees.
  No muxes found in this module.
Running muxtree optimizer on module \CSA4to2..
  Creating internal representation of mux trees.
  Evaluating internal representation of mux trees.
  Analyzing evaluation results.
Running muxtree optimizer on module \CSA3to2..
  Creating internal representation of mux trees.
  No muxes found in this module.
Running muxtree optimizer on module \BoothEncoderF64F32F16..
  Creating internal representation of mux trees.
  Evaluating internal representation of mux trees.
  Analyzing evaluation results.
Removed 0 multiplexer ports.
<suppressed ~1464 debug messages>

4.11. Executing OPT_REDUCE pass (consolidate $*mux and $reduce_* inputs).
  Optimizing cells in module \AecFp32Unit.
  Optimizing cells in module \AecResultLaneBank.
  Optimizing cells in module \AecWarpRequestBuffer.
  Optimizing cells in module \AecWarpRequestLaneBank.
  Optimizing cells in module \AecFpWarpRequestStage.
  Optimizing cells in module \AecFp32PipeUnit.
  Optimizing cells in module \FPToFP_7.
  Optimizing cells in module \FPDownConverter_1.
  Optimizing cells in module \ShiftRightJam_1.
  Optimizing cells in module \RoundingUnit_2.
  Optimizing cells in module \FPToFP_6.
  Optimizing cells in module \FPUpConverter_5.
  Optimizing cells in module \CLZ_5.
  Optimizing cells in module \FPToFP_5.
  Optimizing cells in module \FPDownConverter.
  Optimizing cells in module \ShiftRightJam.
  Optimizing cells in module \RoundingUnit.
  Optimizing cells in module \CompareRecFN_1.
  Optimizing cells in module \CompareRecFN.
  Optimizing cells in module \FPToFP.
  Optimizing cells in module \FPUpConverter.
  Optimizing cells in module \CLZ.
  Optimizing cells in module \Queue_2.
  Optimizing cells in module \Queue_1.
  Optimizing cells in module \YunSuanFmaPipe.
  Optimizing cells in module \Queue.
  Optimizing cells in module \FloatFMA.
  Optimizing cells in module \CSA_Nto2With3to2MainPipeline.
  Optimizing cells in module \CSA4to2.
  Optimizing cells in module \CSA3to2.
  Optimizing cells in module \BoothEncoderF64F32F16.
Performed a total of 0 changes.

4.12. Executing OPT_MERGE pass (detect identical cells).
Finding identical cells in module `\AecFp32Unit'.
Computing hashes of 277 cells of `\AecFp32Unit'.
Finding duplicate cells in `\AecFp32Unit'.
Computing hashes of 276 cells of `\AecFp32Unit'.
Finding duplicate cells in `\AecFp32Unit'.
<suppressed ~3 debug messages>
Finding identical cells in module `\AecResultLaneBank'.
Computing hashes of 9 cells of `\AecResultLaneBank'.
Finding duplicate cells in `\AecResultLaneBank'.
Finding identical cells in module `\AecWarpRequestBuffer'.
Computing hashes of 11 cells of `\AecWarpRequestBuffer'.
Finding duplicate cells in `\AecWarpRequestBuffer'.
Finding identical cells in module `\AecWarpRequestLaneBank'.
Computing hashes of 54 cells of `\AecWarpRequestLaneBank'.
Finding duplicate cells in `\AecWarpRequestLaneBank'.
Finding identical cells in module `\AecFpWarpRequestStage'.
Computing hashes of 23 cells of `\AecFpWarpRequestStage'.
Finding duplicate cells in `\AecFpWarpRequestStage'.
Computing hashes of 19 cells of `\AecFpWarpRequestStage'.
Finding duplicate cells in `\AecFpWarpRequestStage'.
<suppressed ~12 debug messages>
Finding identical cells in module `\AecFp32PipeUnit'.
Computing hashes of 287 cells of `\AecFp32PipeUnit'.
Finding duplicate cells in `\AecFp32PipeUnit'.
Finding identical cells in module `\FPToFP_7'.
Computing hashes of 1 cells of `\FPToFP_7'.
Finding duplicate cells in `\FPToFP_7'.
Finding identical cells in module `\FPDownConverter_1'.
Computing hashes of 37 cells of `\FPDownConverter_1'.
Finding duplicate cells in `\FPDownConverter_1'.
Finding identical cells in module `\ShiftRightJam_1'.
Computing hashes of 9 cells of `\ShiftRightJam_1'.
Finding duplicate cells in `\ShiftRightJam_1'.
Finding identical cells in module `\RoundingUnit_2'.
Computing hashes of 9 cells of `\RoundingUnit_2'.
Finding duplicate cells in `\RoundingUnit_2'.
Finding identical cells in module `\FPToFP_6'.
Computing hashes of 1 cells of `\FPToFP_6'.
Finding duplicate cells in `\FPToFP_6'.
Finding identical cells in module `\FPUpConverter_5'.
Computing hashes of 24 cells of `\FPUpConverter_5'.
Finding duplicate cells in `\FPUpConverter_5'.
Finding identical cells in module `\CLZ_5'.
Computing hashes of 22 cells of `\CLZ_5'.
Finding duplicate cells in `\CLZ_5'.
Finding identical cells in module `\FPToFP_5'.
Computing hashes of 1 cells of `\FPToFP_5'.
Finding duplicate cells in `\FPToFP_5'.
Finding identical cells in module `\FPDownConverter'.
Computing hashes of 37 cells of `\FPDownConverter'.
Finding duplicate cells in `\FPDownConverter'.
Finding identical cells in module `\ShiftRightJam'.
Computing hashes of 9 cells of `\ShiftRightJam'.
Finding duplicate cells in `\ShiftRightJam'.
Finding identical cells in module `\RoundingUnit'.
Computing hashes of 9 cells of `\RoundingUnit'.
Finding duplicate cells in `\RoundingUnit'.
Finding identical cells in module `\CompareRecFN_1'.
Computing hashes of 47 cells of `\CompareRecFN_1'.
Finding duplicate cells in `\CompareRecFN_1'.
Finding identical cells in module `\CompareRecFN'.
Computing hashes of 47 cells of `\CompareRecFN'.
Finding duplicate cells in `\CompareRecFN'.
Finding identical cells in module `\FPToFP'.
Computing hashes of 1 cells of `\FPToFP'.
Finding duplicate cells in `\FPToFP'.
Finding identical cells in module `\FPUpConverter'.
Computing hashes of 24 cells of `\FPUpConverter'.
Finding duplicate cells in `\FPUpConverter'.
Finding identical cells in module `\CLZ'.
Computing hashes of 9 cells of `\CLZ'.
Finding duplicate cells in `\CLZ'.
Finding identical cells in module `\Queue_2'.
Computing hashes of 31 cells of `\Queue_2'.
Finding duplicate cells in `\Queue_2'.
Finding identical cells in module `\Queue_1'.
Computing hashes of 19 cells of `\Queue_1'.
Finding duplicate cells in `\Queue_1'.
Finding identical cells in module `\YunSuanFmaPipe'.
Computing hashes of 28 cells of `\YunSuanFmaPipe'.
Finding duplicate cells in `\YunSuanFmaPipe'.
Finding identical cells in module `\Queue'.
Computing hashes of 29 cells of `\Queue'.
Finding duplicate cells in `\Queue'.
Finding identical cells in module `\FloatFMA'.
Computing hashes of 462 cells of `\FloatFMA'.
Finding duplicate cells in `\FloatFMA'.
Computing hashes of 461 cells of `\FloatFMA'.
Finding duplicate cells in `\FloatFMA'.
<suppressed ~3 debug messages>
Finding identical cells in module `\CSA_Nto2With3to2MainPipeline'.
Computing hashes of 26 cells of `\CSA_Nto2With3to2MainPipeline'.
Finding duplicate cells in `\CSA_Nto2With3to2MainPipeline'.
Finding identical cells in module `\CSA4to2'.
Computing hashes of 639 cells of `\CSA4to2'.
Finding duplicate cells in `\CSA4to2'.
Finding identical cells in module `\CSA3to2'.
Computing hashes of 7 cells of `\CSA3to2'.
Finding duplicate cells in `\CSA3to2'.
Finding identical cells in module `\BoothEncoderF64F32F16'.
Computing hashes of 307 cells of `\BoothEncoderF64F32F16'.
Finding duplicate cells in `\BoothEncoderF64F32F16'.
Removed a total of 6 cells.

4.13. Executing OPT_DFF pass (perform DFF optimizations).
Adding SRST signal on $procdff$3575 ($dff) from module AecFp32Unit (D = \armCapture, Q = \armClusters_1, rval = 1'0).
Adding SRST signal on $procdff$3645 ($dff) from module AecWarpRequestLaneBank (D = \io_arm, Q = \maskCapture_3, rval = 1'0).
Adding SRST signal on $auto$ff.cc:337:slice$4020 ($dff) from module FloatFMA (D = \_lshift_value_max_f32_reg_d_T_2 [8], Q = \lshift_value_max_f64_reg0 [8], rval = 1'0).
Adding SRST signal on $auto$ff.cc:337:slice$4019 ($dff) from module FloatFMA (D = \Eab_f32 [8], Q = \E_greater_reg2_r [8], rval = 1'0).
Setting constant 0-bit at position 9 on $auto$ff.cc:337:slice$4013 ($dffe) from module FloatFMA.
Setting constant 0-bit at position 10 on $auto$ff.cc:337:slice$4013 ($dffe) from module FloatFMA.
Setting constant 0-bit at position 11 on $auto$ff.cc:337:slice$4013 ($dffe) from module FloatFMA.
Setting constant 0-bit at position 32 on $auto$ff.cc:337:slice$3990 ($dffe) from module FloatFMA.
Setting constant 0-bit at position 33 on $auto$ff.cc:337:slice$3990 ($dffe) from module FloatFMA.
Setting constant 0-bit at position 34 on $auto$ff.cc:337:slice$3990 ($dffe) from module FloatFMA.
Setting constant 0-bit at position 35 on $auto$ff.cc:337:slice$3990 ($dffe) from module FloatFMA.
Setting constant 0-bit at position 36 on $auto$ff.cc:337:slice$3990 ($dffe) from module FloatFMA.
Setting constant 0-bit at position 37 on $auto$ff.cc:337:slice$3990 ($dffe) from module FloatFMA.
Setting constant 0-bit at position 38 on $auto$ff.cc:337:slice$3990 ($dffe) from module FloatFMA.
Setting constant 0-bit at position 39 on $auto$ff.cc:337:slice$3990 ($dffe) from module FloatFMA.
Setting constant 0-bit at position 40 on $auto$ff.cc:337:slice$3990 ($dffe) from module FloatFMA.
Setting constant 0-bit at position 41 on $auto$ff.cc:337:slice$3990 ($dffe) from module FloatFMA.
Setting constant 0-bit at position 42 on $auto$ff.cc:337:slice$3990 ($dffe) from module FloatFMA.
Setting constant 0-bit at position 43 on $auto$ff.cc:337:slice$3990 ($dffe) from module FloatFMA.
Setting constant 0-bit at position 44 on $auto$ff.cc:337:slice$3990 ($dffe) from module FloatFMA.
Setting constant 0-bit at position 45 on $auto$ff.cc:337:slice$3990 ($dffe) from module FloatFMA.
Setting constant 0-bit at position 46 on $auto$ff.cc:337:slice$3990 ($dffe) from module FloatFMA.
Setting constant 0-bit at position 47 on $auto$ff.cc:337:slice$3990 ($dffe) from module FloatFMA.
Setting constant 0-bit at position 48 on $auto$ff.cc:337:slice$3990 ($dffe) from module FloatFMA.
Setting constant 0-bit at position 49 on $auto$ff.cc:337:slice$3990 ($dffe) from module FloatFMA.
Setting constant 0-bit at position 50 on $auto$ff.cc:337:slice$3990 ($dffe) from module FloatFMA.
Setting constant 0-bit at position 51 on $auto$ff.cc:337:slice$3990 ($dffe) from module FloatFMA.
Setting constant 0-bit at position 52 on $auto$ff.cc:337:slice$3990 ($dffe) from module FloatFMA.
Setting constant 0-bit at position 53 on $auto$ff.cc:337:slice$3990 ($dffe) from module FloatFMA.
Setting constant 0-bit at position 54 on $auto$ff.cc:337:slice$3990 ($dffe) from module FloatFMA.
Setting constant 0-bit at position 55 on $auto$ff.cc:337:slice$3990 ($dffe) from module FloatFMA.
Setting constant 0-bit at position 56 on $auto$ff.cc:337:slice$3990 ($dffe) from module FloatFMA.
Setting constant 0-bit at position 57 on $auto$ff.cc:337:slice$3990 ($dffe) from module FloatFMA.
Setting constant 0-bit at position 58 on $auto$ff.cc:337:slice$3990 ($dffe) from module FloatFMA.
Setting constant 0-bit at position 59 on $auto$ff.cc:337:slice$3990 ($dffe) from module FloatFMA.
Setting constant 0-bit at position 60 on $auto$ff.cc:337:slice$3990 ($dffe) from module FloatFMA.
Setting constant 0-bit at position 61 on $auto$ff.cc:337:slice$3990 ($dffe) from module FloatFMA.
Setting constant 0-bit at position 62 on $auto$ff.cc:337:slice$3990 ($dffe) from module FloatFMA.
Setting constant 0-bit at position 63 on $auto$ff.cc:337:slice$3990 ($dffe) from module FloatFMA.

4.14. Executing OPT_CLEAN pass (remove unused cells and wires).
Finding unused cells or wires in module \AecFp32Unit..
Finding unused cells or wires in module \AecResultLaneBank..
Finding unused cells or wires in module \AecWarpRequestBuffer..
Finding unused cells or wires in module \AecWarpRequestLaneBank..
Finding unused cells or wires in module \AecFpWarpRequestStage..
Finding unused cells or wires in module \AecFp32PipeUnit..
Finding unused cells or wires in module \FPToFP_7..
Finding unused cells or wires in module \FPDownConverter_1..
Finding unused cells or wires in module \ShiftRightJam_1..
Finding unused cells or wires in module \RoundingUnit_2..
Finding unused cells or wires in module \FPToFP_6..
Finding unused cells or wires in module \FPUpConverter_5..
Finding unused cells or wires in module \CLZ_5..
Finding unused cells or wires in module \FPToFP_5..
Finding unused cells or wires in module \FPDownConverter..
Finding unused cells or wires in module \ShiftRightJam..
Finding unused cells or wires in module \RoundingUnit..
Finding unused cells or wires in module \CompareRecFN_1..
Finding unused cells or wires in module \CompareRecFN..
Finding unused cells or wires in module \FPToFP..
Finding unused cells or wires in module \FPUpConverter..
Finding unused cells or wires in module \CLZ..
Finding unused cells or wires in module \Queue_2..
Finding unused cells or wires in module \Queue_1..
Finding unused cells or wires in module \YunSuanFmaPipe..
Finding unused cells or wires in module \Queue..
Finding unused cells or wires in module \FloatFMA..
Finding unused cells or wires in module \CSA_Nto2With3to2MainPipeline..
Finding unused cells or wires in module \CSA4to2..
Finding unused cells or wires in module \CSA3to2..
Finding unused cells or wires in module \BoothEncoderF64F32F16..
Removed 2 unused cells and 16 unused wires.
<suppressed ~6 debug messages>

4.15. Executing OPT_EXPR pass (perform const folding).
Optimizing module AecFp32Unit.
Optimizing module AecResultLaneBank.
Optimizing module AecWarpRequestBuffer.
Optimizing module AecWarpRequestLaneBank.
Optimizing module AecFpWarpRequestStage.
Optimizing module AecFp32PipeUnit.
Optimizing module FPToFP_7.
Optimizing module FPDownConverter_1.
Optimizing module ShiftRightJam_1.
Optimizing module RoundingUnit_2.
Optimizing module FPToFP_6.
Optimizing module FPUpConverter_5.
Optimizing module CLZ_5.
Optimizing module FPToFP_5.
Optimizing module FPDownConverter.
Optimizing module ShiftRightJam.
Optimizing module RoundingUnit.
Optimizing module CompareRecFN_1.
Optimizing module CompareRecFN.
Optimizing module FPToFP.
Optimizing module FPUpConverter.
Optimizing module CLZ.
Optimizing module Queue_2.
Optimizing module Queue_1.
Optimizing module YunSuanFmaPipe.
Optimizing module Queue.
Optimizing module FloatFMA.
Optimizing module CSA_Nto2With3to2MainPipeline.
Optimizing module CSA4to2.
Optimizing module CSA3to2.
Optimizing module BoothEncoderF64F32F16.

4.16. Rerunning OPT passes. (Maybe there is more to do..)

4.17. Executing OPT_MUXTREE pass (detect dead branches in mux trees).
Running muxtree optimizer on module \AecFp32Unit..
  Creating internal representation of mux trees.
  Evaluating internal representation of mux trees.
  Analyzing evaluation results.
Running muxtree optimizer on module \AecResultLaneBank..
  Creating internal representation of mux trees.
  No muxes found in this module.
Running muxtree optimizer on module \AecWarpRequestBuffer..
  Creating internal representation of mux trees.
  No muxes found in this module.
Running muxtree optimizer on module \AecWarpRequestLaneBank..
  Creating internal representation of mux trees.
  No muxes found in this module.
Running muxtree optimizer on module \AecFpWarpRequestStage..
  Creating internal representation of mux trees.
  Evaluating internal representation of mux trees.
  Analyzing evaluation results.
Running muxtree optimizer on module \AecFp32PipeUnit..
  Creating internal representation of mux trees.
  Evaluating internal representation of mux trees.
  Analyzing evaluation results.
Running muxtree optimizer on module \FPToFP_7..
  Creating internal representation of mux trees.
  No muxes found in this module.
Running muxtree optimizer on module \FPDownConverter_1..
  Creating internal representation of mux trees.
  Evaluating internal representation of mux trees.
  Analyzing evaluation results.
Running muxtree optimizer on module \ShiftRightJam_1..
  Creating internal representation of mux trees.
  Evaluating internal representation of mux trees.
  Analyzing evaluation results.
Running muxtree optimizer on module \RoundingUnit_2..
  Creating internal representation of mux trees.
  Evaluating internal representation of mux trees.
  Analyzing evaluation results.
Running muxtree optimizer on module \FPToFP_6..
  Creating internal representation of mux trees.
  No muxes found in this module.
Running muxtree optimizer on module \FPUpConverter_5..
  Creating internal representation of mux trees.
  Evaluating internal representation of mux trees.
  Analyzing evaluation results.
Running muxtree optimizer on module \CLZ_5..
  Creating internal representation of mux trees.
  Evaluating internal representation of mux trees.
  Analyzing evaluation results.
Running muxtree optimizer on module \FPToFP_5..
  Creating internal representation of mux trees.
  No muxes found in this module.
Running muxtree optimizer on module \FPDownConverter..
  Creating internal representation of mux trees.
  Evaluating internal representation of mux trees.
  Analyzing evaluation results.
Running muxtree optimizer on module \ShiftRightJam..
  Creating internal representation of mux trees.
  Evaluating internal representation of mux trees.
  Analyzing evaluation results.
Running muxtree optimizer on module \RoundingUnit..
  Creating internal representation of mux trees.
  Evaluating internal representation of mux trees.
  Analyzing evaluation results.
Running muxtree optimizer on module \CompareRecFN_1..
  Creating internal representation of mux trees.
  No muxes found in this module.
Running muxtree optimizer on module \CompareRecFN..
  Creating internal representation of mux trees.
  No muxes found in this module.
Running muxtree optimizer on module \FPToFP..
  Creating internal representation of mux trees.
  No muxes found in this module.
Running muxtree optimizer on module \FPUpConverter..
  Creating internal representation of mux trees.
  Evaluating internal representation of mux trees.
  Analyzing evaluation results.
Running muxtree optimizer on module \CLZ..
  Creating internal representation of mux trees.
  Evaluating internal representation of mux trees.
  Analyzing evaluation results.
Running muxtree optimizer on module \Queue_2..
  Creating internal representation of mux trees.
  Evaluating internal representation of mux trees.
  Analyzing evaluation results.
Running muxtree optimizer on module \Queue_1..
  Creating internal representation of mux trees.
  Evaluating internal representation of mux trees.
  Analyzing evaluation results.
Running muxtree optimizer on module \YunSuanFmaPipe..
  Creating internal representation of mux trees.
  Evaluating internal representation of mux trees.
  Analyzing evaluation results.
Running muxtree optimizer on module \Queue..
  Creating internal representation of mux trees.
  Evaluating internal representation of mux trees.
  Analyzing evaluation results.
Running muxtree optimizer on module \FloatFMA..
  Creating internal representation of mux trees.
  Evaluating internal representation of mux trees.
  Analyzing evaluation results.
Running muxtree optimizer on module \CSA_Nto2With3to2MainPipeline..
  Creating internal representation of mux trees.
  No muxes found in this module.
Running muxtree optimizer on module \CSA4to2..
  Creating internal representation of mux trees.
  Evaluating internal representation of mux trees.
  Analyzing evaluation results.
Running muxtree optimizer on module \CSA3to2..
  Creating internal representation of mux trees.
  No muxes found in this module.
Running muxtree optimizer on module \BoothEncoderF64F32F16..
  Creating internal representation of mux trees.
  Evaluating internal representation of mux trees.
  Analyzing evaluation results.
Removed 0 multiplexer ports.
<suppressed ~1460 debug messages>

4.18. Executing OPT_REDUCE pass (consolidate $*mux and $reduce_* inputs).
  Optimizing cells in module \AecFp32Unit.
  Optimizing cells in module \AecResultLaneBank.
  Optimizing cells in module \AecWarpRequestBuffer.
  Optimizing cells in module \AecWarpRequestLaneBank.
  Optimizing cells in module \AecFpWarpRequestStage.
  Optimizing cells in module \AecFp32PipeUnit.
  Optimizing cells in module \FPToFP_7.
  Optimizing cells in module \FPDownConverter_1.
  Optimizing cells in module \ShiftRightJam_1.
  Optimizing cells in module \RoundingUnit_2.
  Optimizing cells in module \FPToFP_6.
  Optimizing cells in module \FPUpConverter_5.
  Optimizing cells in module \CLZ_5.
  Optimizing cells in module \FPToFP_5.
  Optimizing cells in module \FPDownConverter.
  Optimizing cells in module \ShiftRightJam.
  Optimizing cells in module \RoundingUnit.
  Optimizing cells in module \CompareRecFN_1.
  Optimizing cells in module \CompareRecFN.
  Optimizing cells in module \FPToFP.
  Optimizing cells in module \FPUpConverter.
  Optimizing cells in module \CLZ.
  Optimizing cells in module \Queue_2.
  Optimizing cells in module \Queue_1.
  Optimizing cells in module \YunSuanFmaPipe.
  Optimizing cells in module \Queue.
  Optimizing cells in module \FloatFMA.
  Optimizing cells in module \CSA_Nto2With3to2MainPipeline.
  Optimizing cells in module \CSA4to2.
  Optimizing cells in module \CSA3to2.
  Optimizing cells in module \BoothEncoderF64F32F16.
Performed a total of 0 changes.

4.19. Executing OPT_MERGE pass (detect identical cells).
Finding identical cells in module `\AecFp32Unit'.
Computing hashes of 275 cells of `\AecFp32Unit'.
Finding duplicate cells in `\AecFp32Unit'.
Finding identical cells in module `\AecResultLaneBank'.
Computing hashes of 9 cells of `\AecResultLaneBank'.
Finding duplicate cells in `\AecResultLaneBank'.
Finding identical cells in module `\AecWarpRequestBuffer'.
Computing hashes of 11 cells of `\AecWarpRequestBuffer'.
Finding duplicate cells in `\AecWarpRequestBuffer'.
Finding identical cells in module `\AecWarpRequestLaneBank'.
Computing hashes of 53 cells of `\AecWarpRequestLaneBank'.
Finding duplicate cells in `\AecWarpRequestLaneBank'.
Finding identical cells in module `\AecFpWarpRequestStage'.
Computing hashes of 19 cells of `\AecFpWarpRequestStage'.
Finding duplicate cells in `\AecFpWarpRequestStage'.
Finding identical cells in module `\AecFp32PipeUnit'.
Computing hashes of 287 cells of `\AecFp32PipeUnit'.
Finding duplicate cells in `\AecFp32PipeUnit'.
Finding identical cells in module `\FPToFP_7'.
Computing hashes of 1 cells of `\FPToFP_7'.
Finding duplicate cells in `\FPToFP_7'.
Finding identical cells in module `\FPDownConverter_1'.
Computing hashes of 37 cells of `\FPDownConverter_1'.
Finding duplicate cells in `\FPDownConverter_1'.
Finding identical cells in module `\ShiftRightJam_1'.
Computing hashes of 9 cells of `\ShiftRightJam_1'.
Finding duplicate cells in `\ShiftRightJam_1'.
Finding identical cells in module `\RoundingUnit_2'.
Computing hashes of 9 cells of `\RoundingUnit_2'.
Finding duplicate cells in `\RoundingUnit_2'.
Finding identical cells in module `\FPToFP_6'.
Computing hashes of 1 cells of `\FPToFP_6'.
Finding duplicate cells in `\FPToFP_6'.
Finding identical cells in module `\FPUpConverter_5'.
Computing hashes of 24 cells of `\FPUpConverter_5'.
Finding duplicate cells in `\FPUpConverter_5'.
Finding identical cells in module `\CLZ_5'.
Computing hashes of 22 cells of `\CLZ_5'.
Finding duplicate cells in `\CLZ_5'.
Finding identical cells in module `\FPToFP_5'.
Computing hashes of 1 cells of `\FPToFP_5'.
Finding duplicate cells in `\FPToFP_5'.
Finding identical cells in module `\FPDownConverter'.
Computing hashes of 37 cells of `\FPDownConverter'.
Finding duplicate cells in `\FPDownConverter'.
Finding identical cells in module `\ShiftRightJam'.
Computing hashes of 9 cells of `\ShiftRightJam'.
Finding duplicate cells in `\ShiftRightJam'.
Finding identical cells in module `\RoundingUnit'.
Computing hashes of 9 cells of `\RoundingUnit'.
Finding duplicate cells in `\RoundingUnit'.
Finding identical cells in module `\CompareRecFN_1'.
Computing hashes of 47 cells of `\CompareRecFN_1'.
Finding duplicate cells in `\CompareRecFN_1'.
Finding identical cells in module `\CompareRecFN'.
Computing hashes of 47 cells of `\CompareRecFN'.
Finding duplicate cells in `\CompareRecFN'.
Finding identical cells in module `\FPToFP'.
Computing hashes of 1 cells of `\FPToFP'.
Finding duplicate cells in `\FPToFP'.
Finding identical cells in module `\FPUpConverter'.
Computing hashes of 24 cells of `\FPUpConverter'.
Finding duplicate cells in `\FPUpConverter'.
Finding identical cells in module `\CLZ'.
Computing hashes of 9 cells of `\CLZ'.
Finding duplicate cells in `\CLZ'.
Finding identical cells in module `\Queue_2'.
Computing hashes of 31 cells of `\Queue_2'.
Finding duplicate cells in `\Queue_2'.
Finding identical cells in module `\Queue_1'.
Computing hashes of 19 cells of `\Queue_1'.
Finding duplicate cells in `\Queue_1'.
Finding identical cells in module `\YunSuanFmaPipe'.
Computing hashes of 28 cells of `\YunSuanFmaPipe'.
Finding duplicate cells in `\YunSuanFmaPipe'.
Finding identical cells in module `\Queue'.
Computing hashes of 29 cells of `\Queue'.
Finding duplicate cells in `\Queue'.
Finding identical cells in module `\FloatFMA'.
Computing hashes of 463 cells of `\FloatFMA'.
Finding duplicate cells in `\FloatFMA'.
Finding identical cells in module `\CSA_Nto2With3to2MainPipeline'.
Computing hashes of 26 cells of `\CSA_Nto2With3to2MainPipeline'.
Finding duplicate cells in `\CSA_Nto2With3to2MainPipeline'.
Finding identical cells in module `\CSA4to2'.
Computing hashes of 639 cells of `\CSA4to2'.
Finding duplicate cells in `\CSA4to2'.
Finding identical cells in module `\CSA3to2'.
Computing hashes of 7 cells of `\CSA3to2'.
Finding duplicate cells in `\CSA3to2'.
Finding identical cells in module `\BoothEncoderF64F32F16'.
Computing hashes of 307 cells of `\BoothEncoderF64F32F16'.
Finding duplicate cells in `\BoothEncoderF64F32F16'.
Removed a total of 0 cells.

4.20. Executing OPT_DFF pass (perform DFF optimizations).
Setting constant 0-bit at position 9 on $auto$ff.cc:337:slice$4012 ($dffe) from module FloatFMA.
Setting constant 0-bit at position 10 on $auto$ff.cc:337:slice$4012 ($dffe) from module FloatFMA.
Setting constant 0-bit at position 11 on $auto$ff.cc:337:slice$4012 ($dffe) from module FloatFMA.
Setting constant 0-bit at position 32 on $auto$ff.cc:337:slice$3989 ($dffe) from module FloatFMA.
Setting constant 0-bit at position 33 on $auto$ff.cc:337:slice$3989 ($dffe) from module FloatFMA.
Setting constant 0-bit at position 34 on $auto$ff.cc:337:slice$3989 ($dffe) from module FloatFMA.
Setting constant 0-bit at position 35 on $auto$ff.cc:337:slice$3989 ($dffe) from module FloatFMA.
Setting constant 0-bit at position 36 on $auto$ff.cc:337:slice$3989 ($dffe) from module FloatFMA.
Setting constant 0-bit at position 37 on $auto$ff.cc:337:slice$3989 ($dffe) from module FloatFMA.
Setting constant 0-bit at position 38 on $auto$ff.cc:337:slice$3989 ($dffe) from module FloatFMA.
Setting constant 0-bit at position 39 on $auto$ff.cc:337:slice$3989 ($dffe) from module FloatFMA.
Setting constant 0-bit at position 40 on $auto$ff.cc:337:slice$3989 ($dffe) from module FloatFMA.
Setting constant 0-bit at position 41 on $auto$ff.cc:337:slice$3989 ($dffe) from module FloatFMA.
Setting constant 0-bit at position 42 on $auto$ff.cc:337:slice$3989 ($dffe) from module FloatFMA.
Setting constant 0-bit at position 43 on $auto$ff.cc:337:slice$3989 ($dffe) from module FloatFMA.
Setting constant 0-bit at position 44 on $auto$ff.cc:337:slice$3989 ($dffe) from module FloatFMA.
Setting constant 0-bit at position 45 on $auto$ff.cc:337:slice$3989 ($dffe) from module FloatFMA.
Setting constant 0-bit at position 46 on $auto$ff.cc:337:slice$3989 ($dffe) from module FloatFMA.
Setting constant 0-bit at position 47 on $auto$ff.cc:337:slice$3989 ($dffe) from module FloatFMA.
Setting constant 0-bit at position 48 on $auto$ff.cc:337:slice$3989 ($dffe) from module FloatFMA.
Setting constant 0-bit at position 49 on $auto$ff.cc:337:slice$3989 ($dffe) from module FloatFMA.
Setting constant 0-bit at position 50 on $auto$ff.cc:337:slice$3989 ($dffe) from module FloatFMA.
Setting constant 0-bit at position 51 on $auto$ff.cc:337:slice$3989 ($dffe) from module FloatFMA.
Setting constant 0-bit at position 52 on $auto$ff.cc:337:slice$3989 ($dffe) from module FloatFMA.
Setting constant 0-bit at position 53 on $auto$ff.cc:337:slice$3989 ($dffe) from module FloatFMA.
Setting constant 0-bit at position 54 on $auto$ff.cc:337:slice$3989 ($dffe) from module FloatFMA.
Setting constant 0-bit at position 55 on $auto$ff.cc:337:slice$3989 ($dffe) from module FloatFMA.
Setting constant 0-bit at position 56 on $auto$ff.cc:337:slice$3989 ($dffe) from module FloatFMA.
Setting constant 0-bit at position 57 on $auto$ff.cc:337:slice$3989 ($dffe) from module FloatFMA.
Setting constant 0-bit at position 58 on $auto$ff.cc:337:slice$3989 ($dffe) from module FloatFMA.
Setting constant 0-bit at position 59 on $auto$ff.cc:337:slice$3989 ($dffe) from module FloatFMA.
Setting constant 0-bit at position 60 on $auto$ff.cc:337:slice$3989 ($dffe) from module FloatFMA.
Setting constant 0-bit at position 61 on $auto$ff.cc:337:slice$3989 ($dffe) from module FloatFMA.
Setting constant 0-bit at position 62 on $auto$ff.cc:337:slice$3989 ($dffe) from module FloatFMA.
Setting constant 0-bit at position 63 on $auto$ff.cc:337:slice$3989 ($dffe) from module FloatFMA.

4.21. Executing OPT_CLEAN pass (remove unused cells and wires).
Finding unused cells or wires in module \AecFp32Unit..
Finding unused cells or wires in module \AecResultLaneBank..
Finding unused cells or wires in module \AecWarpRequestBuffer..
Finding unused cells or wires in module \AecWarpRequestLaneBank..
Finding unused cells or wires in module \AecFpWarpRequestStage..
Finding unused cells or wires in module \AecFp32PipeUnit..
Finding unused cells or wires in module \FPToFP_7..
Finding unused cells or wires in module \FPDownConverter_1..
Finding unused cells or wires in module \ShiftRightJam_1..
Finding unused cells or wires in module \RoundingUnit_2..
Finding unused cells or wires in module \FPToFP_6..
Finding unused cells or wires in module \FPUpConverter_5..
Finding unused cells or wires in module \CLZ_5..
Finding unused cells or wires in module \FPToFP_5..
Finding unused cells or wires in module \FPDownConverter..
Finding unused cells or wires in module \ShiftRightJam..
Finding unused cells or wires in module \RoundingUnit..
Finding unused cells or wires in module \CompareRecFN_1..
Finding unused cells or wires in module \CompareRecFN..
Finding unused cells or wires in module \FPToFP..
Finding unused cells or wires in module \FPUpConverter..
Finding unused cells or wires in module \CLZ..
Finding unused cells or wires in module \Queue_2..
Finding unused cells or wires in module \Queue_1..
Finding unused cells or wires in module \YunSuanFmaPipe..
Finding unused cells or wires in module \Queue..
Finding unused cells or wires in module \FloatFMA..
Finding unused cells or wires in module \CSA_Nto2With3to2MainPipeline..
Finding unused cells or wires in module \CSA4to2..
Finding unused cells or wires in module \CSA3to2..
Finding unused cells or wires in module \BoothEncoderF64F32F16..

4.22. Executing OPT_EXPR pass (perform const folding).
Optimizing module AecFp32Unit.
Optimizing module AecResultLaneBank.
Optimizing module AecWarpRequestBuffer.
Optimizing module AecWarpRequestLaneBank.
Optimizing module AecFpWarpRequestStage.
Optimizing module AecFp32PipeUnit.
Optimizing module FPToFP_7.
Optimizing module FPDownConverter_1.
Optimizing module ShiftRightJam_1.
Optimizing module RoundingUnit_2.
Optimizing module FPToFP_6.
Optimizing module FPUpConverter_5.
Optimizing module CLZ_5.
Optimizing module FPToFP_5.
Optimizing module FPDownConverter.
Optimizing module ShiftRightJam.
Optimizing module RoundingUnit.
Optimizing module CompareRecFN_1.
Optimizing module CompareRecFN.
Optimizing module FPToFP.
Optimizing module FPUpConverter.
Optimizing module CLZ.
Optimizing module Queue_2.
Optimizing module Queue_1.
Optimizing module YunSuanFmaPipe.
Optimizing module Queue.
Optimizing module FloatFMA.
Optimizing module CSA_Nto2With3to2MainPipeline.
Optimizing module CSA4to2.
Optimizing module CSA3to2.
Optimizing module BoothEncoderF64F32F16.

4.23. Rerunning OPT passes. (Maybe there is more to do..)

4.24. Executing OPT_MUXTREE pass (detect dead branches in mux trees).
Running muxtree optimizer on module \AecFp32Unit..
  Creating internal representation of mux trees.
  Evaluating internal representation of mux trees.
  Analyzing evaluation results.
Running muxtree optimizer on module \AecResultLaneBank..
  Creating internal representation of mux trees.
  No muxes found in this module.
Running muxtree optimizer on module \AecWarpRequestBuffer..
  Creating internal representation of mux trees.
  No muxes found in this module.
Running muxtree optimizer on module \AecWarpRequestLaneBank..
  Creating internal representation of mux trees.
  No muxes found in this module.
Running muxtree optimizer on module \AecFpWarpRequestStage..
  Creating internal representation of mux trees.
  Evaluating internal representation of mux trees.
  Analyzing evaluation results.
Running muxtree optimizer on module \AecFp32PipeUnit..
  Creating internal representation of mux trees.
  Evaluating internal representation of mux trees.
  Analyzing evaluation results.
Running muxtree optimizer on module \FPToFP_7..
  Creating internal representation of mux trees.
  No muxes found in this module.
Running muxtree optimizer on module \FPDownConverter_1..
  Creating internal representation of mux trees.
  Evaluating internal representation of mux trees.
  Analyzing evaluation results.
Running muxtree optimizer on module \ShiftRightJam_1..
  Creating internal representation of mux trees.
  Evaluating internal representation of mux trees.
  Analyzing evaluation results.
Running muxtree optimizer on module \RoundingUnit_2..
  Creating internal representation of mux trees.
  Evaluating internal representation of mux trees.
  Analyzing evaluation results.
Running muxtree optimizer on module \FPToFP_6..
  Creating internal representation of mux trees.
  No muxes found in this module.
Running muxtree optimizer on module \FPUpConverter_5..
  Creating internal representation of mux trees.
  Evaluating internal representation of mux trees.
  Analyzing evaluation results.
Running muxtree optimizer on module \CLZ_5..
  Creating internal representation of mux trees.
  Evaluating internal representation of mux trees.
  Analyzing evaluation results.
Running muxtree optimizer on module \FPToFP_5..
  Creating internal representation of mux trees.
  No muxes found in this module.
Running muxtree optimizer on module \FPDownConverter..
  Creating internal representation of mux trees.
  Evaluating internal representation of mux trees.
  Analyzing evaluation results.
Running muxtree optimizer on module \ShiftRightJam..
  Creating internal representation of mux trees.
  Evaluating internal representation of mux trees.
  Analyzing evaluation results.
Running muxtree optimizer on module \RoundingUnit..
  Creating internal representation of mux trees.
  Evaluating internal representation of mux trees.
  Analyzing evaluation results.
Running muxtree optimizer on module \CompareRecFN_1..
  Creating internal representation of mux trees.
  No muxes found in this module.
Running muxtree optimizer on module \CompareRecFN..
  Creating internal representation of mux trees.
  No muxes found in this module.
Running muxtree optimizer on module \FPToFP..
  Creating internal representation of mux trees.
  No muxes found in this module.
Running muxtree optimizer on module \FPUpConverter..
  Creating internal representation of mux trees.
  Evaluating internal representation of mux trees.
  Analyzing evaluation results.
Running muxtree optimizer on module \CLZ..
  Creating internal representation of mux trees.
  Evaluating internal representation of mux trees.
  Analyzing evaluation results.
Running muxtree optimizer on module \Queue_2..
  Creating internal representation of mux trees.
  Evaluating internal representation of mux trees.
  Analyzing evaluation results.
Running muxtree optimizer on module \Queue_1..
  Creating internal representation of mux trees.
  Evaluating internal representation of mux trees.
  Analyzing evaluation results.
Running muxtree optimizer on module \YunSuanFmaPipe..
  Creating internal representation of mux trees.
  Evaluating internal representation of mux trees.
  Analyzing evaluation results.
Running muxtree optimizer on module \Queue..
  Creating internal representation of mux trees.
  Evaluating internal representation of mux trees.
  Analyzing evaluation results.
Running muxtree optimizer on module \FloatFMA..
  Creating internal representation of mux trees.
  Evaluating internal representation of mux trees.
  Analyzing evaluation results.
Running muxtree optimizer on module \CSA_Nto2With3to2MainPipeline..
  Creating internal representation of mux trees.
  No muxes found in this module.
Running muxtree optimizer on module \CSA4to2..
  Creating internal representation of mux trees.
  Evaluating internal representation of mux trees.
  Analyzing evaluation results.
Running muxtree optimizer on module \CSA3to2..
  Creating internal representation of mux trees.
  No muxes found in this module.
Running muxtree optimizer on module \BoothEncoderF64F32F16..
  Creating internal representation of mux trees.
  Evaluating internal representation of mux trees.
  Analyzing evaluation results.
Removed 0 multiplexer ports.
<suppressed ~1460 debug messages>

4.25. Executing OPT_REDUCE pass (consolidate $*mux and $reduce_* inputs).
  Optimizing cells in module \AecFp32Unit.
  Optimizing cells in module \AecResultLaneBank.
  Optimizing cells in module \AecWarpRequestBuffer.
  Optimizing cells in module \AecWarpRequestLaneBank.
  Optimizing cells in module \AecFpWarpRequestStage.
  Optimizing cells in module \AecFp32PipeUnit.
  Optimizing cells in module \FPToFP_7.
  Optimizing cells in module \FPDownConverter_1.
  Optimizing cells in module \ShiftRightJam_1.
  Optimizing cells in module \RoundingUnit_2.
  Optimizing cells in module \FPToFP_6.
  Optimizing cells in module \FPUpConverter_5.
  Optimizing cells in module \CLZ_5.
  Optimizing cells in module \FPToFP_5.
  Optimizing cells in module \FPDownConverter.
  Optimizing cells in module \ShiftRightJam.
  Optimizing cells in module \RoundingUnit.
  Optimizing cells in module \CompareRecFN_1.
  Optimizing cells in module \CompareRecFN.
  Optimizing cells in module \FPToFP.
  Optimizing cells in module \FPUpConverter.
  Optimizing cells in module \CLZ.
  Optimizing cells in module \Queue_2.
  Optimizing cells in module \Queue_1.
  Optimizing cells in module \YunSuanFmaPipe.
  Optimizing cells in module \Queue.
  Optimizing cells in module \FloatFMA.
  Optimizing cells in module \CSA_Nto2With3to2MainPipeline.
  Optimizing cells in module \CSA4to2.
  Optimizing cells in module \CSA3to2.
  Optimizing cells in module \BoothEncoderF64F32F16.
Performed a total of 0 changes.

4.26. Executing OPT_MERGE pass (detect identical cells).
Finding identical cells in module `\AecFp32Unit'.
Computing hashes of 275 cells of `\AecFp32Unit'.
Finding duplicate cells in `\AecFp32Unit'.
Finding identical cells in module `\AecResultLaneBank'.
Computing hashes of 9 cells of `\AecResultLaneBank'.
Finding duplicate cells in `\AecResultLaneBank'.
Finding identical cells in module `\AecWarpRequestBuffer'.
Computing hashes of 11 cells of `\AecWarpRequestBuffer'.
Finding duplicate cells in `\AecWarpRequestBuffer'.
Finding identical cells in module `\AecWarpRequestLaneBank'.
Computing hashes of 53 cells of `\AecWarpRequestLaneBank'.
Finding duplicate cells in `\AecWarpRequestLaneBank'.
Finding identical cells in module `\AecFpWarpRequestStage'.
Computing hashes of 19 cells of `\AecFpWarpRequestStage'.
Finding duplicate cells in `\AecFpWarpRequestStage'.
Finding identical cells in module `\AecFp32PipeUnit'.
Computing hashes of 287 cells of `\AecFp32PipeUnit'.
Finding duplicate cells in `\AecFp32PipeUnit'.
Finding identical cells in module `\FPToFP_7'.
Computing hashes of 1 cells of `\FPToFP_7'.
Finding duplicate cells in `\FPToFP_7'.
Finding identical cells in module `\FPDownConverter_1'.
Computing hashes of 37 cells of `\FPDownConverter_1'.
Finding duplicate cells in `\FPDownConverter_1'.
Finding identical cells in module `\ShiftRightJam_1'.
Computing hashes of 9 cells of `\ShiftRightJam_1'.
Finding duplicate cells in `\ShiftRightJam_1'.
Finding identical cells in module `\RoundingUnit_2'.
Computing hashes of 9 cells of `\RoundingUnit_2'.
Finding duplicate cells in `\RoundingUnit_2'.
Finding identical cells in module `\FPToFP_6'.
Computing hashes of 1 cells of `\FPToFP_6'.
Finding duplicate cells in `\FPToFP_6'.
Finding identical cells in module `\FPUpConverter_5'.
Computing hashes of 24 cells of `\FPUpConverter_5'.
Finding duplicate cells in `\FPUpConverter_5'.
Finding identical cells in module `\CLZ_5'.
Computing hashes of 22 cells of `\CLZ_5'.
Finding duplicate cells in `\CLZ_5'.
Finding identical cells in module `\FPToFP_5'.
Computing hashes of 1 cells of `\FPToFP_5'.
Finding duplicate cells in `\FPToFP_5'.
Finding identical cells in module `\FPDownConverter'.
Computing hashes of 37 cells of `\FPDownConverter'.
Finding duplicate cells in `\FPDownConverter'.
Finding identical cells in module `\ShiftRightJam'.
Computing hashes of 9 cells of `\ShiftRightJam'.
Finding duplicate cells in `\ShiftRightJam'.
Finding identical cells in module `\RoundingUnit'.
Computing hashes of 9 cells of `\RoundingUnit'.
Finding duplicate cells in `\RoundingUnit'.
Finding identical cells in module `\CompareRecFN_1'.
Computing hashes of 47 cells of `\CompareRecFN_1'.
Finding duplicate cells in `\CompareRecFN_1'.
Finding identical cells in module `\CompareRecFN'.
Computing hashes of 47 cells of `\CompareRecFN'.
Finding duplicate cells in `\CompareRecFN'.
Finding identical cells in module `\FPToFP'.
Computing hashes of 1 cells of `\FPToFP'.
Finding duplicate cells in `\FPToFP'.
Finding identical cells in module `\FPUpConverter'.
Computing hashes of 24 cells of `\FPUpConverter'.
Finding duplicate cells in `\FPUpConverter'.
Finding identical cells in module `\CLZ'.
Computing hashes of 9 cells of `\CLZ'.
Finding duplicate cells in `\CLZ'.
Finding identical cells in module `\Queue_2'.
Computing hashes of 31 cells of `\Queue_2'.
Finding duplicate cells in `\Queue_2'.
Finding identical cells in module `\Queue_1'.
Computing hashes of 19 cells of `\Queue_1'.
Finding duplicate cells in `\Queue_1'.
Finding identical cells in module `\YunSuanFmaPipe'.
Computing hashes of 28 cells of `\YunSuanFmaPipe'.
Finding duplicate cells in `\YunSuanFmaPipe'.
Finding identical cells in module `\Queue'.
Computing hashes of 29 cells of `\Queue'.
Finding duplicate cells in `\Queue'.
Finding identical cells in module `\FloatFMA'.
Computing hashes of 463 cells of `\FloatFMA'.
Finding duplicate cells in `\FloatFMA'.
Finding identical cells in module `\CSA_Nto2With3to2MainPipeline'.
Computing hashes of 26 cells of `\CSA_Nto2With3to2MainPipeline'.
Finding duplicate cells in `\CSA_Nto2With3to2MainPipeline'.
Finding identical cells in module `\CSA4to2'.
Computing hashes of 639 cells of `\CSA4to2'.
Finding duplicate cells in `\CSA4to2'.
Finding identical cells in module `\CSA3to2'.
Computing hashes of 7 cells of `\CSA3to2'.
Finding duplicate cells in `\CSA3to2'.
Finding identical cells in module `\BoothEncoderF64F32F16'.
Computing hashes of 307 cells of `\BoothEncoderF64F32F16'.
Finding duplicate cells in `\BoothEncoderF64F32F16'.
Removed a total of 0 cells.

4.27. Executing OPT_DFF pass (perform DFF optimizations).

4.28. Executing OPT_CLEAN pass (remove unused cells and wires).
Finding unused cells or wires in module \AecFp32Unit..
Finding unused cells or wires in module \AecResultLaneBank..
Finding unused cells or wires in module \AecWarpRequestBuffer..
Finding unused cells or wires in module \AecWarpRequestLaneBank..
Finding unused cells or wires in module \AecFpWarpRequestStage..
Finding unused cells or wires in module \AecFp32PipeUnit..
Finding unused cells or wires in module \FPToFP_7..
Finding unused cells or wires in module \FPDownConverter_1..
Finding unused cells or wires in module \ShiftRightJam_1..
Finding unused cells or wires in module \RoundingUnit_2..
Finding unused cells or wires in module \FPToFP_6..
Finding unused cells or wires in module \FPUpConverter_5..
Finding unused cells or wires in module \CLZ_5..
Finding unused cells or wires in module \FPToFP_5..
Finding unused cells or wires in module \FPDownConverter..
Finding unused cells or wires in module \ShiftRightJam..
Finding unused cells or wires in module \RoundingUnit..
Finding unused cells or wires in module \CompareRecFN_1..
Finding unused cells or wires in module \CompareRecFN..
Finding unused cells or wires in module \FPToFP..
Finding unused cells or wires in module \FPUpConverter..
Finding unused cells or wires in module \CLZ..
Finding unused cells or wires in module \Queue_2..
Finding unused cells or wires in module \Queue_1..
Finding unused cells or wires in module \YunSuanFmaPipe..
Finding unused cells or wires in module \Queue..
Finding unused cells or wires in module \FloatFMA..
Finding unused cells or wires in module \CSA_Nto2With3to2MainPipeline..
Finding unused cells or wires in module \CSA4to2..
Finding unused cells or wires in module \CSA3to2..
Finding unused cells or wires in module \BoothEncoderF64F32F16..

4.29. Executing OPT_EXPR pass (perform const folding).
Optimizing module AecFp32Unit.
Optimizing module AecResultLaneBank.
Optimizing module AecWarpRequestBuffer.
Optimizing module AecWarpRequestLaneBank.
Optimizing module AecFpWarpRequestStage.
Optimizing module AecFp32PipeUnit.
Optimizing module FPToFP_7.
Optimizing module FPDownConverter_1.
Optimizing module ShiftRightJam_1.
Optimizing module RoundingUnit_2.
Optimizing module FPToFP_6.
Optimizing module FPUpConverter_5.
Optimizing module CLZ_5.
Optimizing module FPToFP_5.
Optimizing module FPDownConverter.
Optimizing module ShiftRightJam.
Optimizing module RoundingUnit.
Optimizing module CompareRecFN_1.
Optimizing module CompareRecFN.
Optimizing module FPToFP.
Optimizing module FPUpConverter.
Optimizing module CLZ.
Optimizing module Queue_2.
Optimizing module Queue_1.
Optimizing module YunSuanFmaPipe.
Optimizing module Queue.
Optimizing module FloatFMA.
Optimizing module CSA_Nto2With3to2MainPipeline.
Optimizing module CSA4to2.
Optimizing module CSA3to2.
Optimizing module BoothEncoderF64F32F16.

4.30. Finished fast OPT passes. (There is nothing left to do.)

5. Printing statistics.

=== AecFp32Unit ===

        +----------Local Count, excluding submodules.
        | 
     1491 wires
    40246 wire bits
     1436 public wires
    40191 public wire bits
      176 ports
     8557 port bits
      210 cells
        1   $add
      113   $and
       73   $mux
        7   $not
        5   $or
        1   $reduce_bool
        3   $reduce_or
        6   $sdff
        1   $sdffe
       65 submodules
       16   AecFp32PipeUnit
       16   AecFpWarpRequestStage
       32   AecResultLaneBank
        1   AecWarpRequestBuffer

=== AecResultLaneBank ===

        +----------Local Count, excluding submodules.
        | 
       20 wires
      288 wire bits
       20 public wires
      288 public wire bits
       11 ports
      145 port bits
        9 cells
        4   $dff
        1   $sdff
        4   $sdffe

=== AecWarpRequestBuffer ===

        +----------Local Count, excluding submodules.
        | 
      448 wires
    24855 wire bits
      448 public wires
    24855 public wire bits
      211 ports
    12419 port bits
        3 cells
        3   $dffe
        8 submodules
        8   AecWarpRequestLaneBank

=== AecWarpRequestLaneBank ===

        +----------Local Count, excluding submodules.
        | 
      159 wires
     3143 wire bits
      159 public wires
     3143 public wire bits
       29 ports
     1547 port bits
       53 cells
       52   $dffe
        1   $sdff

=== AecFpWarpRequestStage ===

        +----------Local Count, excluding submodules.
        | 
       41 wires
     1031 wire bits
       32 public wires
      824 public wire bits
       22 ports
      616 port bits
       19 cells
        6   $dffe
        5   $mux
        2   $not
        2   $or
        2   $reduce_and
        2   $sdffe

=== AecFp32PipeUnit ===

        +----------Local Count, excluding submodules.
        | 
      422 wires
     5174 wire bits
      363 public wires
     5115 public wire bits
       15 ports
      280 port bits
      274 cells
        5   $add
       38   $and
       29   $eq
        2   $ge
       13   $logic_not
        2   $lt
      133   $mux
       13   $not
       19   $or
        6   $reduce_and
        7   $reduce_or
        1   $sdffe
        4   $shl
        2   $sub
       13 submodules
        1   CompareRecFN
        1   CompareRecFN_1
        5   FPToFP
        1   FPToFP_5
        1   FPToFP_6
        1   FPToFP_7
        1   Queue_1
        1   Queue_2
        1   YunSuanFmaPipe

=== FPToFP_7 ===

        +----------Local Count, excluding submodules.
        | 
        4 wires
      160 wire bits
        4 public wires
      160 public wire bits
        2 ports
       80 port bits
        1 submodules
        1   FPDownConverter_1

=== FPDownConverter_1 ===

        +----------Local Count, excluding submodules.
        | 
       56 wires
      395 wire bits
       54 public wires
      393 public wire bits
        2 ports
       80 port bits
       34 cells
        1   $add
        5   $and
        2   $gt
        1   $lt
       10   $mux
        3   $not
        6   $or
        1   $reduce_and
        3   $reduce_or
        2   $sub
        3 submodules
        2   RoundingUnit_2
        1   ShiftRightJam_1

=== ShiftRightJam_1 ===

        +----------Local Count, excluding submodules.
        | 
       12 wires
      103 wire bits
       12 public wires
      103 public wire bits
        4 ports
       30 port bits
        9 cells
        1   $and
        1   $gt
        2   $mux
        1   $or
        1   $reduce_or
        1   $shl
        1   $shr
        1   $sub

=== RoundingUnit_2 ===

        +----------Local Count, excluding submodules.
        | 
       13 wires
       31 wire bits
        8 public wires
       26 public wire bits
        5 ports
       17 port bits
        9 cells
        1   $add
        4   $and
        1   $mux
        1   $not
        1   $or
        1   $reduce_and

=== FPToFP_6 ===

        +----------Local Count, excluding submodules.
        | 
        4 wires
      192 wire bits
        4 public wires
      192 public wire bits
        2 ports
       96 port bits
        1 submodules
        1   FPUpConverter_5

=== FPUpConverter_5 ===

        +----------Local Count, excluding submodules.
        | 
       37 wires
      801 wire bits
       35 public wires
      799 public wire bits
        2 ports
       96 port bits
       23 cells
        1   $add
        4   $and
        6   $mux
        3   $not
        4   $or
        1   $reduce_and
        2   $reduce_or
        1   $shl
        1   $sub
        1 submodules
        1   CLZ_5

=== CLZ_5 ===

        +----------Local Count, excluding submodules.
        | 
       23 wires
      133 wire bits
       23 public wires
      133 public wire bits
        2 ports
       28 port bits
       22 cells
       22   $mux

=== FPToFP_5 ===

        +----------Local Count, excluding submodules.
        | 
        4 wires
       96 wire bits
        4 public wires
       96 public wire bits
        2 ports
       48 port bits
        1 submodules
        1   FPDownConverter

=== FPDownConverter ===

        +----------Local Count, excluding submodules.
        | 
       56 wires
      328 wire bits
       54 public wires
      326 public wire bits
        2 ports
       48 port bits
       34 cells
        1   $add
        5   $and
        2   $gt
        1   $lt
       10   $mux
        3   $not
        6   $or
        1   $reduce_and
        3   $reduce_or
        2   $sub
        3 submodules
        2   RoundingUnit
        1   ShiftRightJam

=== ShiftRightJam ===

        +----------Local Count, excluding submodules.
        | 
       12 wires
      118 wire bits
       12 public wires
      118 public wire bits
        4 ports
       33 port bits
        9 cells
        1   $and
        1   $gt
        2   $mux
        1   $or
        1   $reduce_or
        1   $shl
        1   $shr
        1   $sub

=== RoundingUnit ===

        +----------Local Count, excluding submodules.
        | 
       13 wires
       40 wire bits
        8 public wires
       35 public wire bits
        5 ports
       23 port bits
        9 cells
        1   $add
        4   $and
        1   $mux
        1   $not
        1   $or
        1   $reduce_and

=== CompareRecFN_1 ===

        +----------Local Count, excluding submodules.
        | 
       57 wires
      203 wire bits
       36 public wires
      182 public wire bits
        5 ports
       69 port bits
       47 cells
       20   $and
        5   $eq
        2   $logic_not
        2   $lt
       13   $not
        5   $or

=== CompareRecFN ===

        +----------Local Count, excluding submodules.
        | 
       57 wires
      133 wire bits
       36 public wires
      112 public wire bits
        5 ports
       37 port bits
       47 cells
       20   $and
        5   $eq
        2   $logic_not
        2   $lt
       13   $not
        5   $or

=== FPToFP ===

        +----------Local Count, excluding submodules.
        | 
        4 wires
       96 wire bits
        4 public wires
       96 public wire bits
        2 ports
       48 port bits
        1 submodules
        1   FPUpConverter

=== FPUpConverter ===

        +----------Local Count, excluding submodules.
        | 
       37 wires
      403 wire bits
       35 public wires
      401 public wire bits
        2 ports
       48 port bits
       23 cells
        1   $add
        4   $and
        6   $mux
        3   $not
        4   $or
        1   $reduce_and
        2   $reduce_or
        1   $shl
        1   $sub
        1 submodules
        1   CLZ

=== CLZ ===

        +----------Local Count, excluding submodules.
        | 
       10 wires
       46 wire bits
       10 public wires
       46 public wire bits
        2 ports
       14 port bits
        9 cells
        9   $mux

=== Queue_2 ===

        +----------Local Count, excluding submodules.
        | 
       70 wires
      848 wire bits
       61 public wires
      635 public wire bits
       16 ports
      296 port bits
        5 memories
      580 memory bits
       31 cells
        2   $add
        4   $and
        1   $eq
        5   $memrd
        5   $memwr_v2
        7   $mux
        1   $ne
        3   $not
        3   $sdffe

=== Queue_1 ===

        +----------Local Count, excluding submodules.
        | 
       30 wires
       81 wire bits
       25 public wires
       63 public wire bits
        8 ports
       18 port bits
        1 memories
       96 memory bits
       19 cells
        2   $add
        4   $and
        1   $eq
        1   $memrd
        1   $memwr_v2
        3   $mux
        1   $ne
        3   $not
        3   $sdffe

=== YunSuanFmaPipe ===

        +----------Local Count, excluding submodules.
        | 
       60 wires
      909 wire bits
       56 public wires
      902 public wire bits
       16 ports
      294 port bits
       26 cells
        1   $add
        2   $and
        6   $dffe
        3   $eq
        1   $lt
        5   $mux
        1   $ne
        1   $not
        1   $or
        3   $sdff
        1   $sdffe
        1   $sub
        2 submodules
        1   FloatFMA
        1   Queue

=== Queue ===

        +----------Local Count, excluding submodules.
        | 
       61 wires
      465 wire bits
       52 public wires
      376 public wire bits
       14 ports
      164 port bits
        4 memories
      632 memory bits
       29 cells
        2   $add
        4   $and
        1   $eq
        4   $memrd
        4   $memwr_v2
        6   $mux
        1   $ne
        3   $not
        1   $or
        3   $sdffe

=== FloatFMA ===

        +----------Local Count, excluding submodules.
        | 
      685 wires
    18302 wire bits
      601 public wires
    18218 public wire bits
        8 ports
      267 port bits
      460 cells
        8   $add
       35   $and
       18   $dff
       38   $dffe
        5   $eq
        2   $gt
        1   $le
        1   $logic_not
        2   $lt
      214   $mux
       32   $not
       65   $or
        5   $reduce_and
       20   $reduce_or
        2   $sdff
        1   $sdffe
        1   $shr
        5   $sub
        5   $xor
        3 submodules
        1   BoothEncoderF64F32F16
        1   CSA3to2
        1   CSA_Nto2With3to2MainPipeline

=== CSA_Nto2With3to2MainPipeline ===

        +----------Local Count, excluding submodules.
        | 
      133 wires
    14125 wire bits
      133 public wires
    14125 public wire bits
       16 ports
     1606 port bits
        4 cells
        4   $dff
       22 submodules
       19   CSA3to2
        3   CSA4to2

=== CSA4to2 ===

        +----------Local Count, excluding submodules.
        | 
      677 wires
     1807 wire bits
      569 public wires
     1699 public wire bits
        6 ports
      642 port bits
      639 cells
      212   $mux
      427   $xor

=== CSA3to2 ===

        +----------Local Count, excluding submodules.
        | 
       11 wires
     1177 wire bits
       11 public wires
     1177 public wire bits
        5 ports
      535 port bits
        7 cells
        3   $and
        2   $or
        2   $xor

=== BoothEncoderF64F32F16 ===

        +----------Local Count, excluding submodules.
        | 
      373 wires
     6817 wire bits
      304 public wires
     6748 public wire bits
       15 ports
     1497 port bits
      307 cells
       52   $and
       69   $eq
      122   $mux
       13   $not
       51   $or

=== design hierarchy ===

        +----------Count including submodules.
        | 
    59277 AecFp32Unit
      274 AecFp32PipeUnit
       47   CompareRecFN
       47   CompareRecFN_1
       23     FPUpConverter
        9       CLZ
       34     FPDownConverter
        9       RoundingUnit
        9       ShiftRightJam
       23     FPUpConverter_5
       22       CLZ_5
       34     FPDownConverter_1
        9       RoundingUnit_2
        9       ShiftRightJam_1
       19   Queue_1
       31   Queue_2
       26   YunSuanFmaPipe
      460     FloatFMA
      307       BoothEncoderF64F32F16
        7       CSA3to2
        4       CSA_Nto2With3to2MainPipeline
        7         CSA3to2
      639         CSA4to2
       29     Queue
       19 AecFpWarpRequestStage
        9 AecResultLaneBank
        3 AecWarpRequestBuffer
       53   AecWarpRequestLaneBank

        +----------Count including submodules.
        | 
    79931 wires
  1415333 wire bits
    69476 public wires
  1396910 public wire bits
     6251 ports
   341016 port bits
      160 memories
    20928 memory bits
        - processes
    59277 cells
      513   $add
     4769   $and
      480   $dff
     1219   $dffe
     1904   $eq
       32   $ge
      128   $gt
       16   $le
      288   $logic_not
      176   $lt
      160   $memrd
      160   $memwr_v2
    20265   $mux
       64   $ne
     1991   $not
     3701   $or
      400   $reduce_and
        1   $reduce_bool
      755   $reduce_or
      126   $sdff
      353   $sdffe
      192   $shl
       48   $shr
      320   $sub
    21216   $xor
       65 submodules
       16   AecFp32PipeUnit
       16   AecFpWarpRequestStage
       32   AecResultLaneBank
        1   AecWarpRequestBuffer

End of script. Logfile hash: 850f91ec23, time: 0.81s, user: 0.78s, system: 0.04s, MEM: 58.32 MB peak
Yosys 0.64+308 (git sha1 78e05dfb0, Release, GNU /usr/bin/c++ 13.3.0)
Time spent: 31% 4x opt_clean (0 sec), 19% 2x read_verilog (0 sec), ...
